,Date,pred_wind_power,pred_demand,pred_wind_speed
0,2016-01-01 00:30:00+00:00,2070.534,6795.1494,12.210919
1,2016-01-01 01:30:00+00:00,2012.5297,6685.563,11.90667
2,2016-01-01 02:30:00+00:00,2032.2745,6722.293,11.869519
3,2016-01-01 03:30:00+00:00,1843.1239,6854.823,11.372368
4,2016-01-01 04:30:00+00:00,2123.12,6741.415,12.366436
5,2016-01-01 05:30:00+00:00,2138.8306,6722.516,12.961463
6,2016-01-01 06:30:00+00:00,2120.2031,6622.4663,12.481373
7,2016-01-01 07:30:00+00:00,2128.7393,6576.647,13.256859
8,2016-01-01 08:30:00+00:00,2160.6318,6686.3174,14.457479
9,2016-01-01 09:30:00+00:00,2156.5361,6703.5996,14.214274
10,2016-01-01 10:30:00+00:00,2155.4927,6744.4004,13.898517
11,2016-01-01 11:30:00+00:00,2160.208,6787.583,14.065258
12,2016-01-01 12:30:00+00:00,2161.1895,6672.7036,14.098766
13,2016-01-01 13:30:00+00:00,2209.8306,6596.477,15.837758
14,2016-01-01 14:30:00+00:00,2211.9653,6692.7964,16.320127
15,2016-01-01 15:30:00+00:00,1495.6978,6781.776,10.370784
16,2016-01-01 16:30:00+00:00,2128.744,6699.634,12.75147
17,2016-01-01 17:30:00+00:00,1384.6404,6771.2183,9.957632
18,2016-01-01 18:30:00+00:00,1321.9832,6786.32,9.663233
19,2016-01-01 19:30:00+00:00,1119.533,6813.1733,9.170122
20,2016-01-01 20:30:00+00:00,943.1063,6973.161,8.638337
21,2016-01-01 21:30:00+00:00,1099.2405,6970.2227,9.130924
22,2016-01-01 22:30:00+00:00,924.82623,6821.751,8.663892
23,2016-01-01 23:30:00+00:00,1960.8492,6927.362,11.939916
24,2016-01-02 00:30:00+00:00,1867.3749,7053.9946,11.452208
25,2016-01-02 01:30:00+00:00,1437.1266,7008.9346,10.194022
26,2016-01-02 02:30:00+00:00,1855.715,6968.662,11.21988
27,2016-01-02 03:30:00+00:00,1266.182,6968.637,9.675497
28,2016-01-02 04:30:00+00:00,2056.5867,6925.176,12.093775
29,2016-01-02 05:30:00+00:00,1889.8048,6750.0303,11.315112
30,2016-01-02 06:30:00+00:00,1735.89,6661.651,10.944369
31,2016-01-02 07:30:00+00:00,1242.3396,6693.2153,9.912408
32,2016-01-02 08:30:00+00:00,1728.6675,6673.245,10.986501
33,2016-01-02 09:30:00+00:00,1987.4473,6783.5396,11.7557745
34,2016-01-02 10:30:00+00:00,1832.7477,6736.864,11.553421
35,2016-01-02 11:30:00+00:00,2094.1606,6743.2964,12.069918
36,2016-01-02 12:30:00+00:00,2133.4763,6648.6987,12.387157
37,2016-01-02 13:30:00+00:00,1521.2833,6572.026,10.628716
38,2016-01-02 14:30:00+00:00,1464.4652,6655.2534,10.073844
39,2016-01-02 15:30:00+00:00,1717.6354,6639.083,10.733674
40,2016-01-02 16:30:00+00:00,1303.2347,6577.2036,9.838815
41,2016-01-02 17:30:00+00:00,1258.5614,6739.229,9.661062
42,2016-01-02 18:30:00+00:00,1331.8059,6759.4185,9.902855
43,2016-01-02 19:30:00+00:00,1338.0483,6806.9204,9.996738
44,2016-01-02 20:30:00+00:00,1792.3258,6820.582,11.246904
45,2016-01-02 21:30:00+00:00,1755.7942,6818.3135,11.206454
46,2016-01-02 22:30:00+00:00,2175.4214,6835.304,12.663323
47,2016-01-02 23:30:00+00:00,2201.7708,6855.7407,14.0003195
48,2016-01-03 00:30:00+00:00,2234.6365,6827.809,15.448717
49,2016-01-03 01:30:00+00:00,2209.326,6852.173,15.917057
50,2016-01-03 02:30:00+00:00,2205.327,6921.499,16.317701
51,2016-01-03 03:30:00+00:00,2216.8826,6861.9946,17.7672
52,2016-01-03 04:30:00+00:00,2185.0557,6918.283,16.84656
53,2016-01-03 05:30:00+00:00,2167.297,6855.176,16.146862
54,2016-01-03 06:30:00+00:00,2129.3806,6949.492,14.33532
55,2016-01-03 07:30:00+00:00,2110.6982,7005.9355,13.117645
56,2016-01-03 08:30:00+00:00,2112.2166,7043.8555,12.584321
57,2016-01-03 09:30:00+00:00,2132.4585,7065.5684,12.937161
58,2016-01-03 10:30:00+00:00,2131.2,6993.7017,12.944095
59,2016-01-03 11:30:00+00:00,2174.567,6749.3506,14.544708
60,2016-01-03 12:30:00+00:00,2136.7698,6649.484,13.286449
61,2016-01-03 13:30:00+00:00,2187.6821,6623.316,14.776695
62,2016-01-03 14:30:00+00:00,2130.0203,6807.9805,13.0380945
63,2016-01-03 15:30:00+00:00,2087.7947,6895.8696,11.198371
64,2016-01-03 16:30:00+00:00,1396.1045,6881.2593,9.582567
65,2016-01-03 17:30:00+00:00,951.26025,6862.3843,8.35934
66,2016-01-03 18:30:00+00:00,713.0257,6854.185,7.5195503
67,2016-01-03 19:30:00+00:00,1238.2424,6990.275,9.278028
68,2016-01-03 20:30:00+00:00,735.4605,6920.713,7.857476
69,2016-01-03 21:30:00+00:00,1319.6044,7108.32,9.537792
70,2016-01-03 22:30:00+00:00,1339.6533,7130.0273,9.597668
71,2016-01-03 23:30:00+00:00,1868.4668,7317.455,11.169837
72,2016-01-04 00:30:00+00:00,1081.1263,7740.013,8.696656
73,2016-01-04 01:30:00+00:00,1452.864,7897.2446,10.054468
74,2016-01-04 02:30:00+00:00,1549.8334,8212.637,10.061886
75,2016-01-04 03:30:00+00:00,1240.6212,8247.569,9.290908
76,2016-01-04 04:30:00+00:00,803.43066,8233.717,8.097282
77,2016-01-04 05:30:00+00:00,592.09314,8091.241,7.234448
78,2016-01-04 06:30:00+00:00,1020.113,7820.4595,8.6982765
79,2016-01-04 07:30:00+00:00,834.5131,8517.687,8.320263
80,2016-01-04 08:30:00+00:00,599.94763,8756.924,7.7275558
81,2016-01-04 09:30:00+00:00,1304.056,8824.116,9.87443
82,2016-01-04 10:30:00+00:00,900.5583,8769.453,8.738483
83,2016-01-04 11:30:00+00:00,1565.9229,10052.823,10.640152
84,2016-01-04 12:30:00+00:00,1285.9982,13550.052,9.854312
85,2016-01-04 13:30:00+00:00,611.8388,23604.29,7.232174
86,2016-01-04 14:30:00+00:00,1005.54877,25321.73,8.67881
87,2016-01-04 15:30:00+00:00,800.17065,27422.213,8.023023
88,2016-01-04 16:30:00+00:00,810.1468,29842.457,8.23714
89,2016-01-04 17:30:00+00:00,642.9209,24439.092,7.607834
90,2016-01-04 18:30:00+00:00,599.8568,27946.883,7.4560547
91,2016-01-04 19:30:00+00:00,574.46173,29872.096,7.3184032
92,2016-01-04 20:30:00+00:00,564.1578,28786.654,7.279169
93,2016-01-04 21:30:00+00:00,424.48114,25754.021,6.7544703
94,2016-01-04 22:30:00+00:00,234.68573,20188.383,5.342712
95,2016-01-04 23:30:00+00:00,476.97318,11173.013,6.9979177
96,2016-01-05 00:30:00+00:00,268.06345,8317.826,5.6485105
97,2016-01-05 01:30:00+00:00,108.21831,8422.103,4.1432943
98,2016-01-05 02:30:00+00:00,24.428318,8577.104,3.3064134
99,2016-01-05 03:30:00+00:00,14.787818,8650.0205,2.7204936
100,2016-01-05 04:30:00+00:00,9.360449,8686.628,2.1336193
101,2016-01-05 05:30:00+00:00,47.01016,8540.303,3.730282
102,2016-01-05 06:30:00+00:00,80.81679,8734.019,3.9699323
103,2016-01-05 07:30:00+00:00,146.6408,9136.354,4.7563796
104,2016-01-05 08:30:00+00:00,445.30096,9199.287,6.808247
105,2016-01-05 09:30:00+00:00,665.856,8940.735,7.7446766
106,2016-01-05 10:30:00+00:00,699.9525,8824.635,8.0458355
107,2016-01-05 11:30:00+00:00,615.4978,10118.893,7.6911864
108,2016-01-05 12:30:00+00:00,427.28583,13497.16,6.859897
109,2016-01-05 13:30:00+00:00,701.8234,23310.754,7.983822
110,2016-01-05 14:30:00+00:00,1303.6698,25024.168,9.739408
111,2016-01-05 15:30:00+00:00,803.3046,26792.875,8.345669
112,2016-01-05 16:30:00+00:00,377.68484,29530.377,6.6348963
113,2016-01-05 17:30:00+00:00,806.29803,24375.941,8.419494
114,2016-01-05 18:30:00+00:00,1291.3206,27500.863,10.03175
115,2016-01-05 19:30:00+00:00,1504.7661,29780.701,10.703509
116,2016-01-05 20:30:00+00:00,1459.3204,28435.678,10.599118
117,2016-01-05 21:30:00+00:00,2015.8927,25267.229,12.2916565
118,2016-01-05 22:30:00+00:00,1949.3748,19105.596,12.215448
119,2016-01-05 23:30:00+00:00,2287.8303,10113.914,15.137813
120,2016-01-06 00:30:00+00:00,2228.6313,7315.033,14.703156
121,2016-01-06 01:30:00+00:00,2239.3472,7479.9907,15.635717
122,2016-01-06 02:30:00+00:00,2187.426,7352.718,14.773538
123,2016-01-06 03:30:00+00:00,2162.9102,7201.3506,14.02584
124,2016-01-06 04:30:00+00:00,2139.6665,7197.1074,13.632578
125,2016-01-06 05:30:00+00:00,2119.4744,7247.063,13.035627
126,2016-01-06 06:30:00+00:00,2111.7517,7295.6377,12.811415
127,2016-01-06 07:30:00+00:00,2071.0945,7474.8306,11.5340185
128,2016-01-06 08:30:00+00:00,1459.7245,7464.1123,10.532898
129,2016-01-06 09:30:00+00:00,1746.5933,7626.394,10.971864
130,2016-01-06 10:30:00+00:00,1886.7662,7557.0786,11.431656
131,2016-01-06 11:30:00+00:00,1765.5912,8606.765,11.289986
132,2016-01-06 12:30:00+00:00,1443.5299,12640.218,10.505251
133,2016-01-06 13:30:00+00:00,1202.1547,22366.557,9.678348
134,2016-01-06 14:30:00+00:00,1167.3887,23760.756,9.468436
135,2016-01-06 15:30:00+00:00,764.83075,25541.62,8.473854
136,2016-01-06 16:30:00+00:00,478.94336,27919.11,7.4351974
137,2016-01-06 17:30:00+00:00,950.1101,23382.322,8.946009
138,2016-01-06 18:30:00+00:00,806.14764,26733.12,8.655156
139,2016-01-06 19:30:00+00:00,812.2905,28833.111,8.674153
140,2016-01-06 20:30:00+00:00,1050.9423,27537.5,9.28554
141,2016-01-06 21:30:00+00:00,1446.0999,24522.395,10.475457
142,2016-01-06 22:30:00+00:00,1511.8402,18727.281,10.6842985
143,2016-01-06 23:30:00+00:00,1995.761,9991.617,12.010994
144,2016-01-07 00:30:00+00:00,2165.3372,7192.96,12.487707
145,2016-01-07 01:30:00+00:00,1982.6233,7291.4307,11.849629
146,2016-01-07 02:30:00+00:00,1761.4298,7286.7197,11.136007
147,2016-01-07 03:30:00+00:00,1548.0194,7185.95,10.425203
148,2016-01-07 04:30:00+00:00,1300.6622,7231.8555,9.703529
149,2016-01-07 05:30:00+00:00,1010.15497,7326.112,8.904163
150,2016-01-07 06:30:00+00:00,652.1072,7439.498,7.8629622
151,2016-01-07 07:30:00+00:00,509.04477,7439.1904,7.2923403
152,2016-01-07 08:30:00+00:00,544.6529,7371.5894,7.539989
153,2016-01-07 09:30:00+00:00,605.39874,7196.0376,8.040391
154,2016-01-07 10:30:00+00:00,299.27075,7167.067,6.5359845
155,2016-01-07 11:30:00+00:00,361.04504,8333.298,6.7864833
156,2016-01-07 12:30:00+00:00,298.27396,11776.828,6.230907
157,2016-01-07 13:30:00+00:00,337.58444,21166.357,6.56941
158,2016-01-07 14:30:00+00:00,273.54706,22374.08,6.069544
159,2016-01-07 15:30:00+00:00,161.6167,24567.703,5.178376
160,2016-01-07 16:30:00+00:00,251.57841,26743.014,5.6636853
161,2016-01-07 17:30:00+00:00,172.54451,22401.834,5.21309
162,2016-01-07 18:30:00+00:00,243.64566,25694.258,5.75447
163,2016-01-07 19:30:00+00:00,162.62456,27918.404,5.0924954
164,2016-01-07 20:30:00+00:00,107.36787,27005.973,4.450199
165,2016-01-07 21:30:00+00:00,70.42467,24506.135,3.6150396
166,2016-01-07 22:30:00+00:00,81.19446,19322.77,3.718199
167,2016-01-07 23:30:00+00:00,212.29625,10478.317,5.243131
168,2016-01-08 00:30:00+00:00,249.6402,7209.4106,5.669164
169,2016-01-08 01:30:00+00:00,350.3837,7157.662,6.446477
170,2016-01-08 02:30:00+00:00,268.02905,7134.6123,6.0306053
171,2016-01-08 03:30:00+00:00,361.5531,6948.0635,6.5557985
172,2016-01-08 04:30:00+00:00,554.6165,6997.485,7.317102
173,2016-01-08 05:30:00+00:00,525.0828,7046.4414,7.3448014
174,2016-01-08 06:30:00+00:00,761.40424,7065.966,8.297336
175,2016-01-08 07:30:00+00:00,1045.2982,7300.5195,9.179391
176,2016-01-08 08:30:00+00:00,1400.0721,7146.071,10.301734
177,2016-01-08 09:30:00+00:00,1705.6031,7027.982,11.173113
178,2016-01-08 10:30:00+00:00,1971.2155,6977.538,11.919852
179,2016-01-08 11:30:00+00:00,2213.2417,8084.824,12.547611
180,2016-01-08 12:30:00+00:00,1613.744,11570.449,11.121903
181,2016-01-08 13:30:00+00:00,1392.2479,20947.346,10.254449
182,2016-01-08 14:30:00+00:00,1294.7821,22551.21,9.796364
183,2016-01-08 15:30:00+00:00,1394.741,25744.834,10.135495
184,2016-01-08 16:30:00+00:00,1462.9973,27150.67,10.335767
185,2016-01-08 17:30:00+00:00,1247.9375,22266.086,9.889522
186,2016-01-08 18:30:00+00:00,828.0703,25698.045,8.714401
187,2016-01-08 19:30:00+00:00,1007.2801,27635.994,9.100385
188,2016-01-08 20:30:00+00:00,1242.6449,26467.97,9.823848
189,2016-01-08 21:30:00+00:00,1247.3562,23614.402,9.905479
190,2016-01-08 22:30:00+00:00,1733.7772,18270.752,11.22577
191,2016-01-08 23:30:00+00:00,2182.0986,9637.338,12.803415
192,2016-01-09 00:30:00+00:00,2206.7812,6729.3076,12.829729
193,2016-01-09 01:30:00+00:00,2207.4958,6674.8696,13.214021
194,2016-01-09 02:30:00+00:00,2171.4219,6449.5923,12.413941
195,2016-01-09 03:30:00+00:00,2156.1016,6397.121,12.739269
196,2016-01-09 04:30:00+00:00,2135.4712,6345.6304,12.596066
197,2016-01-09 05:30:00+00:00,2104.333,6350.0737,11.838763
198,2016-01-09 06:30:00+00:00,1767.3551,6293.413,11.010944
199,2016-01-09 07:30:00+00:00,2108.3926,6227.4624,11.732641
200,2016-01-09 08:30:00+00:00,1465.2045,6367.576,10.680974
201,2016-01-09 09:30:00+00:00,1594.3414,6383.6284,10.662827
202,2016-01-09 10:30:00+00:00,1999.6763,6264.7363,11.652861
203,2016-01-09 11:30:00+00:00,1593.8289,6197.4165,11.028928
204,2016-01-09 12:30:00+00:00,2178.8318,6105.3384,12.594962
205,2016-01-09 13:30:00+00:00,2061.5903,6041.029,12.820947
206,2016-01-09 14:30:00+00:00,1904.7178,6241.0386,11.001993
207,2016-01-09 15:30:00+00:00,1292.2183,6201.473,9.765806
208,2016-01-09 16:30:00+00:00,1851.367,6106.435,10.95855
209,2016-01-09 17:30:00+00:00,1835.229,6222.73,11.155744
210,2016-01-09 18:30:00+00:00,1224.587,6208.0967,9.655121
211,2016-01-09 19:30:00+00:00,1285.1592,6307.2773,9.643046
212,2016-01-09 20:30:00+00:00,1193.7778,6278.4214,9.433912
213,2016-01-09 21:30:00+00:00,953.7494,6237.33,8.7282
214,2016-01-09 22:30:00+00:00,760.7251,6245.071,8.106032
215,2016-01-09 23:30:00+00:00,1599.629,6264.2144,10.831954
216,2016-01-10 00:30:00+00:00,784.034,6377.1187,7.949457
217,2016-01-10 01:30:00+00:00,974.6888,6349.4487,8.899674
218,2016-01-10 02:30:00+00:00,474.26166,6389.225,6.9124227
219,2016-01-10 03:30:00+00:00,289.4392,6365.8535,6.316882
220,2016-01-10 04:30:00+00:00,1017.794,6371.4214,8.925545
221,2016-01-10 05:30:00+00:00,1507.7347,6279.5146,10.292736
222,2016-01-10 06:30:00+00:00,2180.1868,6366.9,13.690888
223,2016-01-10 07:30:00+00:00,2096.7083,6549.0405,12.752798
224,2016-01-10 08:30:00+00:00,2205.9812,6362.5264,14.751485
225,2016-01-10 09:30:00+00:00,2170.9446,6496.3643,14.458304
226,2016-01-10 10:30:00+00:00,2184.205,6533.5425,14.017394
227,2016-01-10 11:30:00+00:00,2152.9329,6505.602,13.012602
228,2016-01-10 12:30:00+00:00,1867.8799,6500.155,11.35997
229,2016-01-10 13:30:00+00:00,1658.3907,6472.1206,10.901921
230,2016-01-10 14:30:00+00:00,343.30908,6610.6387,4.1864142
231,2016-01-10 15:30:00+00:00,1889.2372,6762.9014,13.518218
232,2016-01-10 16:30:00+00:00,1989.7743,6891.988,13.626362
233,2016-01-10 17:30:00+00:00,2300,6934.895,15.939386
234,2016-01-10 18:30:00+00:00,2251.3323,7184.4966,17.70694
235,2016-01-10 19:30:00+00:00,2244.7695,7016.141,17.981792
236,2016-01-10 20:30:00+00:00,2211.1572,7225.714,18.69961
237,2016-01-10 21:30:00+00:00,2203.1665,7205.7227,19.065145
238,2016-01-10 22:30:00+00:00,2198.917,7232.6567,19.399887
239,2016-01-10 23:30:00+00:00,2201.178,7174.072,19.617805
240,2016-01-11 00:30:00+00:00,2197.804,7209.9395,19.333288
241,2016-01-11 01:30:00+00:00,2157.8933,7369.279,15.3580475
242,2016-01-11 02:30:00+00:00,2168.1265,7419.9287,15.774572
243,2016-01-11 03:30:00+00:00,2195.4565,7523.9585,17.584702
244,2016-01-11 04:30:00+00:00,2197.1335,7508.7314,18.205126
245,2016-01-11 05:30:00+00:00,2181.0276,7475.4404,17.653704
246,2016-01-11 06:30:00+00:00,2169.247,7271.1924,16.145554
247,2016-01-11 07:30:00+00:00,2167.7012,7585.1157,16.195612
248,2016-01-11 08:30:00+00:00,2202.876,7633.939,16.994947
249,2016-01-11 09:30:00+00:00,2182.2144,7726.5312,15.232117
250,2016-01-11 10:30:00+00:00,2157.408,7661.38,13.702838
251,2016-01-11 11:30:00+00:00,2179.2263,8616.35,15.076855
252,2016-01-11 12:30:00+00:00,2092.1665,12079.875,11.4638
253,2016-01-11 13:30:00+00:00,1981.0762,22189.432,11.015687
254,2016-01-11 14:30:00+00:00,2155.6724,23642.887,13.784559
255,2016-01-11 15:30:00+00:00,2178.307,25615.682,13.670511
256,2016-01-11 16:30:00+00:00,1948.0806,28213.57,10.663469
257,2016-01-11 17:30:00+00:00,1324.7085,23404.113,9.543334
258,2016-01-11 18:30:00+00:00,955.6409,26382.752,8.485931
259,2016-01-11 19:30:00+00:00,1807.875,28522.89,11.427912
260,2016-01-11 20:30:00+00:00,1139.0482,27462.47,9.166007
261,2016-01-11 21:30:00+00:00,1565.8663,24842.605,10.435481
262,2016-01-11 22:30:00+00:00,1893.8904,19807.264,11.30389
263,2016-01-11 23:30:00+00:00,2168.2651,11063.201,12.49812
264,2016-01-12 00:30:00+00:00,2179.835,8241.409,12.319091
265,2016-01-12 01:30:00+00:00,1310.062,8064.014,9.978903
266,2016-01-12 02:30:00+00:00,637.972,7834.9595,7.6342077
267,2016-01-12 03:30:00+00:00,973.6159,8073.3433,8.4083805
268,2016-01-12 04:30:00+00:00,816.8743,7930.2705,7.7984385
269,2016-01-12 05:30:00+00:00,1156.9325,8238.343,9.256567
270,2016-01-12 06:30:00+00:00,1799.3379,8365.032,11.173067
271,2016-01-12 07:30:00+00:00,2021.4866,8372.067,11.860789
272,2016-01-12 08:30:00+00:00,1210.3375,8074.9224,9.851601
273,2016-01-12 09:30:00+00:00,806.90015,7676.341,8.672873
274,2016-01-12 10:30:00+00:00,1733.6599,7647.0073,11.490792
275,2016-01-12 11:30:00+00:00,2218.4905,8688.981,12.827516
276,2016-01-12 12:30:00+00:00,2230.6692,12015.887,13.518767
277,2016-01-12 13:30:00+00:00,2172.8105,21891.863,12.957555
278,2016-01-12 14:30:00+00:00,1308.8732,23255.219,10.147656
279,2016-01-12 15:30:00+00:00,2026.1263,25451.043,12.224842
280,2016-01-12 16:30:00+00:00,2195.3435,28250.092,14.988619
281,2016-01-12 17:30:00+00:00,2229.0535,23564.271,14.075872
282,2016-01-12 18:30:00+00:00,2155.4353,27078.377,13.412251
283,2016-01-12 19:30:00+00:00,2103.2007,29234.162,12.02262
284,2016-01-12 20:30:00+00:00,1562.836,28072.182,10.637242
285,2016-01-12 21:30:00+00:00,841.3545,25859.1,19.681555
286,2016-01-12 22:30:00+00:00,782.7282,20424.87,23.027983
287,2016-01-12 23:30:00+00:00,649.01733,10969.304,21.428158
288,2016-01-13 00:30:00+00:00,1669.8049,7403.608,18.998964
289,2016-01-13 01:30:00+00:00,2142.0325,7233.026,19.288235
290,2016-01-13 02:30:00+00:00,2181.5745,7279.908,17.049627
291,2016-01-13 03:30:00+00:00,2147.223,7249.4243,16.454088
292,2016-01-13 04:30:00+00:00,2135.9204,7685.633,15.92323
293,2016-01-13 05:30:00+00:00,2141.8594,8088.135,15.359666
294,2016-01-13 06:30:00+00:00,2151.6926,8270.38,15.729736
295,2016-01-13 07:30:00+00:00,2146.9985,8600.733,13.683966
296,2016-01-13 08:30:00+00:00,2127.7998,8721.793,12.692618
297,2016-01-13 09:30:00+00:00,2113.176,8716.117,12.034707
298,2016-01-13 10:30:00+00:00,1634.6324,8622.177,10.677757
299,2016-01-13 11:30:00+00:00,1839.5933,10253.801,11.045961
300,2016-01-13 12:30:00+00:00,2141.5635,14108.71,11.769885
301,2016-01-13 13:30:00+00:00,1254.7141,23930.191,9.299964
302,2016-01-13 14:30:00+00:00,1532.8972,25564.705,10.174212
303,2016-01-13 15:30:00+00:00,1280.8655,27009.527,9.661829
304,2016-01-13 16:30:00+00:00,2208.2097,29448.525,13.463085
305,2016-01-13 17:30:00+00:00,2078.2996,24829.059,12.187677
306,2016-01-13 18:30:00+00:00,2241.1243,28129.635,13.643994
307,2016-01-13 19:30:00+00:00,2173.728,29892.82,13.103578
308,2016-01-13 20:30:00+00:00,1785.6711,28184.072,11.135077
309,2016-01-13 21:30:00+00:00,1702.0764,25445.787,11.020187
310,2016-01-13 22:30:00+00:00,2126.2104,19972.408,13.860457
311,2016-01-13 23:30:00+00:00,2187.9001,10581.6045,13.4393635
312,2016-01-14 00:30:00+00:00,2076.984,7562.0503,11.950503
313,2016-01-14 01:30:00+00:00,2160.5457,7542.671,12.825282
314,2016-01-14 02:30:00+00:00,2181.9304,7402.7886,14.807808
315,2016-01-14 03:30:00+00:00,2158.4258,7327.22,14.03093
316,2016-01-14 04:30:00+00:00,2122.7112,7322.0054,12.981285
317,2016-01-14 05:30:00+00:00,2107.7678,7325.728,12.633341
318,2016-01-14 06:30:00+00:00,2109.8247,7388.529,12.707132
319,2016-01-14 07:30:00+00:00,2100.9658,7585.638,12.233237
320,2016-01-14 08:30:00+00:00,2099.9058,7532.3213,11.954877
321,2016-01-14 09:30:00+00:00,1813.5094,7235.049,11.325781
322,2016-01-14 10:30:00+00:00,952.69135,7387.7183,8.707501
323,2016-01-14 11:30:00+00:00,1506.1531,8501.518,10.483887
324,2016-01-14 12:30:00+00:00,932.23553,11957.529,8.473618
325,2016-01-14 13:30:00+00:00,751.878,21769.191,8.08029
326,2016-01-14 14:30:00+00:00,1357.1974,23420.06,9.688401
327,2016-01-14 15:30:00+00:00,675.79144,26143.748,7.490685
328,2016-01-14 16:30:00+00:00,305.29068,28282.467,6.0809236
329,2016-01-14 17:30:00+00:00,546.51044,23676.633,6.9317393
330,2016-01-14 18:30:00+00:00,317.13037,27115.361,6.081147
331,2016-01-14 19:30:00+00:00,263.1432,29279.02,5.5690613
332,2016-01-14 20:30:00+00:00,162.58905,28160.652,4.343236
333,2016-01-14 21:30:00+00:00,112.079445,25417.555,3.7512677
334,2016-01-14 22:30:00+00:00,77.28703,20035.473,3.2252967
335,2016-01-14 23:30:00+00:00,68.70759,10869.023,2.8547714
336,2016-01-15 00:30:00+00:00,79.438774,7422.9014,3.2957566
337,2016-01-15 01:30:00+00:00,179.7176,7411.849,4.98756
338,2016-01-15 02:30:00+00:00,422.99966,7408.663,6.6103463
339,2016-01-15 03:30:00+00:00,786.91364,7262.8745,8.035424
340,2016-01-15 04:30:00+00:00,1214.1342,7209.5474,9.484774
341,2016-01-15 05:30:00+00:00,1350.2258,7269.2217,10.048599
342,2016-01-15 06:30:00+00:00,1333.5869,7303.488,10.149406
343,2016-01-15 07:30:00+00:00,2145.097,7282.662,12.918521
344,2016-01-15 08:30:00+00:00,2207.9495,7341.36,14.353927
345,2016-01-15 09:30:00+00:00,2240.494,7099.3857,15.107968
346,2016-01-15 10:30:00+00:00,2194.671,7261.4297,14.600015
347,2016-01-15 11:30:00+00:00,2232.3838,8360.484,15.740225
348,2016-01-15 12:30:00+00:00,2230.9783,12087.044,16.291363
349,2016-01-15 13:30:00+00:00,2241.0857,21928.332,16.917542
350,2016-01-15 14:30:00+00:00,2256.3792,23621.857,17.841667
351,2016-01-15 15:30:00+00:00,2225.6406,26006.414,16.81296
352,2016-01-15 16:30:00+00:00,2181.4355,27497.229,14.689112
353,2016-01-15 17:30:00+00:00,2171.268,23432.271,14.431382
354,2016-01-15 18:30:00+00:00,2160.4497,26753.498,13.965509
355,2016-01-15 19:30:00+00:00,2157.0308,29124.658,13.59627
356,2016-01-15 20:30:00+00:00,2148.5112,27342.709,13.104876
357,2016-01-15 21:30:00+00:00,2167.3867,24286.186,14.046933
358,2016-01-15 22:30:00+00:00,2187.034,18689.238,15.265003
359,2016-01-15 23:30:00+00:00,2199.5105,9888.825,16.278727
360,2016-01-16 00:30:00+00:00,2203.0076,6731.7847,16.394445
361,2016-01-16 01:30:00+00:00,2190.4143,6632.204,15.966565
362,2016-01-16 02:30:00+00:00,2176.6191,6641.2744,15.489418
363,2016-01-16 03:30:00+00:00,2143.1123,6503.176,14.186725
364,2016-01-16 04:30:00+00:00,2128.378,6539.9087,13.656794
365,2016-01-16 05:30:00+00:00,2129.1624,6490.6704,13.948867
366,2016-01-16 06:30:00+00:00,2113.8198,6343.5454,13.424027
367,2016-01-16 07:30:00+00:00,1854.8441,6339.4106,11.410687
368,2016-01-16 08:30:00+00:00,1535.1973,6439.5625,10.6750145
369,2016-01-16 09:30:00+00:00,2068.9812,6557.1562,11.7998905
370,2016-01-16 10:30:00+00:00,1161.9915,6729.1284,9.36045
371,2016-01-16 11:30:00+00:00,2051.999,6586.9937,12.078445
372,2016-01-16 12:30:00+00:00,2047.4667,6699.122,12.42486
373,2016-01-16 13:30:00+00:00,2194.5066,6784.6646,13.018503
374,2016-01-16 14:30:00+00:00,2154.1367,6917.9766,13.708191
375,2016-01-16 15:30:00+00:00,2172.6726,6986.638,13.473317
376,2016-01-16 16:30:00+00:00,2135.453,6988.5767,12.0506
377,2016-01-16 17:30:00+00:00,2139.4143,7166.2935,11.759298
378,2016-01-16 18:30:00+00:00,2156.7834,7411.778,12.599184
379,2016-01-16 19:30:00+00:00,2169.4775,7513.5044,13.179957
380,2016-01-16 20:30:00+00:00,2153.6345,7459.291,12.342839
381,2016-01-16 21:30:00+00:00,2153.762,7454.3076,12.900582
382,2016-01-16 22:30:00+00:00,2156.1067,7211.501,12.083089
383,2016-01-16 23:30:00+00:00,2152.3518,7254.8936,12.238254
384,2016-01-17 00:30:00+00:00,1914.017,7343.415,11.318653
385,2016-01-17 01:30:00+00:00,1112.4939,7761.593,9.177015
386,2016-01-17 02:30:00+00:00,582.91833,7698.907,7.439341
387,2016-01-17 03:30:00+00:00,836.51495,7648.341,7.839267
388,2016-01-17 04:30:00+00:00,1957.4241,7565.1704,12.451578
389,2016-01-17 05:30:00+00:00,2124.9329,7315.1113,13.72192
390,2016-01-17 06:30:00+00:00,2157.659,7362.01,13.7815695
391,2016-01-17 07:30:00+00:00,2107.4329,7795.0303,13.465621
392,2016-01-17 08:30:00+00:00,2124.0266,8310.042,12.93809
393,2016-01-17 09:30:00+00:00,2137.257,8713.443,12.486179
394,2016-01-17 10:30:00+00:00,2169.122,8848.3125,13.274318
395,2016-01-17 11:30:00+00:00,2178.4792,8837.793,13.764648
396,2016-01-17 12:30:00+00:00,2183.4346,8603.229,14.12709
397,2016-01-17 13:30:00+00:00,2162.5715,8369.112,13.519186
398,2016-01-17 14:30:00+00:00,2126.1787,8391.084,11.845872
399,2016-01-17 15:30:00+00:00,1404.018,8424.897,9.945172
400,2016-01-17 16:30:00+00:00,1206.227,8359.556,9.334258
401,2016-01-17 17:30:00+00:00,1305.8741,7980.1665,9.612383
402,2016-01-17 18:30:00+00:00,1332.1755,7872.567,9.782916
403,2016-01-17 19:30:00+00:00,1147.7861,7732.7905,9.326391
404,2016-01-17 20:30:00+00:00,1042.2657,7724.079,8.983145
405,2016-01-17 21:30:00+00:00,1153.7345,7693.2407,9.320917
406,2016-01-17 22:30:00+00:00,1563.8693,7913.785,10.629177
407,2016-01-17 23:30:00+00:00,1598.8536,8331.519,10.749165
408,2016-01-18 00:30:00+00:00,2134.7268,8566.05,12.793584
409,2016-01-18 01:30:00+00:00,1777.6312,8386.398,11.437562
410,2016-01-18 02:30:00+00:00,1291.2935,8554.143,9.890934
411,2016-01-18 03:30:00+00:00,1886.7197,8588.129,11.323681
412,2016-01-18 04:30:00+00:00,1987.0703,8382.144,11.283666
413,2016-01-18 05:30:00+00:00,1284.7778,8450.588,9.711761
414,2016-01-18 06:30:00+00:00,559.2474,8213.965,6.9884796
415,2016-01-18 07:30:00+00:00,152.44293,8348.712,4.529708
416,2016-01-18 08:30:00+00:00,145.37361,8399.111,3.281178
417,2016-01-18 09:30:00+00:00,43.30292,8170.9683,2.5197814
418,2016-01-18 10:30:00+00:00,1485.2529,7976.609,11.233022
419,2016-01-18 11:30:00+00:00,1520.6357,8890.119,10.9304285
420,2016-01-18 12:30:00+00:00,1318.5948,12357.445,10.01283
421,2016-01-18 13:30:00+00:00,1380.5499,22138.951,9.735165
422,2016-01-18 14:30:00+00:00,2186.0427,23042.354,12.402338
423,2016-01-18 15:30:00+00:00,549.7927,24745.986,4.5193076
424,2016-01-18 16:30:00+00:00,124.45653,27005.268,1.91632
425,2016-01-18 17:30:00+00:00,1048.4977,22432.094,10.675582
426,2016-01-18 18:30:00+00:00,1066.6464,25347.926,9.166978
427,2016-01-18 19:30:00+00:00,435.30707,27441.818,6.1678605
428,2016-01-18 20:30:00+00:00,88.23802,26834.979,3.6729286
429,2016-01-18 21:30:00+00:00,84.52222,24247.123,2.4925792
430,2016-01-18 22:30:00+00:00,292.48215,19086.031,5.853911
431,2016-01-18 23:30:00+00:00,496.74124,10535.9375,6.6457005
432,2016-01-19 00:30:00+00:00,527.6969,7653.1514,6.908801
433,2016-01-19 01:30:00+00:00,234.34952,7630.8843,4.945422
434,2016-01-19 02:30:00+00:00,245.24281,7708.359,5.311631
435,2016-01-19 03:30:00+00:00,197.812,7603.8604,4.758157
436,2016-01-19 04:30:00+00:00,269.92133,7734.7627,5.6421785
437,2016-01-19 05:30:00+00:00,329.2648,7538.8174,5.927015
438,2016-01-19 06:30:00+00:00,619.4301,7608.622,7.356186
439,2016-01-19 07:30:00+00:00,532.87415,7808.377,7.033718
440,2016-01-19 08:30:00+00:00,533.5945,7945.7153,7.0995073
441,2016-01-19 09:30:00+00:00,230.0184,7876.396,5.021393
442,2016-01-19 10:30:00+00:00,160.13206,7755.689,4.406892
443,2016-01-19 11:30:00+00:00,228.1034,8894.729,4.8725424
444,2016-01-19 12:30:00+00:00,119.169075,12388.582,4.2588434
445,2016-01-19 13:30:00+00:00,29.604605,21319.047,2.7073789
446,2016-01-19 14:30:00+00:00,192.54622,22609.227,4.907807
447,2016-01-19 15:30:00+00:00,816.73785,24565.236,8.279292
448,2016-01-19 16:30:00+00:00,1995.2595,26462.176,11.726344
449,2016-01-19 17:30:00+00:00,2160.3452,21893.568,12.029455
450,2016-01-19 18:30:00+00:00,2058.2292,24847.896,11.603863
451,2016-01-19 19:30:00+00:00,2234.082,26560.783,12.523069
452,2016-01-19 20:30:00+00:00,2208.2559,25553.11,12.7759285
453,2016-01-19 21:30:00+00:00,2210.6497,23212.943,12.61358
454,2016-01-19 22:30:00+00:00,2205.8867,17774.014,13.158137
455,2016-01-19 23:30:00+00:00,2217.0652,9642.371,13.680957
456,2016-01-20 00:30:00+00:00,2204.9534,6807.4917,13.255813
457,2016-01-20 01:30:00+00:00,2179.0984,6890.6836,13.156004
458,2016-01-20 02:30:00+00:00,1983.5072,6777.365,11.344485
459,2016-01-20 03:30:00+00:00,1768.742,6644.272,10.655804
460,2016-01-20 04:30:00+00:00,1428.5928,6615.699,9.99525
461,2016-01-20 05:30:00+00:00,1421.8578,6660.3667,9.827074
462,2016-01-20 06:30:00+00:00,1698.2441,6686.1357,10.532838
463,2016-01-20 07:30:00+00:00,1530.4443,6733.1562,10.4755535
464,2016-01-20 08:30:00+00:00,1165.9138,6558.6104,9.885778
465,2016-01-20 09:30:00+00:00,995.989,6735.094,9.231493
466,2016-01-20 10:30:00+00:00,880.3052,6735.5254,8.8485365
467,2016-01-20 11:30:00+00:00,589.59076,7554.782,7.851151
468,2016-01-20 12:30:00+00:00,671.7781,10663.096,8.130021
469,2016-01-20 13:30:00+00:00,1353.7507,18802.885,9.999532
470,2016-01-20 14:30:00+00:00,1146.394,20446.047,9.618563
471,2016-01-20 15:30:00+00:00,490.27246,22070.219,6.926942
472,2016-01-20 16:30:00+00:00,370.16684,24648.98,6.169383
473,2016-01-20 17:30:00+00:00,405.69073,20469.02,6.51557
474,2016-01-20 18:30:00+00:00,312.38373,23606.684,6.4349613
475,2016-01-20 19:30:00+00:00,200.27055,25764.945,5.5403924
476,2016-01-20 20:30:00+00:00,400.534,25429.084,6.590886
477,2016-01-20 21:30:00+00:00,353.36618,23109.912,6.425322
478,2016-01-20 22:30:00+00:00,548.876,18159.342,7.3892198
479,2016-01-20 23:30:00+00:00,470.24127,9615.353,7.024835
480,2016-01-21 00:30:00+00:00,234.55844,6922.01,5.5864105
481,2016-01-21 01:30:00+00:00,484.2337,6937.2656,6.987346
482,2016-01-21 02:30:00+00:00,234.41113,6978.5337,5.478699
483,2016-01-21 03:30:00+00:00,77.14458,7036.242,3.9700425
484,2016-01-21 04:30:00+00:00,11.194808,7316.0713,3.2666216
485,2016-01-21 05:30:00+00:00,31.550367,7541.4653,2.7658546
486,2016-01-21 06:30:00+00:00,21.749239,7654.5225,2.4814239
487,2016-01-21 07:30:00+00:00,30.246138,7757.5527,2.4512808
488,2016-01-21 08:30:00+00:00,188.92715,7650.322,5.324809
489,2016-01-21 09:30:00+00:00,381.27106,7595.1895,6.2738743
490,2016-01-21 10:30:00+00:00,238.05576,7449.7017,5.527825
491,2016-01-21 11:30:00+00:00,164.65306,8757.952,4.8296456
492,2016-01-21 12:30:00+00:00,51.23084,11865.435,3.3615093
493,2016-01-21 13:30:00+00:00,0,20861.527,2.149671
494,2016-01-21 14:30:00+00:00,0,21834.861,1.5271977
495,2016-01-21 15:30:00+00:00,0.66559243,23772.57,1.3791575
496,2016-01-21 16:30:00+00:00,63.410797,26171.463,3.4012094
497,2016-01-21 17:30:00+00:00,21.624668,21002.752,2.4605522
498,2016-01-21 18:30:00+00:00,72.68406,23903.51,3.5143862
499,2016-01-21 19:30:00+00:00,35.44871,26174.19,2.3894856
500,2016-01-21 20:30:00+00:00,934.22833,25642.307,8.92916
501,2016-01-21 21:30:00+00:00,575.0657,22963.63,7.602494
502,2016-01-21 22:30:00+00:00,457.4322,17785.938,7.038684
503,2016-01-21 23:30:00+00:00,496.8812,9766.769,6.8304825
504,2016-01-22 00:30:00+00:00,883.3459,7211.62,8.54289
505,2016-01-22 01:30:00+00:00,308.89108,7244.806,6.09663
506,2016-01-22 02:30:00+00:00,189.9709,7393.226,5.429715
507,2016-01-22 03:30:00+00:00,76.52601,7433.349,4.018531
508,2016-01-22 04:30:00+00:00,35.69327,7607.261,3.6712306
509,2016-01-22 05:30:00+00:00,62.3406,7741.2056,3.7357965
510,2016-01-22 06:30:00+00:00,194.64052,7698.0967,5.3711147
511,2016-01-22 07:30:00+00:00,223.69353,7796.18,5.5235286
512,2016-01-22 08:30:00+00:00,209.91608,7592.7095,5.3540583
513,2016-01-22 09:30:00+00:00,126.53347,7549.7153,4.191815
514,2016-01-22 10:30:00+00:00,223.55766,7711.781,5.0977736
515,2016-01-22 11:30:00+00:00,108.35535,8920.469,3.9458816
516,2016-01-22 12:30:00+00:00,70.01007,12161.002,3.6309907
517,2016-01-22 13:30:00+00:00,130.62581,20165.521,4.2447944
518,2016-01-22 14:30:00+00:00,182.14503,21610.234,5.0135593
519,2016-01-22 15:30:00+00:00,524.7157,23783.219,7.211776
520,2016-01-22 16:30:00+00:00,706.3011,26120.908,7.951859
521,2016-01-22 17:30:00+00:00,301.40305,22032.762,5.8733673
522,2016-01-22 18:30:00+00:00,184.36626,24735.512,5.0603747
523,2016-01-22 19:30:00+00:00,176.2338,26911.174,4.8230047
524,2016-01-22 20:30:00+00:00,132.4886,25813.76,4.682869
525,2016-01-22 21:30:00+00:00,305.23123,23151.02,6.0166035
526,2016-01-22 22:30:00+00:00,734.0858,17857.363,7.887376
527,2016-01-22 23:30:00+00:00,1225.7139,10083.363,9.194449
528,2016-01-23 00:30:00+00:00,964.9026,7572.0522,8.797754
529,2016-01-23 01:30:00+00:00,829.87775,7682.911,8.40988
530,2016-01-23 02:30:00+00:00,1105.1896,7511.435,9.132007
531,2016-01-23 03:30:00+00:00,1648.3384,7618.049,10.618864
532,2016-01-23 04:30:00+00:00,1564.0891,7665.3774,10.488838
533,2016-01-23 05:30:00+00:00,1178.6769,7562.178,9.696318
534,2016-01-23 06:30:00+00:00,1304.9457,7477.2725,9.810456
535,2016-01-23 07:30:00+00:00,1458.1997,7513.4106,10.136994
536,2016-01-23 08:30:00+00:00,1672.2147,7435.083,10.7540865
537,2016-01-23 09:30:00+00:00,1791.8484,7275.765,11.233861
538,2016-01-23 10:30:00+00:00,1511.8752,7509.43,10.677788
539,2016-01-23 11:30:00+00:00,1374.5004,7650.925,10.270227
540,2016-01-23 12:30:00+00:00,1375.9155,7682.3545,9.994009
541,2016-01-23 13:30:00+00:00,1547.6151,7507.7617,10.259129
542,2016-01-23 14:30:00+00:00,1301.272,7412.4067,9.763764
543,2016-01-23 15:30:00+00:00,793.9728,7212.588,8.39428
544,2016-01-23 16:30:00+00:00,279.77725,7014.7783,5.8881474
545,2016-01-23 17:30:00+00:00,563.916,6843.525,7.331262
546,2016-01-23 18:30:00+00:00,909.86334,6839.863,8.83397
547,2016-01-23 19:30:00+00:00,1175.2898,6706.1445,9.531291
548,2016-01-23 20:30:00+00:00,592.7191,6529.9917,7.362863
549,2016-01-23 21:30:00+00:00,599.55334,6508.8594,7.564879
550,2016-01-23 22:30:00+00:00,783.1139,6529.3745,8.044782
551,2016-01-23 23:30:00+00:00,614.55695,7032.5957,7.4552655
552,2016-01-24 00:30:00+00:00,316.62335,7191.502,6.119577
553,2016-01-24 01:30:00+00:00,183.02164,7446.963,5.299206
554,2016-01-24 02:30:00+00:00,123.055405,7596.471,4.657732
555,2016-01-24 03:30:00+00:00,59.667553,7822.902,3.6871212
556,2016-01-24 04:30:00+00:00,25.8485,7782.1787,3.0044851
557,2016-01-24 05:30:00+00:00,17.403894,7881.0244,2.4600036
558,2016-01-24 06:30:00+00:00,17.728859,7975.283,2.1038527
559,2016-01-24 07:30:00+00:00,38.894257,7928.143,2.3158371
560,2016-01-24 08:30:00+00:00,50.211227,7946.311,2.2897027
561,2016-01-24 09:30:00+00:00,181.96161,7830.464,4.714417
562,2016-01-24 10:30:00+00:00,371.55948,7643.3726,6.1200366
563,2016-01-24 11:30:00+00:00,768.9903,7570.4556,8.040788
564,2016-01-24 12:30:00+00:00,885.5275,6959.5117,8.522706
565,2016-01-24 13:30:00+00:00,718.8816,7022.8936,7.9508123
566,2016-01-24 14:30:00+00:00,653.71466,6697.1313,7.720908
567,2016-01-24 15:30:00+00:00,483.49182,6710.2666,7.049384
568,2016-01-24 16:30:00+00:00,1050.2314,6322.2593,9.184848
569,2016-01-24 17:30:00+00:00,1291.9592,6435.293,9.8634205
570,2016-01-24 18:30:00+00:00,1296.7631,6432.687,9.891257
571,2016-01-24 19:30:00+00:00,1713.3148,6333.2417,11.014791
572,2016-01-24 20:30:00+00:00,1623.4719,6459.334,10.843459
573,2016-01-24 21:30:00+00:00,1436.4576,6439.0474,10.298605
574,2016-01-24 22:30:00+00:00,1742.5277,6445.3726,11.210337
575,2016-01-24 23:30:00+00:00,1278.036,6584.5312,9.938462
576,2016-01-25 00:30:00+00:00,742.8105,6743.694,8.272225
577,2016-01-25 01:30:00+00:00,806.3988,6868.521,8.055392
578,2016-01-25 02:30:00+00:00,1025.614,6873.4946,8.692732
579,2016-01-25 03:30:00+00:00,796.77545,6926.382,8.182378
580,2016-01-25 04:30:00+00:00,862.0447,6967.1284,8.353272
581,2016-01-25 05:30:00+00:00,531.2333,7308.678,7.2295523
582,2016-01-25 06:30:00+00:00,284.2595,8092.359,6.171335
583,2016-01-25 07:30:00+00:00,317.44992,8962.406,6.0186057
584,2016-01-25 08:30:00+00:00,442.71887,8831.767,6.8179092
585,2016-01-25 09:30:00+00:00,542.6325,8564.97,7.48376
586,2016-01-25 10:30:00+00:00,534.46155,8536.5625,7.584839
587,2016-01-25 11:30:00+00:00,770.19183,9660.562,8.2932205
588,2016-01-25 12:30:00+00:00,1657.3618,13499.674,10.801416
589,2016-01-25 13:30:00+00:00,1432.7595,24173.158,10.331395
590,2016-01-25 14:30:00+00:00,2016.9979,26147.088,11.482446
591,2016-01-25 15:30:00+00:00,2217.8525,28758.488,12.911429
592,2016-01-25 16:30:00+00:00,2223.956,31578.643,12.751907
593,2016-01-25 17:30:00+00:00,2082.1052,26916.13,11.8116455
594,2016-01-25 18:30:00+00:00,2216.1028,31187.725,13.156196
595,2016-01-25 19:30:00+00:00,2212.6055,33773.723,14.117684
596,2016-01-25 20:30:00+00:00,2224.314,32364.389,14.361226
597,2016-01-25 21:30:00+00:00,2221.6428,29300.39,14.824075
598,2016-01-25 22:30:00+00:00,2224.4524,23129.324,15.401605
599,2016-01-25 23:30:00+00:00,2236.7063,12528.474,16.366674
600,2016-01-26 00:30:00+00:00,2251.4954,8525.65,17.490389
601,2016-01-26 01:30:00+00:00,2240.2908,8286.823,17.32933
602,2016-01-26 02:30:00+00:00,2229.6777,8241.425,17.055628
603,2016-01-26 03:30:00+00:00,2232.1885,7937.2075,17.892166
604,2016-01-26 04:30:00+00:00,2219.2224,7704.07,18.22666
605,2016-01-26 05:30:00+00:00,2211.312,7737.218,18.068977
606,2016-01-26 06:30:00+00:00,2196.701,7668.4956,17.786858
607,2016-01-26 07:30:00+00:00,2194.1343,7720.8784,17.643091
608,2016-01-26 08:30:00+00:00,2216.735,7644.888,18.342834
609,2016-01-26 09:30:00+00:00,2226.6958,7680.0654,18.605179
610,2016-01-26 10:30:00+00:00,2227.7205,7951.862,18.399406
611,2016-01-26 11:30:00+00:00,2221.1753,9209.152,17.927649
612,2016-01-26 12:30:00+00:00,950.3196,13496.682,19.74042
613,2016-01-26 13:30:00+00:00,802.6787,25029.85,20.249207
614,2016-01-26 14:30:00+00:00,774.3157,27289.643,19.390606
615,2016-01-26 15:30:00+00:00,593.9363,30117.184,20.461683
616,2016-01-26 16:30:00+00:00,451.04102,32514.273,19.465982
617,2016-01-26 17:30:00+00:00,1936.8472,27420.49,18.372068
618,2016-01-26 18:30:00+00:00,2124.9297,31496.115,17.3081
619,2016-01-26 19:30:00+00:00,2216.956,33607.08,15.95551
620,2016-01-26 20:30:00+00:00,2134.8433,32112.55,14.142026
621,2016-01-26 21:30:00+00:00,2140.8833,29262.045,12.937295
622,2016-01-26 22:30:00+00:00,2202.604,22612.926,16.775904
623,2016-01-26 23:30:00+00:00,2022.1388,12218.717,11.309053
624,2016-01-27 00:30:00+00:00,1685.2653,8350.993,10.126142
625,2016-01-27 01:30:00+00:00,1010.1283,8332.63,8.551904
626,2016-01-27 02:30:00+00:00,829.9571,8549.339,7.7332273
627,2016-01-27 03:30:00+00:00,391.49384,8750.828,6.2202377
628,2016-01-27 04:30:00+00:00,241.05031,8828.871,5.497247
629,2016-01-27 05:30:00+00:00,216.63318,8894.491,5.307411
630,2016-01-27 06:30:00+00:00,122.09983,8700.65,4.755811
631,2016-01-27 07:30:00+00:00,225.90854,8805.507,5.6600065
632,2016-01-27 08:30:00+00:00,123.485,8775.73,4.5282187
633,2016-01-27 09:30:00+00:00,50.148613,8814.585,3.6499453
634,2016-01-27 10:30:00+00:00,85.4855,8825.808,3.5097022
635,2016-01-27 11:30:00+00:00,43.08729,10248.897,2.9225874
636,2016-01-27 12:30:00+00:00,0,14618.856,1.6333886
637,2016-01-27 13:30:00+00:00,13.494024,25882.379,1.5387487
638,2016-01-27 14:30:00+00:00,30.698837,27232.203,2.1025538
639,2016-01-27 15:30:00+00:00,160.49402,29580.45,4.8686433
640,2016-01-27 16:30:00+00:00,488.13812,32315.453,6.7165895
641,2016-01-27 17:30:00+00:00,576.9705,26792.352,7.1357236
642,2016-01-27 18:30:00+00:00,726.72675,31082.602,7.7414274
643,2016-01-27 19:30:00+00:00,300.30597,34225.48,5.677519
644,2016-01-27 20:30:00+00:00,1061.0565,32589.758,9.199327
645,2016-01-27 21:30:00+00:00,708.2417,29342.506,8.175635
646,2016-01-27 22:30:00+00:00,865.5223,23119.46,8.6547165
647,2016-01-27 23:30:00+00:00,1362.3208,12505.353,10.008885
648,2016-01-28 00:30:00+00:00,1116.7198,8713.221,9.644248
649,2016-01-28 01:30:00+00:00,2197.4858,8543.136,13.454979
650,2016-01-28 02:30:00+00:00,2190.3796,8819.417,15.051426
651,2016-01-28 03:30:00+00:00,2261.7542,8660.56,16.02125
652,2016-01-28 04:30:00+00:00,2172.1816,8618.529,15.618006
653,2016-01-28 05:30:00+00:00,2177.789,8450.474,15.893296
654,2016-01-28 06:30:00+00:00,2188.602,8502.638,16.778208
655,2016-01-28 07:30:00+00:00,2186.3813,8606.275,16.468103
656,2016-01-28 08:30:00+00:00,2171.1162,8704.854,15.527775
657,2016-01-28 09:30:00+00:00,2170.1936,8569.891,15.160187
658,2016-01-28 10:30:00+00:00,2190.9287,8554.413,15.608122
659,2016-01-28 11:30:00+00:00,2251.7974,9862.624,17.5598
660,2016-01-28 12:30:00+00:00,2256.5295,14058.31,18.060991
661,2016-01-28 13:30:00+00:00,2246.3867,25335.848,17.729544
662,2016-01-28 14:30:00+00:00,2212.4805,27286.104,16.450308
663,2016-01-28 15:30:00+00:00,2223.1926,29713.799,16.673883
664,2016-01-28 16:30:00+00:00,2236.7,32652.703,17.401186
665,2016-01-28 17:30:00+00:00,2216.8718,27442.781,16.68999
666,2016-01-28 18:30:00+00:00,2184.3374,31564.42,15.46071
667,2016-01-28 19:30:00+00:00,2170.5864,34152.234,14.612577
668,2016-01-28 20:30:00+00:00,2171.6143,32664.914,14.6163025
669,2016-01-28 21:30:00+00:00,2173.2515,29581.738,14.385176
670,2016-01-28 22:30:00+00:00,2143.1106,23002.723,13.181422
671,2016-01-28 23:30:00+00:00,2153.6213,12301.438,13.548537
672,2016-01-29 00:30:00+00:00,2180.3975,8378.19,14.262518
673,2016-01-29 01:30:00+00:00,2169.9824,8308.341,13.9809
674,2016-01-29 02:30:00+00:00,2190.8374,8506.861,15.425704
675,2016-01-29 03:30:00+00:00,2151.455,8529.733,13.770294
676,2016-01-29 04:30:00+00:00,2150.2632,8452.249,14.4153595
677,2016-01-29 05:30:00+00:00,2089.8545,8582.879,12.57516
678,2016-01-29 06:30:00+00:00,2069.2869,8663.798,11.436643
679,2016-01-29 07:30:00+00:00,1809.7723,8981.361,10.966387
680,2016-01-29 08:30:00+00:00,2115.0005,9271.501,11.969572
681,2016-01-29 09:30:00+00:00,2124.7993,9507.751,12.83412
682,2016-01-29 10:30:00+00:00,2154.2878,9549.154,13.232218
683,2016-01-29 11:30:00+00:00,2167.7644,11339.011,14.014285
684,2016-01-29 12:30:00+00:00,2153.6116,16231.156,13.292434
685,2016-01-29 13:30:00+00:00,1837.2385,27493.596,10.805333
686,2016-01-29 14:30:00+00:00,1462.0227,28941.945,9.943282
687,2016-01-29 15:30:00+00:00,2069.7607,31196.805,11.61278
688,2016-01-29 16:30:00+00:00,2080.1958,32992.543,11.635386
689,2016-01-29 17:30:00+00:00,1532.354,28365.754,10.281511
690,2016-01-29 18:30:00+00:00,1770.5685,32559.678,10.821509
691,2016-01-29 19:30:00+00:00,1468.0851,34599.1,10.140529
692,2016-01-29 20:30:00+00:00,1177.7067,33092.45,9.166338
693,2016-01-29 21:30:00+00:00,1013.3477,29675.555,8.650513
694,2016-01-29 22:30:00+00:00,581.2799,23230.68,7.2729635
695,2016-01-29 23:30:00+00:00,654.5774,13312.423,7.4178624
696,2016-01-30 00:30:00+00:00,555.03827,9361.686,7.1017075
697,2016-01-30 01:30:00+00:00,352.39072,9426.653,6.395865
698,2016-01-30 02:30:00+00:00,123.93061,9773.035,4.3366146
699,2016-01-30 03:30:00+00:00,10.825897,9892.227,2.7822533
700,2016-01-30 04:30:00+00:00,289.67838,10123.581,6.064673
701,2016-01-30 05:30:00+00:00,148.66129,10191.173,4.3710737
702,2016-01-30 06:30:00+00:00,1095.2524,9983.914,9.590506
703,2016-01-30 07:30:00+00:00,912.05133,9758.832,8.664111
704,2016-01-30 08:30:00+00:00,1814.6575,9423.432,11.44263
705,2016-01-30 09:30:00+00:00,2203.8982,9160.558,12.563059
706,2016-01-30 10:30:00+00:00,2271.5308,9006.534,14.436727
707,2016-01-30 11:30:00+00:00,2290.7092,8766.884,16.579718
708,2016-01-30 12:30:00+00:00,2300,8678.4,18.956854
709,2016-01-30 13:30:00+00:00,1082.7234,8660.285,20.87719
710,2016-01-30 14:30:00+00:00,849.5455,8630.232,20.481619
711,2016-01-30 15:30:00+00:00,2027.6624,8522.893,19.617584
712,2016-01-30 16:30:00+00:00,2300,8552.508,19.857815
713,2016-01-30 17:30:00+00:00,2259.4106,8468.252,17.07953
714,2016-01-30 18:30:00+00:00,2198.5063,8477.551,16.666647
715,2016-01-30 19:30:00+00:00,2156.624,8380.538,14.594085
716,2016-01-30 20:30:00+00:00,2150.847,8166.3286,13.671583
717,2016-01-30 21:30:00+00:00,2110.9944,8004.3574,11.601333
718,2016-01-30 22:30:00+00:00,2101.4658,7877.3813,11.686594
719,2016-01-30 23:30:00+00:00,1823.0021,7814.041,10.995822
720,2016-01-31 00:30:00+00:00,1748.935,7838.4443,10.711183
721,2016-01-31 01:30:00+00:00,1518.4994,7721.3745,10.134032
722,2016-01-31 02:30:00+00:00,1509.7867,7739.414,9.957776
723,2016-01-31 03:30:00+00:00,1573.0763,7853.964,10.074256
724,2016-01-31 04:30:00+00:00,1470.8595,7848.3857,9.946777
725,2016-01-31 05:30:00+00:00,1578.6885,7902.552,10.168003
726,2016-01-31 06:30:00+00:00,1412.661,8165.2773,9.994736
727,2016-01-31 07:30:00+00:00,840.28174,8207.566,8.57257
728,2016-01-31 08:30:00+00:00,775.16504,8298.649,8.131872
729,2016-01-31 09:30:00+00:00,621.6256,8188.842,7.5564623
730,2016-01-31 10:30:00+00:00,557.928,8269.177,7.5579796
731,2016-01-31 11:30:00+00:00,501.36765,8419.459,7.437779
732,2016-01-31 12:30:00+00:00,642.8704,8181.343,7.912484
733,2016-01-31 13:30:00+00:00,1375.6511,7877.5054,9.951668
734,2016-01-31 14:30:00+00:00,2064.1028,7756.982,11.774128
735,2016-01-31 15:30:00+00:00,1977.4608,7941.692,11.598372
736,2016-01-31 16:30:00+00:00,2120.4568,7714.9727,11.735049
737,2016-01-31 17:30:00+00:00,2082.4756,7661.5596,11.848297
738,2016-01-31 18:30:00+00:00,1192.0868,7636.343,9.622594
739,2016-01-31 19:30:00+00:00,2013.065,7586.7393,12.248017
740,2016-01-31 20:30:00+00:00,2128.712,7767.678,12.658564
741,2016-01-31 21:30:00+00:00,2277.882,7778.362,15.242282
742,2016-01-31 22:30:00+00:00,2178.1714,7716.438,13.608247
743,2016-01-31 23:30:00+00:00,2192.4365,7725.8022,13.888896
744,2016-02-01 00:30:00+00:00,2204.9626,7581.81,15.454032
745,2016-02-01 01:30:00+00:00,2224.2607,7605.5786,16.541876
746,2016-02-01 02:30:00+00:00,2201.7395,7524.123,16.091606
747,2016-02-01 03:30:00+00:00,2167.23,7390.702,15.022141
748,2016-02-01 04:30:00+00:00,2118.9968,7482.6646,13.338066
749,2016-02-01 05:30:00+00:00,1701.2401,7563.995,10.734446
750,2016-02-01 06:30:00+00:00,1244.6681,7193.4043,9.578469
751,2016-02-01 07:30:00+00:00,2076.3357,7221.8047,11.655169
752,2016-02-01 08:30:00+00:00,2094.342,7122.134,13.629455
753,2016-02-01 09:30:00+00:00,2175.917,7034.8574,14.40675
754,2016-02-01 10:30:00+00:00,2098.0525,7423.6055,13.438891
755,2016-02-01 11:30:00+00:00,2097.839,8626.6875,11.840142
756,2016-02-01 12:30:00+00:00,2099.688,12227.507,11.4073715
757,2016-02-01 13:30:00+00:00,1368.2186,22492.215,9.865183
758,2016-02-01 14:30:00+00:00,1441.262,23612.322,9.75863
759,2016-02-01 15:30:00+00:00,764.30115,25134.705,7.8838286
760,2016-02-01 16:30:00+00:00,1287.2092,28371.16,9.420684
761,2016-02-01 17:30:00+00:00,602.8126,23260.354,7.33612
762,2016-02-01 18:30:00+00:00,300.6483,26546.16,6.0828867
763,2016-02-01 19:30:00+00:00,548.1061,29020.05,6.919879
764,2016-02-01 20:30:00+00:00,694.8058,27782.693,7.6704865
765,2016-02-01 21:30:00+00:00,401.8034,25289.549,6.6578584
766,2016-02-01 22:30:00+00:00,365.40857,19384.207,6.2961774
767,2016-02-01 23:30:00+00:00,356.61118,10059.891,6.0983176
768,2016-02-02 00:30:00+00:00,225.81778,7015.691,5.462119
769,2016-02-02 01:30:00+00:00,239.58603,7162.3384,5.5152698
770,2016-02-02 02:30:00+00:00,364.9271,7105.2637,6.278596
771,2016-02-02 03:30:00+00:00,461.4835,6987.804,6.8334017
772,2016-02-02 04:30:00+00:00,173.15378,7084.153,4.988812
773,2016-02-02 05:30:00+00:00,64.19161,7005.395,4.237234
774,2016-02-02 06:30:00+00:00,174.42293,7163.4365,4.793397
775,2016-02-02 07:30:00+00:00,78.672966,7387.7197,3.9023352
776,2016-02-02 08:30:00+00:00,94.4167,7258.6646,4.2972684
777,2016-02-02 09:30:00+00:00,258.7732,7000.6104,5.71685
778,2016-02-02 10:30:00+00:00,156.9257,7187.872,5.091419
779,2016-02-02 11:30:00+00:00,77.33661,8343.363,4.049391
780,2016-02-02 12:30:00+00:00,138.66151,11723.202,4.4235144
781,2016-02-02 13:30:00+00:00,170.4668,21181.871,4.9972773
782,2016-02-02 14:30:00+00:00,274.01413,22868.746,5.911624
783,2016-02-02 15:30:00+00:00,95.86208,25417.389,4.157885
784,2016-02-02 16:30:00+00:00,159.4733,28022.715,4.7851295
785,2016-02-02 17:30:00+00:00,184.30789,22897.771,5.1868105
786,2016-02-02 18:30:00+00:00,426.6744,26319.27,6.8027377
787,2016-02-02 19:30:00+00:00,690.5519,28736.908,7.975618
788,2016-02-02 20:30:00+00:00,910.77,27724.227,8.826746
789,2016-02-02 21:30:00+00:00,1303.5812,24786.322,9.976114
790,2016-02-02 22:30:00+00:00,2300,19253.893,13.242655
791,2016-02-02 23:30:00+00:00,2300,10331.776,16.928745
792,2016-02-03 00:30:00+00:00,2300,6984.8193,16.114086
793,2016-02-03 01:30:00+00:00,2232.4976,7055.224,15.82155
794,2016-02-03 02:30:00+00:00,2250.0122,6907.7925,17.33378
795,2016-02-03 03:30:00+00:00,2260.133,6800.145,19.361032
796,2016-02-03 04:30:00+00:00,940.65894,6806.609,20.595882
797,2016-02-03 05:30:00+00:00,842.7139,6628.775,22.638704
798,2016-02-03 06:30:00+00:00,987.83594,6523.028,24.040627
799,2016-02-03 07:30:00+00:00,782.5024,6497.5615,22.658577
800,2016-02-03 08:30:00+00:00,717.18335,6479.743,22.753935
801,2016-02-03 09:30:00+00:00,612.12854,6334.698,21.303082
802,2016-02-03 10:30:00+00:00,594.1388,6311.078,21.26445
803,2016-02-03 11:30:00+00:00,547.4027,7475.237,20.804754
804,2016-02-03 12:30:00+00:00,506.63376,11024.732,20.090162
805,2016-02-03 13:30:00+00:00,488.90775,19966.717,19.462133
806,2016-02-03 14:30:00+00:00,2043.9984,22451.488,17.525778
807,2016-02-03 15:30:00+00:00,2068.1006,24678.576,14.961053
808,2016-02-03 16:30:00+00:00,2147.496,27280.422,10.866349
809,2016-02-03 17:30:00+00:00,1743.159,22577.357,10.306233
810,2016-02-03 18:30:00+00:00,1239.914,25809.129,9.191661
811,2016-02-03 19:30:00+00:00,806.14465,28116.008,7.7971067
812,2016-02-03 20:30:00+00:00,2023.161,26939.898,13.863193
813,2016-02-03 21:30:00+00:00,2163.8904,24378.22,14.616976
814,2016-02-03 22:30:00+00:00,2300,18971.291,17.883238
815,2016-02-03 23:30:00+00:00,2204.903,10115.15,17.212948
816,2016-02-04 00:30:00+00:00,2191.7644,6675.2466,15.22873
817,2016-02-04 01:30:00+00:00,2208.893,6594.255,16.519732
818,2016-02-04 02:30:00+00:00,2198.19,6718.332,16.166708
819,2016-02-04 03:30:00+00:00,2136.6465,6856.3413,13.37475
820,2016-02-04 04:30:00+00:00,2127.5493,7029.5845,13.703751
821,2016-02-04 05:30:00+00:00,2111.9563,6943.582,13.40875
822,2016-02-04 06:30:00+00:00,2117.1753,6851.4517,13.384502
823,2016-02-04 07:30:00+00:00,2081.7415,7000.714,11.681777
824,2016-02-04 08:30:00+00:00,1930.7631,7051.1157,11.096448
825,2016-02-04 09:30:00+00:00,2057.2517,6916.3477,11.358333
826,2016-02-04 10:30:00+00:00,1436.6814,7050.972,10.334236
827,2016-02-04 11:30:00+00:00,894.8176,8371.366,8.676775
828,2016-02-04 12:30:00+00:00,744.65204,11811.229,7.7153783
829,2016-02-04 13:30:00+00:00,667.0198,21198.512,7.611843
830,2016-02-04 14:30:00+00:00,212.97307,22487.414,5.285475
831,2016-02-04 15:30:00+00:00,264.5094,24565.838,5.4632707
832,2016-02-04 16:30:00+00:00,83.07971,26810.455,4.1145196
833,2016-02-04 17:30:00+00:00,32.493473,22145.111,3.6817167
834,2016-02-04 18:30:00+00:00,61.69199,25476.611,3.4645388
835,2016-02-04 19:30:00+00:00,43.685677,27787.766,3.1545084
836,2016-02-04 20:30:00+00:00,57.809788,26686.709,3.3158948
837,2016-02-04 21:30:00+00:00,126.42852,24230.908,3.9614513
838,2016-02-04 22:30:00+00:00,71.93902,18983.086,3.5107064
839,2016-02-04 23:30:00+00:00,64.441055,10382.038,3.0126438
840,2016-02-05 00:30:00+00:00,148.64949,7332.7275,4.5634313
841,2016-02-05 01:30:00+00:00,48.226738,7289.8633,2.8943949
842,2016-02-05 02:30:00+00:00,21.896065,7276.752,2.8588002
843,2016-02-05 03:30:00+00:00,13.508856,7154.617,2.6097043
844,2016-02-05 04:30:00+00:00,0.49608833,7234.7627,1.9811758
845,2016-02-05 05:30:00+00:00,25.740831,7246.2734,2.558759
846,2016-02-05 06:30:00+00:00,84.9095,7207.596,3.934874
847,2016-02-05 07:30:00+00:00,194.45836,7454.475,5.198247
848,2016-02-05 08:30:00+00:00,162.18791,7152.722,4.809501
849,2016-02-05 09:30:00+00:00,198.20596,7143.278,5.080089
850,2016-02-05 10:30:00+00:00,162.27193,7047.0166,4.654178
851,2016-02-05 11:30:00+00:00,248.82896,8386.368,5.618649
852,2016-02-05 12:30:00+00:00,216.792,11768.163,5.4618645
853,2016-02-05 13:30:00+00:00,234.25078,20771.107,5.659444
854,2016-02-05 14:30:00+00:00,121.76516,22226.479,4.7115936
855,2016-02-05 15:30:00+00:00,91.11309,24803.85,4.3116574
856,2016-02-05 16:30:00+00:00,98.14656,27493.543,4.182144
857,2016-02-05 17:30:00+00:00,577.8236,23048.293,7.5795255
858,2016-02-05 18:30:00+00:00,262.95416,26321.277,6.0190263
859,2016-02-05 19:30:00+00:00,414.45297,28832.96,6.755074
860,2016-02-05 20:30:00+00:00,444.1421,27710.346,6.8840084
861,2016-02-05 21:30:00+00:00,396.31085,25030.477,6.8342266
862,2016-02-05 22:30:00+00:00,478.88092,19237.596,7.1822352
863,2016-02-05 23:30:00+00:00,1081.1368,10443.374,9.21143
864,2016-02-06 00:30:00+00:00,1106.2997,7253.394,9.501436
865,2016-02-06 01:30:00+00:00,424.7323,7221.4507,6.903815
866,2016-02-06 02:30:00+00:00,1115.1007,7002.1523,9.5456505
867,2016-02-06 03:30:00+00:00,558.21875,6995.1724,7.4203987
868,2016-02-06 04:30:00+00:00,307.0786,6990.5273,6.7126575
869,2016-02-06 05:30:00+00:00,771.2887,6992.2764,8.012578
870,2016-02-06 06:30:00+00:00,436.60208,7016.514,6.952653
871,2016-02-06 07:30:00+00:00,338.2659,7236.818,6.7529254
872,2016-02-06 08:30:00+00:00,390.5787,7088.776,6.712489
873,2016-02-06 09:30:00+00:00,314.66953,6913.492,6.445459
874,2016-02-06 10:30:00+00:00,388.72214,6863.8315,6.833643
875,2016-02-06 11:30:00+00:00,615.665,6920.853,7.8576827
876,2016-02-06 12:30:00+00:00,364.29272,6836.932,6.8347764
877,2016-02-06 13:30:00+00:00,684.1671,6770.4087,7.946214
878,2016-02-06 14:30:00+00:00,684.525,6902.128,8.0152025
879,2016-02-06 15:30:00+00:00,385.793,6868.4795,6.944816
880,2016-02-06 16:30:00+00:00,805.7657,6679.651,8.304602
881,2016-02-06 17:30:00+00:00,900.9427,6752.281,8.719981
882,2016-02-06 18:30:00+00:00,852.4622,6832.994,8.610218
883,2016-02-06 19:30:00+00:00,1060.9291,6901.0317,9.1541395
884,2016-02-06 20:30:00+00:00,1454.013,6909.644,10.294164
885,2016-02-06 21:30:00+00:00,1472.6674,6839.6357,10.547623
886,2016-02-06 22:30:00+00:00,1766.9728,6960.2925,11.392418
887,2016-02-06 23:30:00+00:00,1705.2812,7014.034,11.38974
888,2016-02-07 00:30:00+00:00,1828.4979,7191.3286,11.465008
889,2016-02-07 01:30:00+00:00,1478.0693,7175.1187,10.603717
890,2016-02-07 02:30:00+00:00,1521.059,7287.728,10.347034
891,2016-02-07 03:30:00+00:00,1419.7534,7150.1333,10.063957
892,2016-02-07 04:30:00+00:00,1227.2576,7216.436,9.594436
893,2016-02-07 05:30:00+00:00,984.1259,7044.6514,8.92112
894,2016-02-07 06:30:00+00:00,957.0092,7106.543,8.810776
895,2016-02-07 07:30:00+00:00,706.28577,7042.917,8.148187
896,2016-02-07 08:30:00+00:00,817.87225,7045.188,8.47255
897,2016-02-07 09:30:00+00:00,465.4965,7113.1445,7.264476
898,2016-02-07 10:30:00+00:00,395.47968,7128.034,6.927632
899,2016-02-07 11:30:00+00:00,522.639,6847.1997,7.416849
900,2016-02-07 12:30:00+00:00,1134.3195,6863.519,9.397559
901,2016-02-07 13:30:00+00:00,1365.3083,6915.595,10.071326
902,2016-02-07 14:30:00+00:00,1001.37885,7030.3545,9.240252
903,2016-02-07 15:30:00+00:00,1009.8238,6986.5225,8.971399
904,2016-02-07 16:30:00+00:00,897.4776,6815.29,8.66906
905,2016-02-07 17:30:00+00:00,1005.8138,6789.343,9.030627
906,2016-02-07 18:30:00+00:00,1528.3706,6707.3374,10.542365
907,2016-02-07 19:30:00+00:00,2173.0254,6530.681,12.503036
908,2016-02-07 20:30:00+00:00,2261.5925,6450.2676,13.915642
909,2016-02-07 21:30:00+00:00,2282.336,6414.2705,14.658964
910,2016-02-07 22:30:00+00:00,2226.9348,6317.3867,14.661531
911,2016-02-07 23:30:00+00:00,2209.6365,6631.375,14.318527
912,2016-02-08 00:30:00+00:00,2224.6382,6722.8726,15.429357
913,2016-02-08 01:30:00+00:00,2220.714,6730.8125,15.74711
914,2016-02-08 02:30:00+00:00,2227.0059,6964.6987,16.543077
915,2016-02-08 03:30:00+00:00,2210.3403,6857.8667,16.636707
916,2016-02-08 04:30:00+00:00,2173.6821,6759.651,15.635318
917,2016-02-08 05:30:00+00:00,2127.7615,6944.3354,13.956284
918,2016-02-08 06:30:00+00:00,2094.532,7171.8286,12.598975
919,2016-02-08 07:30:00+00:00,2094.691,7513.7075,12.215489
920,2016-02-08 08:30:00+00:00,2115.3772,7626.2227,12.521166
921,2016-02-08 09:30:00+00:00,2074.4678,7531.9185,11.798032
922,2016-02-08 10:30:00+00:00,1483.9374,7601.2686,10.710592
923,2016-02-08 11:30:00+00:00,965.549,8768.827,9.10097
924,2016-02-08 12:30:00+00:00,652.1012,12643.38,7.596568
925,2016-02-08 13:30:00+00:00,1546.3877,23237.527,10.483247
926,2016-02-08 14:30:00+00:00,2173.3862,24923.707,12.128817
927,2016-02-08 15:30:00+00:00,1470.0491,28540.727,10.561512
928,2016-02-08 16:30:00+00:00,1310.7067,31302.906,9.772412
929,2016-02-08 17:30:00+00:00,1399.3912,26675.875,10.008118
930,2016-02-08 18:30:00+00:00,828.03485,30169.377,8.5333185
931,2016-02-08 19:30:00+00:00,955.475,32588.604,8.694617
932,2016-02-08 20:30:00+00:00,1393.671,31295.477,10.01101
933,2016-02-08 21:30:00+00:00,1370.5184,28311.963,10.012275
934,2016-02-08 22:30:00+00:00,1842.382,22408.496,11.27214
935,2016-02-08 23:30:00+00:00,2172.3486,11799.526,12.660355
936,2016-02-09 00:30:00+00:00,2191.1191,7956.1577,13.1048
937,2016-02-09 01:30:00+00:00,2205.9255,7815.1313,14.072151
938,2016-02-09 02:30:00+00:00,2187.7961,7976.8765,14.648042
939,2016-02-09 03:30:00+00:00,2185.4172,8129.837,15.07476
940,2016-02-09 04:30:00+00:00,2156.7175,8115.176,14.573691
941,2016-02-09 05:30:00+00:00,2141.0437,8246.471,14.294779
942,2016-02-09 06:30:00+00:00,2129.8694,8207.064,13.9420395
943,2016-02-09 07:30:00+00:00,2116.522,8423.171,13.180625
944,2016-02-09 08:30:00+00:00,2103.4648,8356.438,12.339598
945,2016-02-09 09:30:00+00:00,1588.3043,8222.729,10.965997
946,2016-02-09 10:30:00+00:00,1251.4352,8269.657,9.962842
947,2016-02-09 11:30:00+00:00,1578.2542,9599.3545,10.467214
948,2016-02-09 12:30:00+00:00,1443.4276,13880.086,10.27075
949,2016-02-09 13:30:00+00:00,948.22186,25326.42,8.982114
950,2016-02-09 14:30:00+00:00,485.7746,26619.215,7.0352244
951,2016-02-09 15:30:00+00:00,200.17061,28968.492,5.2789674
952,2016-02-09 16:30:00+00:00,250.74751,31615.158,5.2611313
953,2016-02-09 17:30:00+00:00,171.75323,27095.615,4.8623066
954,2016-02-09 18:30:00+00:00,129.22899,30982.115,4.2824545
955,2016-02-09 19:30:00+00:00,93.09563,33402.93,3.3114119
956,2016-02-09 20:30:00+00:00,181.05455,31728.848,4.250997
957,2016-02-09 21:30:00+00:00,320.58115,28608.32,5.2656083
958,2016-02-09 22:30:00+00:00,725.01465,22409.46,7.377298
959,2016-02-09 23:30:00+00:00,1855.727,11776.121,11.310518
960,2016-02-10 00:30:00+00:00,1981.0983,8148.183,11.954008
961,2016-02-10 01:30:00+00:00,1864.7407,8149.4233,11.503155
962,2016-02-10 02:30:00+00:00,1333.3496,8256.55,10.287238
963,2016-02-10 03:30:00+00:00,1480.7185,8168.47,10.273133
964,2016-02-10 04:30:00+00:00,1642.1277,8316.275,10.551302
965,2016-02-10 05:30:00+00:00,1872.7896,8279.808,11.0364895
966,2016-02-10 06:30:00+00:00,1569.4305,8171.532,10.552932
967,2016-02-10 07:30:00+00:00,1231.9854,8225.814,9.770221
968,2016-02-10 08:30:00+00:00,1088.6915,8228.995,9.2449665
969,2016-02-10 09:30:00+00:00,1411.6744,8264.839,9.931981
970,2016-02-10 10:30:00+00:00,1467.0895,8490.01,10.226791
971,2016-02-10 11:30:00+00:00,1140.4886,9998.601,9.586097
972,2016-02-10 12:30:00+00:00,1004.13104,14344.012,8.960244
973,2016-02-10 13:30:00+00:00,1077.1825,25319.957,8.987134
974,2016-02-10 14:30:00+00:00,637.0058,27187.127,7.639663
975,2016-02-10 15:30:00+00:00,531.39343,29817.293,7.136544
976,2016-02-10 16:30:00+00:00,472.18143,32441.057,6.8805237
977,2016-02-10 17:30:00+00:00,347.53955,28031.549,6.328957
978,2016-02-10 18:30:00+00:00,387.34247,32265.5,6.430972
979,2016-02-10 19:30:00+00:00,552.10767,34859.426,7.095231
980,2016-02-10 20:30:00+00:00,571.7816,33199.113,7.172338
981,2016-02-10 21:30:00+00:00,1016.37,29969.791,8.506008
982,2016-02-10 22:30:00+00:00,1405.4242,23725.73,9.65379
983,2016-02-10 23:30:00+00:00,935.1343,12804.439,8.601645
984,2016-02-11 00:30:00+00:00,1219.3898,9083.961,9.435164
985,2016-02-11 01:30:00+00:00,889.9256,9185.613,8.451629
986,2016-02-11 02:30:00+00:00,372.47675,9773.23,6.122271
987,2016-02-11 03:30:00+00:00,292.94498,10111.003,5.6288114
988,2016-02-11 04:30:00+00:00,142.05388,10121.594,4.3065653
989,2016-02-11 05:30:00+00:00,944.9905,10004.526,8.852043
990,2016-02-11 06:30:00+00:00,1676.2446,9751.207,10.452617
991,2016-02-11 07:30:00+00:00,1523.4686,10024.795,10.457679
992,2016-02-11 08:30:00+00:00,1213.1736,9988.438,9.746989
993,2016-02-11 09:30:00+00:00,859.22095,9975.52,8.559235
994,2016-02-11 10:30:00+00:00,780.12366,9914.899,7.981211
995,2016-02-11 11:30:00+00:00,896.41724,11467.929,8.383374
996,2016-02-11 12:30:00+00:00,517.8282,16048.718,6.990524
997,2016-02-11 13:30:00+00:00,368.40833,27246.338,6.3899465
998,2016-02-11 14:30:00+00:00,879.9896,29370.57,8.368174
999,2016-02-11 15:30:00+00:00,1452.8058,31775.898,9.982343
1000,2016-02-11 16:30:00+00:00,1471.0354,34644.65,10.051914
1001,2016-02-11 17:30:00+00:00,1310.9512,29092.596,9.614619
1002,2016-02-11 18:30:00+00:00,1656.0321,33141.582,10.44867
1003,2016-02-11 19:30:00+00:00,1474.4462,35735.273,10.096074
1004,2016-02-11 20:30:00+00:00,1132.6373,33920.824,9.117236
1005,2016-02-11 21:30:00+00:00,1097.6748,30775.389,8.936227
1006,2016-02-11 22:30:00+00:00,1298.5006,24200.553,9.555815
1007,2016-02-11 23:30:00+00:00,480.98532,13055.516,6.4188643
1008,2016-02-12 00:30:00+00:00,446.89233,9519.737,6.71498
1009,2016-02-12 01:30:00+00:00,1515.1066,9524.691,10.639421
1010,2016-02-12 02:30:00+00:00,742.72906,9879.452,7.5351973
1011,2016-02-12 03:30:00+00:00,1528.8877,9791,10.759643
1012,2016-02-12 04:30:00+00:00,2131.6926,9811.496,13.697355
1013,2016-02-12 05:30:00+00:00,2115.0613,10037.453,12.039907
1014,2016-02-12 06:30:00+00:00,1754.6841,10112.489,11.15837
1015,2016-02-12 07:30:00+00:00,1660.8802,10110.178,10.877521
1016,2016-02-12 08:30:00+00:00,1553.6919,9867.632,10.612363
1017,2016-02-12 09:30:00+00:00,1992.4325,9651.81,11.5845785
1018,2016-02-12 10:30:00+00:00,2158.6472,9544.015,12.277185
1019,2016-02-12 11:30:00+00:00,2160.2458,11219.082,12.522852
1020,2016-02-12 12:30:00+00:00,1798.7616,15452.585,11.394136
1021,2016-02-12 13:30:00+00:00,2199.2517,27226.809,13.504669
1022,2016-02-12 14:30:00+00:00,2143.7563,29024.678,13.52037
1023,2016-02-12 15:30:00+00:00,2198.8948,30679.852,13.358739
1024,2016-02-12 16:30:00+00:00,2171.229,32430.898,13.140486
1025,2016-02-12 17:30:00+00:00,2168.9565,27232.438,12.231166
1026,2016-02-12 18:30:00+00:00,2183.5222,30755.469,13.399261
1027,2016-02-12 19:30:00+00:00,1630.2426,33684.105,10.817057
1028,2016-02-12 20:30:00+00:00,1961.521,32152.236,11.600336
1029,2016-02-12 21:30:00+00:00,1647.6234,29220.885,10.8703985
1030,2016-02-12 22:30:00+00:00,2192.4492,23365.418,14.579452
1031,2016-02-12 23:30:00+00:00,2173.493,13704.433,13.855228
1032,2016-02-13 00:30:00+00:00,2266.8564,9714.216,16.79909
1033,2016-02-13 01:30:00+00:00,2152.77,9475.936,13.070164
1034,2016-02-13 02:30:00+00:00,2036.2122,9716.163,11.263822
1035,2016-02-13 03:30:00+00:00,2163.686,9798.611,14.72995
1036,2016-02-13 04:30:00+00:00,2141.371,10204.435,14.96884
1037,2016-02-13 05:30:00+00:00,2131.0464,10795.259,14.373142
1038,2016-02-13 06:30:00+00:00,2104.041,11187.23,13.58721
1039,2016-02-13 07:30:00+00:00,2103.4631,11141.634,13.1929245
1040,2016-02-13 08:30:00+00:00,2096.8335,11172.195,12.474576
1041,2016-02-13 09:30:00+00:00,2083.6426,11622.866,11.491094
1042,2016-02-13 10:30:00+00:00,1512.5908,11737.111,10.44425
1043,2016-02-13 11:30:00+00:00,1207.3733,11631.9795,9.539841
1044,2016-02-13 12:30:00+00:00,1129.9626,11640.395,9.059554
1045,2016-02-13 13:30:00+00:00,923.70654,11510.778,8.40668
1046,2016-02-13 14:30:00+00:00,843.0415,11244.942,8.248171
1047,2016-02-13 15:30:00+00:00,429.55774,11369.77,6.702558
1048,2016-02-13 16:30:00+00:00,454.89685,11104.229,6.8276544
1049,2016-02-13 17:30:00+00:00,1588.4562,10566.549,10.795254
1050,2016-02-13 18:30:00+00:00,1993.0934,10595.287,11.400957
1051,2016-02-13 19:30:00+00:00,2274.9858,10505.0625,12.294297
1052,2016-02-13 20:30:00+00:00,2105.7585,10471.754,11.703728
1053,2016-02-13 21:30:00+00:00,1968.4247,10516.482,11.454739
1054,2016-02-13 22:30:00+00:00,2048.954,10412.83,11.804779
1055,2016-02-13 23:30:00+00:00,828.94965,10670.598,7.9728985
1056,2016-02-14 00:30:00+00:00,929.0217,11050.2705,8.284068
1057,2016-02-14 01:30:00+00:00,1235.922,11198.898,8.983149
1058,2016-02-14 02:30:00+00:00,616.6256,11214.977,7.1347265
1059,2016-02-14 03:30:00+00:00,1011.9675,11251.276,8.527506
1060,2016-02-14 04:30:00+00:00,440.29407,11444.644,6.2436976
1061,2016-02-14 05:30:00+00:00,508.87375,11259.635,6.9268737
1062,2016-02-14 06:30:00+00:00,243.63762,11163.732,5.205206
1063,2016-02-14 07:30:00+00:00,131.42047,11279.684,4.614934
1064,2016-02-14 08:30:00+00:00,88.16194,11410.547,3.7154076
1065,2016-02-14 09:30:00+00:00,297.259,11367.051,5.925782
1066,2016-02-14 10:30:00+00:00,390.979,11597.978,6.3714542
1067,2016-02-14 11:30:00+00:00,264.1797,11635.188,5.7543936
1068,2016-02-14 12:30:00+00:00,288.8914,11385.972,5.739252
1069,2016-02-14 13:30:00+00:00,306.40454,11247.788,5.700144
1070,2016-02-14 14:30:00+00:00,226.02615,11348.15,5.31249
1071,2016-02-14 15:30:00+00:00,428.2961,11477.574,6.737918
1072,2016-02-14 16:30:00+00:00,239.57455,10525.31,5.6695065
1073,2016-02-14 17:30:00+00:00,271.2479,10082.899,5.937201
1074,2016-02-14 18:30:00+00:00,212.4097,9951.684,5.472065
1075,2016-02-14 19:30:00+00:00,395.07608,10090.107,6.6367803
1076,2016-02-14 20:30:00+00:00,709.0359,10159.245,7.8115907
1077,2016-02-14 21:30:00+00:00,463.2257,10125.314,7.070166
1078,2016-02-14 22:30:00+00:00,684.1112,10060.273,7.813674
1079,2016-02-14 23:30:00+00:00,1204.8499,10151.966,9.229055
1080,2016-02-15 00:30:00+00:00,935.46893,10984.894,8.637478
1081,2016-02-15 01:30:00+00:00,771.256,11295.99,8.192923
1082,2016-02-15 02:30:00+00:00,693.903,11154.078,7.865758
1083,2016-02-15 03:30:00+00:00,1681.266,11265.928,11.018863
1084,2016-02-15 04:30:00+00:00,2199.081,10889.201,13.473731
1085,2016-02-15 05:30:00+00:00,2152.4692,10963.192,13.049782
1086,2016-02-15 06:30:00+00:00,2135.8755,10415.217,13.667162
1087,2016-02-15 07:30:00+00:00,2155.0718,10244.146,14.800063
1088,2016-02-15 08:30:00+00:00,2182.6677,10034.57,15.46855
1089,2016-02-15 09:30:00+00:00,2223.438,9737.635,16.470337
1090,2016-02-15 10:30:00+00:00,2249.0535,9358.666,17.11949
1091,2016-02-15 11:30:00+00:00,2222.8364,9389.194,15.964956
1092,2016-02-15 12:30:00+00:00,2187.5159,9314.745,14.258218
1093,2016-02-15 13:30:00+00:00,2172.5332,9050.732,13.5793915
1094,2016-02-15 14:30:00+00:00,2154.4197,8840.989,12.996872
1095,2016-02-15 15:30:00+00:00,2130.123,8588.407,11.945871
1096,2016-02-15 16:30:00+00:00,2135.4084,8013.9253,11.906176
1097,2016-02-15 17:30:00+00:00,1685.9355,7756.137,11.021776
1098,2016-02-15 18:30:00+00:00,1537.7869,7643.7,10.555113
1099,2016-02-15 19:30:00+00:00,1415.93,7622.3604,10.257413
1100,2016-02-15 20:30:00+00:00,1418.8671,7740.138,10.230078
1101,2016-02-15 21:30:00+00:00,1446.0941,7680.0723,10.292876
1102,2016-02-15 22:30:00+00:00,1167.6329,7678.3936,9.618561
1103,2016-02-15 23:30:00+00:00,1317.3528,7576.4175,9.876339
1104,2016-02-16 00:30:00+00:00,1435.0497,7629.0386,10.118947
1105,2016-02-16 01:30:00+00:00,992.4073,7804.222,8.996488
1106,2016-02-16 02:30:00+00:00,446.46555,7959.931,6.951602
1107,2016-02-16 03:30:00+00:00,300.793,8463.095,6.022
1108,2016-02-16 04:30:00+00:00,135.0604,8264.923,4.74586
1109,2016-02-16 05:30:00+00:00,67.50189,8134.3496,4.0126576
1110,2016-02-16 06:30:00+00:00,77.56793,7851.673,3.8469725
1111,2016-02-16 07:30:00+00:00,29.858643,8075.451,2.6347368
1112,2016-02-16 08:30:00+00:00,12.838988,7988.1772,2.049351
1113,2016-02-16 09:30:00+00:00,118.18267,7626.7183,4.101295
1114,2016-02-16 10:30:00+00:00,197.34685,7566.6343,4.9833193
1115,2016-02-16 11:30:00+00:00,177.1081,8760.277,4.6572895
1116,2016-02-16 12:30:00+00:00,323.18588,12409.965,5.765776
1117,2016-02-16 13:30:00+00:00,447.47708,22911.043,6.5539093
1118,2016-02-16 14:30:00+00:00,571.4441,24967.115,7.2547903
1119,2016-02-16 15:30:00+00:00,278.16815,27119.662,5.644204
1120,2016-02-16 16:30:00+00:00,410.2663,29372.77,6.4712005
1121,2016-02-16 17:30:00+00:00,653.3046,24245.06,7.6923213
1122,2016-02-16 18:30:00+00:00,478.66403,27896.668,7.129302
1123,2016-02-16 19:30:00+00:00,497.00513,30468.332,6.9605613
1124,2016-02-16 20:30:00+00:00,650.60046,29221.762,7.412942
1125,2016-02-16 21:30:00+00:00,396.98117,26539.297,6.327935
1126,2016-02-16 22:30:00+00:00,1024.0651,20589.33,8.76582
1127,2016-02-16 23:30:00+00:00,956.04443,10978.833,8.606495
1128,2016-02-17 00:30:00+00:00,958.37146,7707.3535,8.669032
1129,2016-02-17 01:30:00+00:00,641.7592,7901.2554,7.637323
1130,2016-02-17 02:30:00+00:00,918.68024,8033.403,8.448507
1131,2016-02-17 03:30:00+00:00,763.5182,7964.5938,8.02482
1132,2016-02-17 04:30:00+00:00,570.9651,7944.4565,7.382866
1133,2016-02-17 05:30:00+00:00,348.42407,7795.9634,6.372099
1134,2016-02-17 06:30:00+00:00,498.16608,7787.308,6.896007
1135,2016-02-17 07:30:00+00:00,730.17926,7831.0693,7.8422546
1136,2016-02-17 08:30:00+00:00,1192.396,7737.0215,9.321717
1137,2016-02-17 09:30:00+00:00,1639.5759,7673.001,10.567805
1138,2016-02-17 10:30:00+00:00,2036.8123,7881.693,11.540621
1139,2016-02-17 11:30:00+00:00,2139.0718,9248.847,11.825615
1140,2016-02-17 12:30:00+00:00,2149.2876,13517.211,12.314375
1141,2016-02-17 13:30:00+00:00,2145.5159,24043.21,11.846109
1142,2016-02-17 14:30:00+00:00,2177.3113,25695.312,12.173562
1143,2016-02-17 15:30:00+00:00,2143.461,27971.426,11.568767
1144,2016-02-17 16:30:00+00:00,2149.3093,29867.75,11.804839
1145,2016-02-17 17:30:00+00:00,1856.1873,24724.592,10.927414
1146,2016-02-17 18:30:00+00:00,1883.8387,28580.87,10.937606
1147,2016-02-17 19:30:00+00:00,1664.8887,31166.762,10.507887
1148,2016-02-17 20:30:00+00:00,1413.2095,29840.008,9.714007
1149,2016-02-17 21:30:00+00:00,802.37164,27048.04,8.214532
1150,2016-02-17 22:30:00+00:00,757.94025,21495.78,7.6934114
1151,2016-02-17 23:30:00+00:00,1623.7799,11998.96,10.420413
1152,2016-02-18 00:30:00+00:00,1468.2305,8854.371,9.790592
1153,2016-02-18 01:30:00+00:00,1071.8555,8774.687,9.016675
1154,2016-02-18 02:30:00+00:00,505.26294,9337.224,7.0671377
1155,2016-02-18 03:30:00+00:00,1097.1903,9245.564,8.708076
1156,2016-02-18 04:30:00+00:00,1005.9633,9198.872,8.439354
1157,2016-02-18 05:30:00+00:00,639.22437,9605.714,7.5900326
1158,2016-02-18 06:30:00+00:00,234.04222,9581.605,5.6371555
1159,2016-02-18 07:30:00+00:00,167.4894,9787.7295,4.788884
1160,2016-02-18 08:30:00+00:00,150.82848,9753.578,4.3966684
1161,2016-02-18 09:30:00+00:00,86.98364,9834.38,4.1118827
1162,2016-02-18 10:30:00+00:00,25.31186,9861.729,3.0116854
1163,2016-02-18 11:30:00+00:00,104.46661,10859.917,4.21494
1164,2016-02-18 12:30:00+00:00,140.52397,14730.225,4.5816255
1165,2016-02-18 13:30:00+00:00,217.18062,24919.557,5.413755
1166,2016-02-18 14:30:00+00:00,246.52748,26641.875,5.578171
1167,2016-02-18 15:30:00+00:00,234.88756,28332.305,5.6069007
1168,2016-02-18 16:30:00+00:00,146.62631,31055.488,5.0265203
1169,2016-02-18 17:30:00+00:00,259.3389,25136.807,5.8558784
1170,2016-02-18 18:30:00+00:00,216.54637,28888.104,5.75151
1171,2016-02-18 19:30:00+00:00,261.4998,31616.93,6.0177407
1172,2016-02-18 20:30:00+00:00,553.31104,30574.379,7.306026
1173,2016-02-18 21:30:00+00:00,750.66705,27404.275,8.119788
1174,2016-02-18 22:30:00+00:00,1061.8555,21289.795,9.199445
1175,2016-02-18 23:30:00+00:00,1996.7983,11628.021,11.874798
1176,2016-02-19 00:30:00+00:00,1986.8019,8517.403,11.978216
1177,2016-02-19 01:30:00+00:00,2300,8628.293,15.201392
1178,2016-02-19 02:30:00+00:00,2275.2444,8819.304,17.504936
1179,2016-02-19 03:30:00+00:00,2275.5754,8604.237,18.049181
1180,2016-02-19 04:30:00+00:00,2211.96,8321.318,17.822567
1181,2016-02-19 05:30:00+00:00,2210.3281,8047.9224,17.773163
1182,2016-02-19 06:30:00+00:00,2211.583,7905.1113,18.146229
1183,2016-02-19 07:30:00+00:00,2219.6233,8235.622,18.274935
1184,2016-02-19 08:30:00+00:00,2236.1633,8080.4126,18.706226
1185,2016-02-19 09:30:00+00:00,999.0093,7660.039,20.447327
1186,2016-02-19 10:30:00+00:00,1974.6093,7815.0864,19.504192
1187,2016-02-19 11:30:00+00:00,1079.5012,9052.249,20.500114
1188,2016-02-19 12:30:00+00:00,855.5343,12720.941,22.38653
1189,2016-02-19 13:30:00+00:00,989.478,23332.521,23.056808
1190,2016-02-19 14:30:00+00:00,841.1194,25254.846,23.57208
1191,2016-02-19 15:30:00+00:00,803.5032,28062.395,24.036762
1192,2016-02-19 16:30:00+00:00,778.1201,29231.553,24.080727
1193,2016-02-19 17:30:00+00:00,686.45215,24331.436,23.07612
1194,2016-02-19 18:30:00+00:00,630.5774,27771.81,22.930622
1195,2016-02-19 19:30:00+00:00,560.5179,30548.387,23.133339
1196,2016-02-19 20:30:00+00:00,458.86465,29120.344,23.12127
1197,2016-02-19 21:30:00+00:00,355.68268,26188.643,23.781586
1198,2016-02-19 22:30:00+00:00,254.22101,20261.963,24.189331
1199,2016-02-19 23:30:00+00:00,151.33821,10757.788,24.439262
1200,2016-02-20 00:30:00+00:00,72.56563,6967.5293,23.352612
1201,2016-02-20 01:30:00+00:00,20.284195,6771.6953,21.363842
1202,2016-02-20 02:30:00+00:00,17.838232,6655.1357,23.097654
1203,2016-02-20 03:30:00+00:00,63.72232,6589.3477,24.050247
1204,2016-02-20 04:30:00+00:00,105.51078,6702.5894,24.137869
1205,2016-02-20 05:30:00+00:00,153.43155,6840.345,23.409615
1206,2016-02-20 06:30:00+00:00,266.90027,6873.2666,22.920553
1207,2016-02-20 07:30:00+00:00,428.64438,6994.6406,23.2098
1208,2016-02-20 08:30:00+00:00,543.81946,7033.3335,23.374393
1209,2016-02-20 09:30:00+00:00,651.3132,7010.0293,23.910673
1210,2016-02-20 10:30:00+00:00,638.35486,6907.555,22.769356
1211,2016-02-20 11:30:00+00:00,642.5032,6985.769,21.881132
1212,2016-02-20 12:30:00+00:00,610.9984,7045.236,20.814543
1213,2016-02-20 13:30:00+00:00,2033.8387,6965.935,18.20679
1214,2016-02-20 14:30:00+00:00,2152.725,7064.061,16.898798
1215,2016-02-20 15:30:00+00:00,2184.5842,7094.331,13.186652
1216,2016-02-20 16:30:00+00:00,2106.781,7033.1523,10.966046
1217,2016-02-20 17:30:00+00:00,2193.4434,7140.925,13.287508
1218,2016-02-20 18:30:00+00:00,2161.6956,7057.2812,11.947676
1219,2016-02-20 19:30:00+00:00,2102.7732,7098.374,11.283408
1220,2016-02-20 20:30:00+00:00,1683.6816,7081.6445,10.467073
1221,2016-02-20 21:30:00+00:00,2056.4834,6949.453,11.406649
1222,2016-02-20 22:30:00+00:00,1365.218,6834.781,9.912785
1223,2016-02-20 23:30:00+00:00,930.63745,6934.92,8.426026
1224,2016-02-21 00:30:00+00:00,1696.6705,7144.73,10.592565
1225,2016-02-21 01:30:00+00:00,1343.6536,7164.7075,9.890925
1226,2016-02-21 02:30:00+00:00,1696.1177,7387.6523,10.297265
1227,2016-02-21 03:30:00+00:00,1265.6746,7377.987,9.595276
1228,2016-02-21 04:30:00+00:00,723.13745,7317.281,8.066373
1229,2016-02-21 05:30:00+00:00,560.4856,7170.459,7.202257
1230,2016-02-21 06:30:00+00:00,557.917,7258.259,7.0421495
1231,2016-02-21 07:30:00+00:00,574.67303,7360.3633,7.354282
1232,2016-02-21 08:30:00+00:00,533.14703,7386.4355,7.4477544
1233,2016-02-21 09:30:00+00:00,614.5413,7347.7485,7.756726
1234,2016-02-21 10:30:00+00:00,308.42368,7346.075,6.386485
1235,2016-02-21 11:30:00+00:00,628.8143,7293.7446,7.575344
1236,2016-02-21 12:30:00+00:00,429.30844,7455.325,7.029097
1237,2016-02-21 13:30:00+00:00,1201.2057,7435.0044,9.338426
1238,2016-02-21 14:30:00+00:00,1295.8219,7390.412,9.60903
1239,2016-02-21 15:30:00+00:00,634.55536,7367.529,7.411564
1240,2016-02-21 16:30:00+00:00,492.7624,7287.8594,6.7723465
1241,2016-02-21 17:30:00+00:00,289.9261,7241.2383,5.838467
1242,2016-02-21 18:30:00+00:00,139.2822,7318.8735,4.8456593
1243,2016-02-21 19:30:00+00:00,317.6624,7406.5,5.8471775
1244,2016-02-21 20:30:00+00:00,302.86356,7365.1816,5.849074
1245,2016-02-21 21:30:00+00:00,232.58029,7422.0444,5.393873
1246,2016-02-21 22:30:00+00:00,344.68375,7679.549,5.8410296
1247,2016-02-21 23:30:00+00:00,507.91562,7798.456,6.7404456
1248,2016-02-22 00:30:00+00:00,807.9306,7798.514,7.905247
1249,2016-02-22 01:30:00+00:00,755.3583,7921.929,7.900027
1250,2016-02-22 02:30:00+00:00,301.6097,7961.124,5.943502
1251,2016-02-22 03:30:00+00:00,191.5107,8100.1494,5.2125645
1252,2016-02-22 04:30:00+00:00,203.80026,8101.953,5.01065
1253,2016-02-22 05:30:00+00:00,134.84276,8038.946,4.7842603
1254,2016-02-22 06:30:00+00:00,223.4909,7761.1636,5.5022974
1255,2016-02-22 07:30:00+00:00,276.14233,8072.3955,5.8016953
1256,2016-02-22 08:30:00+00:00,331.40164,8702.8545,6.2371798
1257,2016-02-22 09:30:00+00:00,283.00015,9045.342,5.955307
1258,2016-02-22 10:30:00+00:00,222.97856,8838.158,5.47144
1259,2016-02-22 11:30:00+00:00,236.9659,10273.009,5.4608865
1260,2016-02-22 12:30:00+00:00,242.22702,14602.9375,5.551677
1261,2016-02-22 13:30:00+00:00,307.967,24769.135,6.0721006
1262,2016-02-22 14:30:00+00:00,66.3505,25739.805,3.435889
1263,2016-02-22 15:30:00+00:00,97.39503,28341.697,3.8429554
1264,2016-02-22 16:30:00+00:00,68.84439,30881.965,3.7722688
1265,2016-02-22 17:30:00+00:00,20.495255,25470.74,3.3527775
1266,2016-02-22 18:30:00+00:00,47.406765,29190.111,3.3683414
1267,2016-02-22 19:30:00+00:00,59.92758,31357.486,3.6292305
1268,2016-02-22 20:30:00+00:00,55.0842,30127.057,3.4189384
1269,2016-02-22 21:30:00+00:00,43.676765,27273.074,2.9020753
1270,2016-02-22 22:30:00+00:00,74.31156,21377.686,3.462253
1271,2016-02-22 23:30:00+00:00,120.17985,11544.283,4.1325574
1272,2016-02-23 00:30:00+00:00,416.19565,8244.045,6.509706
1273,2016-02-23 01:30:00+00:00,1224.1698,8406.958,9.402897
1274,2016-02-23 02:30:00+00:00,1414.0175,8656.012,10.183864
1275,2016-02-23 03:30:00+00:00,1474.631,8614.848,10.442823
1276,2016-02-23 04:30:00+00:00,1323.8273,8663.235,10.152728
1277,2016-02-23 05:30:00+00:00,1615.7847,8706.907,10.7479515
1278,2016-02-23 06:30:00+00:00,1593.8129,8959.046,10.8189125
1279,2016-02-23 07:30:00+00:00,1387.0743,9344.933,10.319369
1280,2016-02-23 08:30:00+00:00,1346.9125,9277.032,10.144367
1281,2016-02-23 09:30:00+00:00,1196.5166,8915.684,9.795431
1282,2016-02-23 10:30:00+00:00,923.1032,8709.76,9.0302305
1283,2016-02-23 11:30:00+00:00,922.17676,9957.006,8.859961
1284,2016-02-23 12:30:00+00:00,963.4653,14179.226,8.926725
1285,2016-02-23 13:30:00+00:00,903.6,24524.814,8.811472
1286,2016-02-23 14:30:00+00:00,536.7722,25813.19,7.703384
1287,2016-02-23 15:30:00+00:00,181.83044,27461.236,5.3338995
1288,2016-02-23 16:30:00+00:00,275.12997,29928.629,5.4579835
1289,2016-02-23 17:30:00+00:00,68.55026,24609.22,3.812082
1290,2016-02-23 18:30:00+00:00,106.58275,28069.012,4.6064396
1291,2016-02-23 19:30:00+00:00,124.12389,30842.34,4.596907
1292,2016-02-23 20:30:00+00:00,134.09143,29618.441,4.6650724
1293,2016-02-23 21:30:00+00:00,216.67944,26731.516,5.136753
1294,2016-02-23 22:30:00+00:00,355.0833,20866.562,6.04772
1295,2016-02-23 23:30:00+00:00,559.201,11095.583,7.1696057
1296,2016-02-24 00:30:00+00:00,853.14026,7767.785,8.224504
1297,2016-02-24 01:30:00+00:00,1543.687,7791.505,10.358347
1298,2016-02-24 02:30:00+00:00,1039.4224,7815.36,9.527227
1299,2016-02-24 03:30:00+00:00,1276.7731,7661.3813,9.7603855
1300,2016-02-24 04:30:00+00:00,1014.50995,7673.1963,9.238675
1301,2016-02-24 05:30:00+00:00,491.25192,7600.66,7.2722745
1302,2016-02-24 06:30:00+00:00,550.4636,7695.293,7.1544304
1303,2016-02-24 07:30:00+00:00,755.80927,7986.405,7.983474
1304,2016-02-24 08:30:00+00:00,478.13406,7941.9893,7.296529
1305,2016-02-24 09:30:00+00:00,361.60568,7696.0493,6.800783
1306,2016-02-24 10:30:00+00:00,571.82764,7765.1777,7.5712934
1307,2016-02-24 11:30:00+00:00,753.19885,8862.629,8.370094
1308,2016-02-24 12:30:00+00:00,1437.5253,12448.932,10.378734
1309,2016-02-24 13:30:00+00:00,1749.2986,22734.244,11.193725
1310,2016-02-24 14:30:00+00:00,2252.182,24349.016,12.726939
1311,2016-02-24 15:30:00+00:00,2230.3164,26126.45,15.112198
1312,2016-02-24 16:30:00+00:00,2281.3718,28828.432,15.836532
1313,2016-02-24 17:30:00+00:00,2295.7688,23634.12,18.11823
1314,2016-02-24 18:30:00+00:00,2300,27278.396,19.7549
1315,2016-02-24 19:30:00+00:00,2249.6775,29873.98,18.413177
1316,2016-02-24 20:30:00+00:00,2271.346,28441.008,20.019842
1317,2016-02-24 21:30:00+00:00,2233.0386,25947.93,19.44537
1318,2016-02-24 22:30:00+00:00,2233.2988,20835.002,19.345346
1319,2016-02-24 23:30:00+00:00,2248.205,10966.039,20.486353
1320,2016-02-25 00:30:00+00:00,2206.7437,7396.239,18.370234
1321,2016-02-25 01:30:00+00:00,2187.1975,7078.955,16.827581
1322,2016-02-25 02:30:00+00:00,2170.1885,7078.1543,15.898593
1323,2016-02-25 03:30:00+00:00,2145.8164,7067.0435,14.766234
1324,2016-02-25 04:30:00+00:00,2156.4634,7062.2417,15.28318
1325,2016-02-25 05:30:00+00:00,2138.1538,7112.451,15.014036
1326,2016-02-25 06:30:00+00:00,2158.1794,7228.1177,15.7067
1327,2016-02-25 07:30:00+00:00,2137.01,7459.1084,15.285251
1328,2016-02-25 08:30:00+00:00,2182.2307,7369.447,16.38429
1329,2016-02-25 09:30:00+00:00,2219.6787,7302.928,17.804115
1330,2016-02-25 10:30:00+00:00,2241.51,7536.8013,18.492804
1331,2016-02-25 11:30:00+00:00,2232.8943,8751.427,17.993298
1332,2016-02-25 12:30:00+00:00,2245.8635,12727.12,18.09353
1333,2016-02-25 13:30:00+00:00,1009.15375,22899.783,19.452827
1334,2016-02-25 14:30:00+00:00,885.6712,25079.504,20.07644
1335,2016-02-25 15:30:00+00:00,894.2338,27506.125,19.716497
1336,2016-02-25 16:30:00+00:00,2065.318,29285.338,19.079966
1337,2016-02-25 17:30:00+00:00,2203.0068,25429.102,18.15861
1338,2016-02-25 18:30:00+00:00,2258.8005,28802.732,18.472296
1339,2016-02-25 19:30:00+00:00,2180.505,30584.639,17.108727
1340,2016-02-25 20:30:00+00:00,2186.578,29338.025,17.53561
1341,2016-02-25 21:30:00+00:00,2165.6084,26608.473,16.81768
1342,2016-02-25 22:30:00+00:00,2188.86,20937.232,16.860935
1343,2016-02-25 23:30:00+00:00,2185.794,11320.574,16.08698
1344,2016-02-26 00:30:00+00:00,2198.882,8215.6455,15.875998
1345,2016-02-26 01:30:00+00:00,2184.9402,8267.147,14.599477
1346,2016-02-26 02:30:00+00:00,2174.782,8531.958,14.088897
1347,2016-02-26 03:30:00+00:00,2137.0776,8540.479,13.008556
1348,2016-02-26 04:30:00+00:00,2129.9912,8900.561,13.219478
1349,2016-02-26 05:30:00+00:00,2122.414,9027.901,13.601573
1350,2016-02-26 06:30:00+00:00,2090.3987,9090.328,12.318636
1351,2016-02-26 07:30:00+00:00,2085.6833,9287.436,12.161703
1352,2016-02-26 08:30:00+00:00,2114.3154,9279.914,13.384766
1353,2016-02-26 09:30:00+00:00,2085.1375,9160.016,12.099143
1354,2016-02-26 10:30:00+00:00,2096.4355,8980.701,11.710538
1355,2016-02-26 11:30:00+00:00,1676.0848,10510.126,10.839178
1356,2016-02-26 12:30:00+00:00,1472.359,14715.041,10.210887
1357,2016-02-26 13:30:00+00:00,1413.2875,24753.752,9.856948
1358,2016-02-26 14:30:00+00:00,833.5489,26759.68,8.268083
1359,2016-02-26 15:30:00+00:00,241.44762,28905.062,5.513088
1360,2016-02-26 16:30:00+00:00,35.922062,31372.418,3.3700213
1361,2016-02-26 17:30:00+00:00,38.98009,26259.451,2.5833614
1362,2016-02-26 18:30:00+00:00,615.7092,29722.844,8.013862
1363,2016-02-26 19:30:00+00:00,900.12933,31801.605,8.232164
1364,2016-02-26 20:30:00+00:00,857.5284,30274.967,8.181453
1365,2016-02-26 21:30:00+00:00,682.19104,27067.06,7.6284194
1366,2016-02-26 22:30:00+00:00,692.3191,21112.715,7.6980147
1367,2016-02-26 23:30:00+00:00,905.7615,11287.271,8.642574
1368,2016-02-27 00:30:00+00:00,1022.50757,8208.889,8.873275
1369,2016-02-27 01:30:00+00:00,718.1151,8458.282,8.098303
1370,2016-02-27 02:30:00+00:00,724.2721,8619.993,8.039774
1371,2016-02-27 03:30:00+00:00,1308.838,8618.466,9.644666
1372,2016-02-27 04:30:00+00:00,1427.5199,8818.736,10.121991
1373,2016-02-27 05:30:00+00:00,1787.2157,9051.031,10.984167
1374,2016-02-27 06:30:00+00:00,2090.6106,8899.101,11.907469
1375,2016-02-27 07:30:00+00:00,2152.691,9007.831,13.207569
1376,2016-02-27 08:30:00+00:00,2148.8057,8574.456,13.124949
1377,2016-02-27 09:30:00+00:00,2156.3267,8419.021,13.510633
1378,2016-02-27 10:30:00+00:00,2142.3564,8314.878,12.94699
1379,2016-02-27 11:30:00+00:00,2195.871,8274.251,14.804927
1380,2016-02-27 12:30:00+00:00,2216.175,8042.1406,15.878365
1381,2016-02-27 13:30:00+00:00,2230.7341,7814.4307,16.415756
1382,2016-02-27 14:30:00+00:00,2256.6252,7663.338,17.53956
1383,2016-02-27 15:30:00+00:00,2229.1648,7470.1636,16.672018
1384,2016-02-27 16:30:00+00:00,2231.3699,7399.1123,16.370197
1385,2016-02-27 17:30:00+00:00,2230.0442,7509.0464,16.378502
1386,2016-02-27 18:30:00+00:00,2250.8904,7590.004,17.445156
1387,2016-02-27 19:30:00+00:00,2263.353,7803.512,18.249226
1388,2016-02-27 20:30:00+00:00,2265.0771,7590.445,18.82104
1389,2016-02-27 21:30:00+00:00,2274.563,7325.2236,19.799334
1390,2016-02-27 22:30:00+00:00,950.6516,7146.8633,20.332327
1391,2016-02-27 23:30:00+00:00,1884.7322,7147.551,19.774477
1392,2016-02-28 00:30:00+00:00,2133.1296,7310.7124,18.150995
1393,2016-02-28 01:30:00+00:00,2238.584,7394.745,15.948534
1394,2016-02-28 02:30:00+00:00,2150.0938,7534.6855,14.24898
1395,2016-02-28 03:30:00+00:00,2122.6487,7422.639,13.048099
1396,2016-02-28 04:30:00+00:00,2100.5815,7295.3228,12.430473
1397,2016-02-28 05:30:00+00:00,2083.5896,7378.6323,11.712175
1398,2016-02-28 06:30:00+00:00,2081.3347,7542.031,11.693771
1399,2016-02-28 07:30:00+00:00,2010.3842,7501.728,11.339124
1400,2016-02-28 08:30:00+00:00,2004.1888,7697.908,11.468128
1401,2016-02-28 09:30:00+00:00,1336.9148,7905.097,10.347783
1402,2016-02-28 10:30:00+00:00,1339.9213,7826.0933,9.953645
1403,2016-02-28 11:30:00+00:00,1322.4513,7672.065,9.925557
1404,2016-02-28 12:30:00+00:00,1488.6117,7629.8125,10.344033
1405,2016-02-28 13:30:00+00:00,2204.8315,7584.3115,12.576703
1406,2016-02-28 14:30:00+00:00,2123.3494,7336.4604,13.651873
1407,2016-02-28 15:30:00+00:00,2199.183,7257.5,12.615098
1408,2016-02-28 16:30:00+00:00,2161.3406,7010.2285,12.520688
1409,2016-02-28 17:30:00+00:00,2180.965,7015.7734,12.625785
1410,2016-02-28 18:30:00+00:00,2174.761,6813.5034,12.7999525
1411,2016-02-28 19:30:00+00:00,2209.2646,6720.6606,14.32731
1412,2016-02-28 20:30:00+00:00,2216.7139,6824.6885,15.254708
1413,2016-02-28 21:30:00+00:00,2214.0806,6868.3223,15.43698
1414,2016-02-28 22:30:00+00:00,2190.3337,6717.5103,14.649651
1415,2016-02-28 23:30:00+00:00,2202.6711,6812.452,15.318679
1416,2016-02-29 00:30:00+00:00,2193.791,6859.333,15.175488
1417,2016-02-29 01:30:00+00:00,2206.0781,6790.9614,15.755167
1418,2016-02-29 02:30:00+00:00,2203.61,6886.2603,16.27597
1419,2016-02-29 03:30:00+00:00,2172.1416,6951.166,15.492836
1420,2016-02-29 04:30:00+00:00,2130.265,7003.286,14.164432
1421,2016-02-29 05:30:00+00:00,828.0978,7244.4595,9.028024
1422,2016-02-29 06:30:00+00:00,940.1182,6967.9116,8.37989
1423,2016-02-29 07:30:00+00:00,1672.6603,7131.421,10.378888
1424,2016-02-29 08:30:00+00:00,1771.0703,7260.238,10.836152
1425,2016-02-29 09:30:00+00:00,1730.5105,7141.4707,10.888866
1426,2016-02-29 10:30:00+00:00,1909.3816,7426.086,11.220515
1427,2016-02-29 11:30:00+00:00,1745.471,8600.093,10.968743
1428,2016-02-29 12:30:00+00:00,1166.3079,12101.914,9.561335
1429,2016-02-29 13:30:00+00:00,1481.8905,21797.059,9.973524
1430,2016-02-29 14:30:00+00:00,1065.0327,22910.68,9.131342
1431,2016-02-29 15:30:00+00:00,1708.7017,24798.465,10.730692
1432,2016-02-29 16:30:00+00:00,2151.2605,27363.148,12.044113
1433,2016-02-29 17:30:00+00:00,2252.9895,22905.656,14.670395
1434,2016-02-29 18:30:00+00:00,2300,26269.455,17.798666
1435,2016-02-29 19:30:00+00:00,2300,28734.277,19.402863
1436,2016-02-29 20:30:00+00:00,1005.2877,27266.166,21.066484
1437,2016-02-29 21:30:00+00:00,744.8976,24690.781,20.138836
1438,2016-02-29 22:30:00+00:00,718.72345,19228.523,19.941973
1439,2016-02-29 23:30:00+00:00,1831.0858,10195.2,17.75149
1440,2016-03-01 00:30:00+00:00,2138.137,7133.6143,14.706166
1441,2016-03-01 01:30:00+00:00,2102.675,7239.39,11.634462
1442,2016-03-01 02:30:00+00:00,1723.0806,7222.359,10.475064
1443,2016-03-01 03:30:00+00:00,914.54584,7179.3726,8.384444
1444,2016-03-01 04:30:00+00:00,362.56326,7207.6514,6.2126513
1445,2016-03-01 05:30:00+00:00,249.43134,7559.558,4.902967
1446,2016-03-01 06:30:00+00:00,260.7934,7886.4785,5.036762
1447,2016-03-01 07:30:00+00:00,114.33097,8113.0234,4.0933056
1448,2016-03-01 08:30:00+00:00,105.39609,8155.829,4.3512173
1449,2016-03-01 09:30:00+00:00,274.53223,8130.6533,5.7039604
1450,2016-03-01 10:30:00+00:00,179.41061,8113.4985,5.1651745
1451,2016-03-01 11:30:00+00:00,326.5981,9247.931,6.095335
1452,2016-03-01 12:30:00+00:00,557.81616,12618.554,7.2326517
1453,2016-03-01 13:30:00+00:00,685.3633,21943.215,7.855458
1454,2016-03-01 14:30:00+00:00,400.00922,23283.143,6.7393446
1455,2016-03-01 15:30:00+00:00,355.58142,24650.045,6.3191204
1456,2016-03-01 16:30:00+00:00,511.7567,27172.89,7.1796894
1457,2016-03-01 17:30:00+00:00,668.8323,22533.684,8.012666
1458,2016-03-01 18:30:00+00:00,541.6401,25771.377,7.6588144
1459,2016-03-01 19:30:00+00:00,1089.6797,27922.01,9.312838
1460,2016-03-01 20:30:00+00:00,1159.3337,27022.018,9.648768
1461,2016-03-01 21:30:00+00:00,1174.5386,24360.758,9.669418
1462,2016-03-01 22:30:00+00:00,1614.9413,18963.967,10.884173
1463,2016-03-01 23:30:00+00:00,2171.744,10314.378,12.765039
1464,2016-03-02 00:30:00+00:00,2198.4387,7431.2427,13.51761
1465,2016-03-02 01:30:00+00:00,2262.2258,7481.225,15.848613
1466,2016-03-02 02:30:00+00:00,2144.8335,7554.9062,13.419886
1467,2016-03-02 03:30:00+00:00,2124.1682,7597.5713,12.316653
1468,2016-03-02 04:30:00+00:00,2136.861,7316.992,13.702923
1469,2016-03-02 05:30:00+00:00,2172.751,7063.702,15.603883
1470,2016-03-02 06:30:00+00:00,2096.3657,7061.305,13.077441
1471,2016-03-02 07:30:00+00:00,2186.2454,7123.5366,15.944262
1472,2016-03-02 08:30:00+00:00,2116.7544,7132.349,14.305668
1473,2016-03-02 09:30:00+00:00,1271.8406,7124.5933,10.42161
1474,2016-03-02 10:30:00+00:00,1439.6182,7173.1274,10.048838
1475,2016-03-02 11:30:00+00:00,641.11914,8628.872,7.503589
1476,2016-03-02 12:30:00+00:00,226.69937,12629.224,5.6108704
1477,2016-03-02 13:30:00+00:00,40.697067,21337.05,3.1333792
1478,2016-03-02 14:30:00+00:00,1613.8716,22336.436,11.892583
1479,2016-03-02 15:30:00+00:00,1356.2698,23888.697,10.463575
1480,2016-03-02 16:30:00+00:00,1845.3315,26005.336,10.700122
1481,2016-03-02 17:30:00+00:00,1716.423,21938.037,10.679609
1482,2016-03-02 18:30:00+00:00,2062.8655,24940.035,11.487535
1483,2016-03-02 19:30:00+00:00,2109.8972,26869.232,11.730386
1484,2016-03-02 20:30:00+00:00,2011.6129,26119.787,11.403494
1485,2016-03-02 21:30:00+00:00,1991.5012,23781.467,11.387642
1486,2016-03-02 22:30:00+00:00,2179.3508,18948.922,12.0365715
1487,2016-03-02 23:30:00+00:00,1385.5636,10212.823,10.3054495
1488,2016-03-03 00:30:00+00:00,2178.9604,7358.7734,13.184455
1489,2016-03-03 01:30:00+00:00,2048.93,7485.7573,11.908857
1490,2016-03-03 02:30:00+00:00,1095.824,7668.01,9.308868
1491,2016-03-03 03:30:00+00:00,595.66327,7757.601,7.705669
1492,2016-03-03 04:30:00+00:00,1214.6696,7791.5493,8.82434
1493,2016-03-03 05:30:00+00:00,724.8974,7971.305,7.7896385
1494,2016-03-03 06:30:00+00:00,330.0628,8309.362,6.3541384
1495,2016-03-03 07:30:00+00:00,816.83276,8571.334,7.9805584
1496,2016-03-03 08:30:00+00:00,402.60016,8725.307,6.273261
1497,2016-03-03 09:30:00+00:00,436.76544,8383.559,6.9375134
1498,2016-03-03 10:30:00+00:00,499.5115,8499.464,7.012776
1499,2016-03-03 11:30:00+00:00,270.2721,9683.976,5.871092
1500,2016-03-03 12:30:00+00:00,228.95476,13099.703,5.384619
1501,2016-03-03 13:30:00+00:00,205.96423,21843.098,4.996262
1502,2016-03-03 14:30:00+00:00,156.09167,23219.361,4.7784834
1503,2016-03-03 15:30:00+00:00,103.81761,25073.402,4.2610326
1504,2016-03-03 16:30:00+00:00,72.176994,27520.748,3.9034667
1505,2016-03-03 17:30:00+00:00,51.43437,22820.602,3.6425426
1506,2016-03-03 18:30:00+00:00,69.99574,25959.367,3.8805907
1507,2016-03-03 19:30:00+00:00,35.45573,28297.219,3.2525947
1508,2016-03-03 20:30:00+00:00,53.04767,27432.332,3.3121912
1509,2016-03-03 21:30:00+00:00,52.703846,24733.293,2.8745477
1510,2016-03-03 22:30:00+00:00,48.526333,19692.297,2.8544388
1511,2016-03-03 23:30:00+00:00,75.435265,10493.412,2.766558
1512,2016-03-04 00:30:00+00:00,79.74128,7716.803,3.7404249
1513,2016-03-04 01:30:00+00:00,137.81705,7868.516,4.623619
1514,2016-03-04 02:30:00+00:00,822.77264,7939.616,8.223673
1515,2016-03-04 03:30:00+00:00,1107.011,7741.611,9.06087
1516,2016-03-04 04:30:00+00:00,1491.6815,7682.073,10.236473
1517,2016-03-04 05:30:00+00:00,938.152,8099.1006,9.078921
1518,2016-03-04 06:30:00+00:00,734.1074,8011.3975,8.356995
1519,2016-03-04 07:30:00+00:00,636.72675,8274.747,7.6538343
1520,2016-03-04 08:30:00+00:00,360.36862,8252.589,6.4217663
1521,2016-03-04 09:30:00+00:00,170.72964,8075.778,5.1758184
1522,2016-03-04 10:30:00+00:00,75.09233,8074.0195,3.805669
1523,2016-03-04 11:30:00+00:00,77.82124,9645.3545,3.569097
1524,2016-03-04 12:30:00+00:00,82.83778,12954.545,3.848562
1525,2016-03-04 13:30:00+00:00,25.42889,21654.73,2.957275
1526,2016-03-04 14:30:00+00:00,57.409225,23689.555,3.1793315
1527,2016-03-04 15:30:00+00:00,63.474545,25222.523,3.5692189
1528,2016-03-04 16:30:00+00:00,14.262777,27353.428,2.4621456
1529,2016-03-04 17:30:00+00:00,32.071148,22620.092,2.8060443
1530,2016-03-04 18:30:00+00:00,59.801147,25932.215,3.526561
1531,2016-03-04 19:30:00+00:00,101.93749,28266.193,4.1110907
1532,2016-03-04 20:30:00+00:00,124.30064,27180.906,4.307049
1533,2016-03-04 21:30:00+00:00,219.81311,24594.469,5.031381
1534,2016-03-04 22:30:00+00:00,196.58493,19318.9,5.0700507
1535,2016-03-04 23:30:00+00:00,158.95126,10175.3955,4.854839
1536,2016-03-05 00:30:00+00:00,195.8259,7379.1113,4.9704747
1537,2016-03-05 01:30:00+00:00,99.269554,7595.7046,4.351999
1538,2016-03-05 02:30:00+00:00,44.249992,7758.7646,3.8728123
1539,2016-03-05 03:30:00+00:00,58.83459,7744.74,3.8437448
1540,2016-03-05 04:30:00+00:00,145.8343,7907.103,4.6380124
1541,2016-03-05 05:30:00+00:00,311.9535,8025.763,5.9005923
1542,2016-03-05 06:30:00+00:00,481.4153,7990.877,6.8144865
1543,2016-03-05 07:30:00+00:00,582.4686,7974.686,7.354424
1544,2016-03-05 08:30:00+00:00,620.8494,8136.3193,7.6397204
1545,2016-03-05 09:30:00+00:00,813.2877,7982.3555,8.396289
1546,2016-03-05 10:30:00+00:00,1249.2096,7831.5527,9.761926
1547,2016-03-05 11:30:00+00:00,1236.2007,7530.318,9.915302
1548,2016-03-05 12:30:00+00:00,765.7084,7345.276,8.392379
1549,2016-03-05 13:30:00+00:00,742.6768,7018.9014,8.057466
1550,2016-03-05 14:30:00+00:00,328.23856,7029.4805,6.1817093
1551,2016-03-05 15:30:00+00:00,217.6802,6900.624,5.4170084
1552,2016-03-05 16:30:00+00:00,204.1884,6686.583,5.308977
1553,2016-03-05 17:30:00+00:00,75.4985,6660.441,4.4448566
1554,2016-03-05 18:30:00+00:00,53.607925,6805.1587,3.8909597
1555,2016-03-05 19:30:00+00:00,23.40868,6848.055,2.9223344
1556,2016-03-05 20:30:00+00:00,13.317486,6845.404,2.0555534
1557,2016-03-05 21:30:00+00:00,9.301911,6929.7124,1.5715996
1558,2016-03-05 22:30:00+00:00,61.145084,6982.942,2.466771
1559,2016-03-05 23:30:00+00:00,31.575224,7162.46,1.7938776
1560,2016-03-06 00:30:00+00:00,49.494827,7712.854,2.9096425
1561,2016-03-06 01:30:00+00:00,57.11866,7804.3125,3.4191186
1562,2016-03-06 02:30:00+00:00,14.296767,8072.6177,2.655238
1563,2016-03-06 03:30:00+00:00,5.528122,8092.222,2.2776096
1564,2016-03-06 04:30:00+00:00,35.111664,7872.6143,2.2669184
1565,2016-03-06 05:30:00+00:00,0,7997.0146,1.7558085
1566,2016-03-06 06:30:00+00:00,19.684097,8327.604,2.6520667
1567,2016-03-06 07:30:00+00:00,64.90322,8444.957,3.5914843
1568,2016-03-06 08:30:00+00:00,226.86299,8294.161,5.3176126
1569,2016-03-06 09:30:00+00:00,251.19913,8304.111,5.488572
1570,2016-03-06 10:30:00+00:00,321.80496,8198.905,6.0133233
1571,2016-03-06 11:30:00+00:00,375.1832,8269.085,6.4009886
1572,2016-03-06 12:30:00+00:00,497.53018,8200.345,7.1145353
1573,2016-03-06 13:30:00+00:00,808.00104,8155.0728,8.3088875
1574,2016-03-06 14:30:00+00:00,529.7922,7618.4087,7.6040807
1575,2016-03-06 15:30:00+00:00,269.5608,7206.0903,6.112227
1576,2016-03-06 16:30:00+00:00,628.30536,6745.2837,7.676718
1577,2016-03-06 17:30:00+00:00,803.01324,6637.982,8.525421
1578,2016-03-06 18:30:00+00:00,919.0423,6695.6343,8.879062
1579,2016-03-06 19:30:00+00:00,1165.6621,6627.2627,9.525026
1580,2016-03-06 20:30:00+00:00,1510.5824,6689.0986,10.454362
1581,2016-03-06 21:30:00+00:00,1558.1764,6544.879,10.811532
1582,2016-03-06 22:30:00+00:00,2033.0746,6684.1025,12.202071
1583,2016-03-06 23:30:00+00:00,2264.69,6754.2637,13.721142
1584,2016-03-07 00:30:00+00:00,2268.0159,6896.4443,15.270045
1585,2016-03-07 01:30:00+00:00,2250.9768,6878.9287,15.798548
1586,2016-03-07 02:30:00+00:00,2209.302,6952.8105,15.500871
1587,2016-03-07 03:30:00+00:00,2217.8008,6848.6475,16.49624
1588,2016-03-07 04:30:00+00:00,2213.821,6620.403,17.438963
1589,2016-03-07 05:30:00+00:00,2216.16,6577.242,18.067917
1590,2016-03-07 06:30:00+00:00,2117.942,6703.1255,14.901304
1591,2016-03-07 07:30:00+00:00,2140.9333,6920.8184,14.890322
1592,2016-03-07 08:30:00+00:00,2140.8787,6864.9355,15.108032
1593,2016-03-07 09:30:00+00:00,2198.959,6939.0913,16.587353
1594,2016-03-07 10:30:00+00:00,2190.118,7058.7563,16.43925
1595,2016-03-07 11:30:00+00:00,2155.9832,8175.443,14.657066
1596,2016-03-07 12:30:00+00:00,2157.1091,11821.75,14.230842
1597,2016-03-07 13:30:00+00:00,2157.1765,21755.828,14.0470295
1598,2016-03-07 14:30:00+00:00,2150.1682,24425.232,13.656815
1599,2016-03-07 15:30:00+00:00,2085.1711,26817.023,11.518517
1600,2016-03-07 16:30:00+00:00,1655.9646,29678.916,10.511487
1601,2016-03-07 17:30:00+00:00,770.35297,24301.979,8.053423
1602,2016-03-07 18:30:00+00:00,534.61145,27821.596,6.9848833
1603,2016-03-07 19:30:00+00:00,353.82364,30580.168,6.319921
1604,2016-03-07 20:30:00+00:00,246.69556,29309.086,5.8404665
1605,2016-03-07 21:30:00+00:00,188.51434,26415.525,5.208723
1606,2016-03-07 22:30:00+00:00,362.3241,20389.895,5.9302006
1607,2016-03-07 23:30:00+00:00,454.79108,10698.248,6.5483418
1608,2016-03-08 00:30:00+00:00,207.93286,7064.5093,5.1442423
1609,2016-03-08 01:30:00+00:00,344.4756,7082.4956,5.797598
1610,2016-03-08 02:30:00+00:00,333.85147,7065.7637,5.9514785
1611,2016-03-08 03:30:00+00:00,71.27035,6980.0615,3.6256084
1612,2016-03-08 04:30:00+00:00,182.09134,6969.269,4.6404414
1613,2016-03-08 05:30:00+00:00,290.02542,6960.3184,5.733621
1614,2016-03-08 06:30:00+00:00,662.681,6898.3784,7.600867
1615,2016-03-08 07:30:00+00:00,361.41876,6982.4746,6.528293
1616,2016-03-08 08:30:00+00:00,300.78607,6902.673,6.1326165
1617,2016-03-08 09:30:00+00:00,265.34125,6853.805,5.7143316
1618,2016-03-08 10:30:00+00:00,291.91714,7121.3887,6.049785
1619,2016-03-08 11:30:00+00:00,163.72112,8214.45,5.276208
1620,2016-03-08 12:30:00+00:00,1437.3617,11724.805,10.728014
1621,2016-03-08 13:30:00+00:00,1221.7719,21429.293,10.062848
1622,2016-03-08 14:30:00+00:00,2191.1023,22756.07,11.939608
1623,2016-03-08 15:30:00+00:00,2005.2731,24885.355,11.822947
1624,2016-03-08 16:30:00+00:00,2214.316,28082.502,11.9789915
1625,2016-03-08 17:30:00+00:00,1360.8066,23030.082,10.378632
1626,2016-03-08 18:30:00+00:00,934.269,26951.645,8.9178915
1627,2016-03-08 19:30:00+00:00,1243.7024,29564.064,9.6131935
1628,2016-03-08 20:30:00+00:00,1472.611,28638.07,10.354
1629,2016-03-08 21:30:00+00:00,1882.7668,25898.15,11.301099
1630,2016-03-08 22:30:00+00:00,2202.516,20373.008,12.190866
1631,2016-03-08 23:30:00+00:00,2193.0037,11022.158,13.131025
1632,2016-03-09 00:30:00+00:00,2231.6577,7156.5723,14.291996
1633,2016-03-09 01:30:00+00:00,2198.2422,6990.1885,14.66349
1634,2016-03-09 02:30:00+00:00,2200.7258,7012.657,15.047365
1635,2016-03-09 03:30:00+00:00,2214.8762,6747.349,16.624996
1636,2016-03-09 04:30:00+00:00,2175.4583,6875.008,16.14968
1637,2016-03-09 05:30:00+00:00,2180.7427,6754.482,16.563795
1638,2016-03-09 06:30:00+00:00,2144.2124,6695.798,15.930642
1639,2016-03-09 07:30:00+00:00,2094.7615,6782.1216,13.823405
1640,2016-03-09 08:30:00+00:00,2100.1104,6589.5234,13.552492
1641,2016-03-09 09:30:00+00:00,2105.8784,6661.4507,13.660542
1642,2016-03-09 10:30:00+00:00,2118.4514,6903.9795,13.885197
1643,2016-03-09 11:30:00+00:00,2102.542,8084.1167,13.294999
1644,2016-03-09 12:30:00+00:00,2092.5745,11645.753,12.674872
1645,2016-03-09 13:30:00+00:00,2096.576,21918.393,12.547872
1646,2016-03-09 14:30:00+00:00,1875.0739,23917.797,10.788386
1647,2016-03-09 15:30:00+00:00,2218.7554,26305.885,14.139418
1648,2016-03-09 16:30:00+00:00,2095.3987,28801.543,13.187878
1649,2016-03-09 17:30:00+00:00,2200.1785,23862.271,13.2293415
1650,2016-03-09 18:30:00+00:00,2182.1443,27552.336,13.454119
1651,2016-03-09 19:30:00+00:00,2233.1086,29927.139,14.451519
1652,2016-03-09 20:30:00+00:00,2237.0688,28756.893,14.872222
1653,2016-03-09 21:30:00+00:00,2179.4211,26021.994,12.966606
1654,2016-03-09 22:30:00+00:00,2164.78,20139.562,12.284436
1655,2016-03-09 23:30:00+00:00,2055.1172,10582.572,11.664943
1656,2016-03-10 00:30:00+00:00,2174.2026,6783.709,12.102302
1657,2016-03-10 01:30:00+00:00,581.63983,6780.5645,7.0963807
1658,2016-03-10 02:30:00+00:00,357.59982,6889.5815,5.056488
1659,2016-03-10 03:30:00+00:00,288.9574,6899.9453,4.7344885
1660,2016-03-10 04:30:00+00:00,65.81679,6978.0786,3.9266052
1661,2016-03-10 05:30:00+00:00,0,6993.1846,3.1634765
1662,2016-03-10 06:30:00+00:00,26.69579,6968.3604,3.4465714
1663,2016-03-10 07:30:00+00:00,7.361144,7160.803,3.3987
1664,2016-03-10 08:30:00+00:00,4.364522,6987.736,2.8940494
1665,2016-03-10 09:30:00+00:00,18.756636,6945.5566,2.655239
1666,2016-03-10 10:30:00+00:00,69.387146,7174.903,3.70768
1667,2016-03-10 11:30:00+00:00,60.62892,8312.87,3.6349761
1668,2016-03-10 12:30:00+00:00,30.478643,12096.514,3.0923996
1669,2016-03-10 13:30:00+00:00,30.916023,22910.23,2.7759037
1670,2016-03-10 14:30:00+00:00,40.832718,24750.883,3.05002
1671,2016-03-10 15:30:00+00:00,103.22949,27415.467,4.14323
1672,2016-03-10 16:30:00+00:00,65.86191,29731.213,3.7128978
1673,2016-03-10 17:30:00+00:00,44.766483,24467.152,3.1449292
1674,2016-03-10 18:30:00+00:00,105.10556,28147.045,3.880839
1675,2016-03-10 19:30:00+00:00,101.49521,30608.385,3.955101
1676,2016-03-10 20:30:00+00:00,165.9943,29017.53,4.559898
1677,2016-03-10 21:30:00+00:00,194.05013,26382.059,4.6721883
1678,2016-03-10 22:30:00+00:00,332.06702,20246.836,5.5711427
1679,2016-03-10 23:30:00+00:00,398.49396,10455.784,6.1564374
1680,2016-03-11 00:30:00+00:00,516.34906,6954.124,6.8628583
1681,2016-03-11 01:30:00+00:00,254.768,7172.57,5.76278
1682,2016-03-11 02:30:00+00:00,104.134735,7359.36,4.5225506
1683,2016-03-11 03:30:00+00:00,161.65443,7347.3984,4.623899
1684,2016-03-11 04:30:00+00:00,227.17857,7475.214,5.4234085
1685,2016-03-11 05:30:00+00:00,311.0096,7459.844,6.0913143
1686,2016-03-11 06:30:00+00:00,459.517,7539.0273,6.9033723
1687,2016-03-11 07:30:00+00:00,327.04745,7582.8857,6.4417033
1688,2016-03-11 08:30:00+00:00,260.76947,7482.7793,5.914743
1689,2016-03-11 09:30:00+00:00,207.79224,7325.9272,5.3768864
1690,2016-03-11 10:30:00+00:00,219.25131,7300.673,5.526936
1691,2016-03-11 11:30:00+00:00,257.2903,8732.202,5.907372
1692,2016-03-11 12:30:00+00:00,285.88223,12580.734,6.183313
1693,2016-03-11 13:30:00+00:00,112.80416,22192.83,4.7496533
1694,2016-03-11 14:30:00+00:00,186.76314,23878.064,5.1270823
1695,2016-03-11 15:30:00+00:00,38.641922,26432.904,3.6515183
1696,2016-03-11 16:30:00+00:00,57.634224,29458.658,3.9289384
1697,2016-03-11 17:30:00+00:00,95.47388,24572.781,4.4696345
1698,2016-03-11 18:30:00+00:00,24.48126,27933.736,3.4402413
1699,2016-03-11 19:30:00+00:00,0,30744.35,2.3584661
1700,2016-03-11 20:30:00+00:00,2.4891984,29354.441,1.9564013
1701,2016-03-11 21:30:00+00:00,0,26413.787,1.3117776
1702,2016-03-11 22:30:00+00:00,54.435265,20950.58,2.3467653
1703,2016-03-11 23:30:00+00:00,144.99522,11048.606,4.634018
1704,2016-03-12 00:30:00+00:00,103.73472,7448.326,4.623304
1705,2016-03-12 01:30:00+00:00,9.153005,7452.3823,2.4047036
1706,2016-03-12 02:30:00+00:00,0,7482.8213,1.6375433
1707,2016-03-12 03:30:00+00:00,227.20764,7421.3765,6.2242827
1708,2016-03-12 04:30:00+00:00,360.16223,7471.7505,6.6870394
1709,2016-03-12 05:30:00+00:00,885.57416,7627.3496,8.783769
1710,2016-03-12 06:30:00+00:00,1184.048,7543.9604,9.909177
1711,2016-03-12 07:30:00+00:00,1288.2383,7675.6343,10.352713
1712,2016-03-12 08:30:00+00:00,1323.8457,7735.736,10.454735
1713,2016-03-12 09:30:00+00:00,1190.0413,7789.12,10.142474
1714,2016-03-12 10:30:00+00:00,1711.8578,7739.07,11.300772
1715,2016-03-12 11:30:00+00:00,1051.5221,7568.33,9.849382
1716,2016-03-12 12:30:00+00:00,932.8083,7584.386,9.037569
1717,2016-03-12 13:30:00+00:00,498.91016,7411.0396,7.539512
1718,2016-03-12 14:30:00+00:00,300.00027,7310.22,6.4610014
1719,2016-03-12 15:30:00+00:00,513.0057,7293.743,7.3187904
1720,2016-03-12 16:30:00+00:00,499.93436,7065.412,7.4879527
1721,2016-03-12 17:30:00+00:00,255.4687,7035.327,6.1460342
1722,2016-03-12 18:30:00+00:00,550.4107,7009.1255,7.3681555
1723,2016-03-12 19:30:00+00:00,501.64032,7096.87,7.222754
1724,2016-03-12 20:30:00+00:00,888.7049,7013.208,8.45099
1725,2016-03-12 21:30:00+00:00,446.55975,7073.7524,6.8611693
1726,2016-03-12 22:30:00+00:00,960.18024,6958.89,8.931453
1727,2016-03-12 23:30:00+00:00,1022.20953,6999.2437,9.529543
1728,2016-03-13 00:30:00+00:00,1257.6554,7058.5835,10.148258
1729,2016-03-13 01:30:00+00:00,543.81824,7127.089,7.689639
1730,2016-03-13 02:30:00+00:00,459.11896,7239.1934,7.008565
1731,2016-03-13 03:30:00+00:00,203.19994,7132.4507,5.700201
1732,2016-03-13 04:30:00+00:00,231.41734,7142.7344,5.6318564
1733,2016-03-13 05:30:00+00:00,780.83026,7134.162,7.9710627
1734,2016-03-13 06:30:00+00:00,1140.418,7095.642,9.283429
1735,2016-03-13 07:30:00+00:00,953.0246,7143.7344,9.149629
1736,2016-03-13 08:30:00+00:00,1443.7461,7253.09,10.186871
1737,2016-03-13 09:30:00+00:00,1265.7938,7349.577,9.972302
1738,2016-03-13 10:30:00+00:00,1751.1224,7324.8584,10.949166
1739,2016-03-13 11:30:00+00:00,2162.775,7381.0356,12.1863165
1740,2016-03-13 12:30:00+00:00,1709.1582,7549.403,11.061748
1741,2016-03-13 13:30:00+00:00,1789.2235,7370.2827,10.883934
1742,2016-03-13 14:30:00+00:00,980.03485,7311.2764,8.996451
1743,2016-03-13 15:30:00+00:00,1330.9436,7195.0454,9.656422
1744,2016-03-13 16:30:00+00:00,950.53894,7075.394,9.0188465
1745,2016-03-13 17:30:00+00:00,1575.5459,6986.8086,10.382328
1746,2016-03-13 18:30:00+00:00,1923.6532,6875.68,11.370382
1747,2016-03-13 19:30:00+00:00,1553.5883,6939.8643,10.570288
1748,2016-03-13 20:30:00+00:00,2236.0698,7072.7686,12.267474
1749,2016-03-13 21:30:00+00:00,1398.2599,7162.5312,10.625272
1750,2016-03-13 22:30:00+00:00,1585.7892,7295.7695,10.756332
1751,2016-03-13 23:30:00+00:00,2166.2073,7233.9595,13.032522
1752,2016-03-14 00:30:00+00:00,2241.1182,7223.9614,14.119261
1753,2016-03-14 01:30:00+00:00,2281.1775,7171.5728,15.640846
1754,2016-03-14 02:30:00+00:00,2245.9114,7273.651,16.530529
1755,2016-03-14 03:30:00+00:00,2294.6191,7220.905,19.076807
1756,2016-03-14 04:30:00+00:00,2194.6213,6978.103,17.292532
1757,2016-03-14 05:30:00+00:00,2155.7988,7210.875,15.9572735
1758,2016-03-14 06:30:00+00:00,2220.4502,7846.9683,18.527115
1759,2016-03-14 07:30:00+00:00,2229.4856,8084.5312,19.382277
1760,2016-03-14 08:30:00+00:00,2226.2095,8022.56,18.879293
1761,2016-03-14 09:30:00+00:00,2150.3452,8209.832,15.624267
1762,2016-03-14 10:30:00+00:00,2225.1997,9527.682,17.55698
1763,2016-03-14 11:30:00+00:00,2223.183,14099.611,17.924105
1764,2016-03-14 12:30:00+00:00,2239.506,25063.73,17.882517
1765,2016-03-14 13:30:00+00:00,2193.2356,28039.307,16.106382
1766,2016-03-14 14:30:00+00:00,2168.2112,31793.867,14.585994
1767,2016-03-14 15:30:00+00:00,2145.74,34009.79,13.321439
1768,2016-03-14 16:30:00+00:00,2052.5852,29554.275,11.303089
1769,2016-03-14 17:30:00+00:00,1611.1378,33825.293,10.808325
1770,2016-03-14 18:30:00+00:00,2069.1375,35859.824,11.787008
1771,2016-03-14 19:30:00+00:00,2105.5667,34324.285,11.983489
1772,2016-03-14 20:30:00+00:00,1760.8495,31258.643,11.028761
1773,2016-03-14 21:30:00+00:00,1700.3345,24564.033,10.775626
1774,2016-03-14 22:30:00+00:00,1527.4779,13186.55,10.493417
1775,2016-03-14 23:30:00+00:00,1994.9344,8694.735,11.592456
1776,2016-03-15 00:30:00+00:00,765.5941,8271.347,8.138703
1777,2016-03-15 01:30:00+00:00,323.59988,8569.012,6.12978
1778,2016-03-15 02:30:00+00:00,553.95026,8684.022,6.531855
1779,2016-03-15 03:30:00+00:00,99.85572,8810.372,3.8871593
1780,2016-03-15 04:30:00+00:00,45.12652,8728.999,3.105296
1781,2016-03-15 05:30:00+00:00,35.075047,8807.097,2.6882432
1782,2016-03-15 06:30:00+00:00,4.0193787,8626.411,2.5829134
1783,2016-03-15 07:30:00+00:00,98.87873,8668.793,4.197569
1784,2016-03-15 08:30:00+00:00,48.740246,8330.741,3.2370284
1785,2016-03-15 09:30:00+00:00,87.891716,8437.783,3.6277945
1786,2016-03-15 10:30:00+00:00,303.53955,9898.72,5.664199
1787,2016-03-15 11:30:00+00:00,176.42488,14369.735,4.9350824
1788,2016-03-15 12:30:00+00:00,13.263155,27011.021,2.174291
1789,2016-03-15 13:30:00+00:00,120.910866,29233.943,3.4313495
1790,2016-03-15 14:30:00+00:00,113.9362,31996.053,4.20938
1791,2016-03-15 15:30:00+00:00,80.83286,35686.71,3.7689917
1792,2016-03-15 16:30:00+00:00,133.3025,29899.643,4.1324816
1793,2016-03-15 17:30:00+00:00,135.32018,34900.566,4.1818604
1794,2016-03-15 18:30:00+00:00,222.12709,37638.465,4.898161
1795,2016-03-15 19:30:00+00:00,272.05112,36283.94,5.1961336
1796,2016-03-15 20:30:00+00:00,195.2968,32793.383,4.6449175
1797,2016-03-15 21:30:00+00:00,329.9382,26168.16,5.3263144
1798,2016-03-15 22:30:00+00:00,399.26962,14239.06,6.0491853
1799,2016-03-15 23:30:00+00:00,1116.3055,9082.044,8.861213
1800,2016-03-16 00:30:00+00:00,308.05338,8651.39,5.423827
1801,2016-03-16 01:30:00+00:00,286.00784,9039.072,5.1256833
1802,2016-03-16 02:30:00+00:00,227.98816,8901.0205,5.020817
1803,2016-03-16 03:30:00+00:00,199.95967,8785.206,5.3958535
1804,2016-03-16 04:30:00+00:00,707.0932,8679.571,7.7254615
1805,2016-03-16 05:30:00+00:00,1007.9503,8556.911,8.82951
1806,2016-03-16 06:30:00+00:00,895.7175,8457.767,8.805155
1807,2016-03-16 07:30:00+00:00,905.466,8368.178,8.768699
1808,2016-03-16 08:30:00+00:00,1194.797,8281.011,9.539097
1809,2016-03-16 09:30:00+00:00,1792.1002,8577.636,11.2359
1810,2016-03-16 10:30:00+00:00,2149.5935,9936.436,12.448144
1811,2016-03-16 11:30:00+00:00,2242.687,14274.147,16.299887
1812,2016-03-16 12:30:00+00:00,2300,26810.738,19.40979
1813,2016-03-16 13:30:00+00:00,1022.48895,30545.332,22.378555
1814,2016-03-16 14:30:00+00:00,967.56445,33595.03,22.907743
1815,2016-03-16 15:30:00+00:00,1038.6296,36524.938,23.182062
1816,2016-03-16 16:30:00+00:00,881.6242,30855.992,23.228266
1817,2016-03-16 17:30:00+00:00,1971.1335,35370.402,19.249239
1818,2016-03-16 18:30:00+00:00,2085.844,37629.312,14.535011
1819,2016-03-16 19:30:00+00:00,2120.9717,35786.02,13.025208
1820,2016-03-16 20:30:00+00:00,2159.347,32454.82,15.870906
1821,2016-03-16 21:30:00+00:00,2164.8103,25282.287,15.717753
1822,2016-03-16 22:30:00+00:00,2161.9238,13202.817,14.750931
1823,2016-03-16 23:30:00+00:00,2245.596,8646.974,17.570318
1824,2016-03-17 00:30:00+00:00,2243.6038,8463.323,17.348932
1825,2016-03-17 01:30:00+00:00,2265.1013,8710.32,18.516388
1826,2016-03-17 02:30:00+00:00,2248.067,8971.83,18.672361
1827,2016-03-17 03:30:00+00:00,2194.3235,9107.184,17.033865
1828,2016-03-17 04:30:00+00:00,2159.7444,8930.862,15.852055
1829,2016-03-17 05:30:00+00:00,2205.4595,8742.816,17.440884
1830,2016-03-17 06:30:00+00:00,2193.4456,8754.111,17.233906
1831,2016-03-17 07:30:00+00:00,2169.1545,8885.556,15.951168
1832,2016-03-17 08:30:00+00:00,2157.3567,8716.452,15.040306
1833,2016-03-17 09:30:00+00:00,2204.7075,8844.996,16.688232
1834,2016-03-17 10:30:00+00:00,2237.2078,10335.051,17.748228
1835,2016-03-17 11:30:00+00:00,2234.3997,14863.85,17.472357
1836,2016-03-17 12:30:00+00:00,2212.6655,26900.479,16.708063
1837,2016-03-17 13:30:00+00:00,2231.9187,30857.031,16.899323
1838,2016-03-17 14:30:00+00:00,2221.787,33988.293,16.50889
1839,2016-03-17 15:30:00+00:00,2248.334,36362.277,16.878563
1840,2016-03-17 16:30:00+00:00,2271.7317,30904.2,17.849558
1841,2016-03-17 17:30:00+00:00,2261.8018,35919.55,17.814339
1842,2016-03-17 18:30:00+00:00,2247.2158,38454.637,17.58523
1843,2016-03-17 19:30:00+00:00,2227.8953,36444.38,17.234385
1844,2016-03-17 20:30:00+00:00,2222.9072,32891.508,16.933931
1845,2016-03-17 21:30:00+00:00,2211.6833,25311.07,15.715116
1846,2016-03-17 22:30:00+00:00,2208.6511,13675.795,14.952151
1847,2016-03-17 23:30:00+00:00,2163.0293,9049.98,12.891444
1848,2016-03-18 00:30:00+00:00,2181.8386,8838.592,13.368386
1849,2016-03-18 01:30:00+00:00,1939.0161,9097.336,11.489641
1850,2016-03-18 02:30:00+00:00,1949.457,9322.87,11.238588
1851,2016-03-18 03:30:00+00:00,2004.2643,9300.047,11.319574
1852,2016-03-18 04:30:00+00:00,1627.2817,9392.882,10.690674
1853,2016-03-18 05:30:00+00:00,887.76636,9256.583,8.763649
1854,2016-03-18 06:30:00+00:00,762.7033,9511.777,7.9025645
1855,2016-03-18 07:30:00+00:00,431.28888,9512.698,6.6723986
1856,2016-03-18 08:30:00+00:00,169.24916,9367.416,5.239489
1857,2016-03-18 09:30:00+00:00,66.52499,9205.87,3.8506093
1858,2016-03-18 10:30:00+00:00,6.783333,10926.51,2.5230086
1859,2016-03-18 11:30:00+00:00,319.47058,15832.484,6.5342484
1860,2016-03-18 12:30:00+00:00,1970.4956,27573.09,11.748041
1861,2016-03-18 13:30:00+00:00,1533.0148,30977.857,10.835023
1862,2016-03-18 14:30:00+00:00,1828.0117,34800.62,10.471087
1863,2016-03-18 15:30:00+00:00,1333.4423,37924.152,9.771677
1864,2016-03-18 16:30:00+00:00,1463.8302,32208.062,9.916072
1865,2016-03-18 17:30:00+00:00,1281.7738,36521.07,9.554382
1866,2016-03-18 18:30:00+00:00,1053.8417,39033.254,8.7816105
1867,2016-03-18 19:30:00+00:00,950.4719,37054.99,8.335334
1868,2016-03-18 20:30:00+00:00,886.80316,33233.29,8.035216
1869,2016-03-18 21:30:00+00:00,728.53845,26493.334,7.6106853
1870,2016-03-18 22:30:00+00:00,583.5413,15233.564,7.2554145
1871,2016-03-18 23:30:00+00:00,623.07043,9815.588,7.5435143
1872,2016-03-19 00:30:00+00:00,700.17,9352.875,7.908417
1873,2016-03-19 01:30:00+00:00,985.15765,9789.37,8.862434
1874,2016-03-19 02:30:00+00:00,744.378,9766.217,8.268782
1875,2016-03-19 03:30:00+00:00,766.24054,9741.519,8.248752
1876,2016-03-19 04:30:00+00:00,714.55096,9726.358,8.047479
1877,2016-03-19 05:30:00+00:00,523.86,9591.17,7.2828064
1878,2016-03-19 06:30:00+00:00,617.0554,9578.457,7.568787
1879,2016-03-19 07:30:00+00:00,500.07227,9594.55,7.091246
1880,2016-03-19 08:30:00+00:00,491.4367,9706.443,7.146492
1881,2016-03-19 09:30:00+00:00,398.94272,9927.684,6.6658187
1882,2016-03-19 10:30:00+00:00,346.3572,9747.839,6.3646555
1883,2016-03-19 11:30:00+00:00,219.47815,9680.734,5.4669905
1884,2016-03-19 12:30:00+00:00,340.1668,9673.867,6.196899
1885,2016-03-19 13:30:00+00:00,597.32904,9714.748,7.5671144
1886,2016-03-19 14:30:00+00:00,874.8554,9836.502,8.518729
1887,2016-03-19 15:30:00+00:00,461.08292,9708.1875,7.0264683
1888,2016-03-19 16:30:00+00:00,270.81268,9386.507,6.084395
1889,2016-03-19 17:30:00+00:00,127.25089,9661.042,4.6106014
1890,2016-03-19 18:30:00+00:00,90.50362,9594.465,4.306578
1891,2016-03-19 19:30:00+00:00,164.82011,9706.378,4.980505
1892,2016-03-19 20:30:00+00:00,268.2231,9604.89,5.7346053
1893,2016-03-19 21:30:00+00:00,389.28503,9664.041,6.5464396
1894,2016-03-19 22:30:00+00:00,604.8131,9864.67,7.6482153
1895,2016-03-19 23:30:00+00:00,670.48016,9886.158,8.193165
1896,2016-03-20 00:30:00+00:00,1234.2863,9934.367,10.0124655
1897,2016-03-20 01:30:00+00:00,1392.2224,9777.203,10.660426
1898,2016-03-20 02:30:00+00:00,1382.2705,9673.833,10.580069
1899,2016-03-20 03:30:00+00:00,778.12683,9480.595,8.746754
1900,2016-03-20 04:30:00+00:00,564.55225,9163.411,7.6474285
1901,2016-03-20 05:30:00+00:00,392.01047,9374.932,6.509837
1902,2016-03-20 06:30:00+00:00,258.54733,9531.381,5.788938
1903,2016-03-20 07:30:00+00:00,570.943,9578.1,7.516734
1904,2016-03-20 08:30:00+00:00,589.3124,9710.094,7.7576876
1905,2016-03-20 09:30:00+00:00,459.25797,9676.611,7.3509316
1906,2016-03-20 10:30:00+00:00,432.59088,9597.501,6.9891124
1907,2016-03-20 11:30:00+00:00,466.95288,9468.46,7.080748
1908,2016-03-20 12:30:00+00:00,472.7383,9181.295,7.161456
1909,2016-03-20 13:30:00+00:00,186.32144,9084.079,5.175126
1910,2016-03-20 14:30:00+00:00,3.5558925,9430.982,2.794048
1911,2016-03-20 15:30:00+00:00,22.828777,9642.228,1.8343114
1912,2016-03-20 16:30:00+00:00,0,9116.3545,2.2093914
1913,2016-03-20 17:30:00+00:00,3.5090418,8964.58,2.3487494
1914,2016-03-20 18:30:00+00:00,5.015514,9069.754,1.6703727
1915,2016-03-20 19:30:00+00:00,80.130615,9145.082,3.4097946
1916,2016-03-20 20:30:00+00:00,46.973095,8878.714,2.609195
1917,2016-03-20 21:30:00+00:00,170.89697,8831.812,4.5388455
1918,2016-03-20 22:30:00+00:00,291.3822,9205.888,5.8681545
1919,2016-03-20 23:30:00+00:00,695.63226,9428.277,8.007765
1920,2016-03-21 00:30:00+00:00,411.3537,9399.23,7.0812125
1921,2016-03-21 01:30:00+00:00,585.181,9531.206,7.6214004
1922,2016-03-21 02:30:00+00:00,283.49762,9532.204,6.098573
1923,2016-03-21 03:30:00+00:00,97.25408,9750.383,4.666741
1924,2016-03-21 04:30:00+00:00,77.42117,9722.202,3.570952
1925,2016-03-21 05:30:00+00:00,196.40791,9219.799,5.1568336
1926,2016-03-21 06:30:00+00:00,90.79672,9426.417,3.4529784
1927,2016-03-21 07:30:00+00:00,148.21568,9253.809,4.2535315
1928,2016-03-21 08:30:00+00:00,447.50314,9023.158,6.687389
1929,2016-03-21 09:30:00+00:00,239.28136,8852.515,5.07211
1930,2016-03-21 10:30:00+00:00,1236.0569,10009.268,10.148197
1931,2016-03-21 11:30:00+00:00,946.1885,14276.086,9.16003
1932,2016-03-21 12:30:00+00:00,402.5776,25883.967,6.51177
1933,2016-03-21 13:30:00+00:00,1178.7168,28875.123,9.741664
1934,2016-03-21 14:30:00+00:00,719.031,32034.09,8.2225685
1935,2016-03-21 15:30:00+00:00,843.2435,34307.105,8.5226965
1936,2016-03-21 16:30:00+00:00,308.19165,29045.662,5.932925
1937,2016-03-21 17:30:00+00:00,1441.3567,33340.89,10.706468
1938,2016-03-21 18:30:00+00:00,1184.5177,35589.867,9.713041
1939,2016-03-21 19:30:00+00:00,1025.3466,34006.074,8.748009
1940,2016-03-21 20:30:00+00:00,1099.6787,30718.166,8.732353
1941,2016-03-21 21:30:00+00:00,643.49585,24251.156,7.5122643
1942,2016-03-21 22:30:00+00:00,340.58002,13470.483,6.0469537
1943,2016-03-21 23:30:00+00:00,446.6653,9149.636,6.624128
1944,2016-03-22 00:30:00+00:00,301.60855,8967.554,5.959356
1945,2016-03-22 01:30:00+00:00,162.35522,9282.388,4.692259
1946,2016-03-22 02:30:00+00:00,71.46438,9142.34,3.6423752
1947,2016-03-22 03:30:00+00:00,33.123405,9079.396,2.883187
1948,2016-03-22 04:30:00+00:00,33.398785,9003.81,2.8790298
1949,2016-03-22 05:30:00+00:00,94.484116,8889.142,4.1492615
1950,2016-03-22 06:30:00+00:00,207.79504,9094.332,5.201658
1951,2016-03-22 07:30:00+00:00,233.10892,8971.837,5.3449335
1952,2016-03-22 08:30:00+00:00,380.0742,8967.259,6.3002133
1953,2016-03-22 09:30:00+00:00,395.9403,8901.627,6.5278745
1954,2016-03-22 10:30:00+00:00,553.7937,10298.765,7.3810005
1955,2016-03-22 11:30:00+00:00,561.92194,14465.376,7.482183
1956,2016-03-22 12:30:00+00:00,939.83154,26689.557,8.7857685
1957,2016-03-22 13:30:00+00:00,572.0242,29730.947,7.7374115
1958,2016-03-22 14:30:00+00:00,245.06319,32579.28,5.707448
1959,2016-03-22 15:30:00+00:00,411.69855,35098.926,6.6017914
1960,2016-03-22 16:30:00+00:00,697.8271,29330.803,8.118414
1961,2016-03-22 17:30:00+00:00,696.41,33908.555,8.045706
1962,2016-03-22 18:30:00+00:00,1177.0773,36744.95,9.557621
1963,2016-03-22 19:30:00+00:00,1000.265,35121.297,9.289601
1964,2016-03-22 20:30:00+00:00,1306.2742,31581.658,9.917694
1965,2016-03-22 21:30:00+00:00,1294.8566,24563.934,10.097877
1966,2016-03-22 22:30:00+00:00,1579.7252,12723.74,10.914057
1967,2016-03-22 23:30:00+00:00,2229.5344,8319.768,13.056552
1968,2016-03-23 00:30:00+00:00,2209.756,8203.087,14.797638
1969,2016-03-23 01:30:00+00:00,2199.3389,8267.5205,12.928813
1970,2016-03-23 02:30:00+00:00,787.4529,8136.254,8.650152
1971,2016-03-23 03:30:00+00:00,443.37836,8365.896,6.665574
1972,2016-03-23 04:30:00+00:00,318.08432,8444.389,5.5070767
1973,2016-03-23 05:30:00+00:00,102.78151,8429.814,4.331959
1974,2016-03-23 06:30:00+00:00,66.78109,8366.811,3.9640634
1975,2016-03-23 07:30:00+00:00,613.85266,8410.672,7.4245486
1976,2016-03-23 08:30:00+00:00,1027.073,8521.265,8.7762575
1977,2016-03-23 09:30:00+00:00,1296.3452,8897.085,9.642064
1978,2016-03-23 10:30:00+00:00,1095.6322,10654.753,9.284612
1979,2016-03-23 11:30:00+00:00,1432.4233,15368.086,9.837509
1980,2016-03-23 12:30:00+00:00,1877.235,27236.117,10.973639
1981,2016-03-23 13:30:00+00:00,1557.471,29784.238,10.410044
1982,2016-03-23 14:30:00+00:00,1247.1139,32786.746,9.567205
1983,2016-03-23 15:30:00+00:00,1676.5852,36140.824,10.524262
1984,2016-03-23 16:30:00+00:00,1543.553,29933.225,10.436316
1985,2016-03-23 17:30:00+00:00,1464.6853,34440.027,10.121472
1986,2016-03-23 18:30:00+00:00,992.97784,36887.246,8.984899
1987,2016-03-23 19:30:00+00:00,1063.9736,35099.36,8.754857
1988,2016-03-23 20:30:00+00:00,1334.8027,31539.334,9.412852
1989,2016-03-23 21:30:00+00:00,935.595,24544.012,8.620339
1990,2016-03-23 22:30:00+00:00,1095.7145,12937.56,8.963287
1991,2016-03-23 23:30:00+00:00,1727.8234,8812.956,10.936095
1992,2016-03-24 00:30:00+00:00,1188.4332,8766.371,9.922133
1993,2016-03-24 01:30:00+00:00,1881.0385,9245.26,11.353304
1994,2016-03-24 02:30:00+00:00,1264.3171,9101.297,10.28882
1995,2016-03-24 03:30:00+00:00,1963.4652,8960.174,11.498925
1996,2016-03-24 04:30:00+00:00,1905.9563,8854.029,11.620568
1997,2016-03-24 05:30:00+00:00,1772.8562,8931.102,11.121526
1998,2016-03-24 06:30:00+00:00,1312.6487,9179.915,10.204897
1999,2016-03-24 07:30:00+00:00,1994.3938,9205.452,11.551797
2000,2016-03-24 08:30:00+00:00,1812.8123,8856.214,11.543131
2001,2016-03-24 09:30:00+00:00,2147.3552,8652.178,12.463766
2002,2016-03-24 10:30:00+00:00,2096.3604,10154.001,13.3779125
2003,2016-03-24 11:30:00+00:00,2157.7432,14915.927,13.693599
2004,2016-03-24 12:30:00+00:00,2135.3643,26957.045,13.257301
2005,2016-03-24 13:30:00+00:00,2175.1638,29429.414,13.921977
2006,2016-03-24 14:30:00+00:00,2153.5125,32322.908,13.339574
2007,2016-03-24 15:30:00+00:00,2205.6094,35169.19,14.70173
2008,2016-03-24 16:30:00+00:00,1132.2456,30121.543,9.700647
2009,2016-03-24 17:30:00+00:00,2119.4246,33924.09,13.675517
2010,2016-03-24 18:30:00+00:00,2181.0942,36467.12,17.411036
2011,2016-03-24 19:30:00+00:00,2300,34369.336,16.285688
2012,2016-03-24 20:30:00+00:00,2243.833,30879.326,17.450603
2013,2016-03-24 21:30:00+00:00,2251.0679,23925.094,18.125582
2014,2016-03-24 22:30:00+00:00,2230.993,12663.356,18.260094
2015,2016-03-24 23:30:00+00:00,2203.672,8188.98,17.130974
2016,2016-03-25 00:30:00+00:00,2151.5994,8015.0293,14.7112255
2017,2016-03-25 01:30:00+00:00,2173.2346,8034.88,15.776947
2018,2016-03-25 02:30:00+00:00,2146.65,8005.2905,15.356438
2019,2016-03-25 03:30:00+00:00,2129.8477,8115.1914,14.706728
2020,2016-03-25 04:30:00+00:00,2138.3052,8200.468,15.252346
2021,2016-03-25 05:30:00+00:00,2135.82,8151.6426,15.641582
2022,2016-03-25 06:30:00+00:00,2095.8318,8114.7754,14.349399
2023,2016-03-25 07:30:00+00:00,1240.1646,8325.393,10.421793
2024,2016-03-25 08:30:00+00:00,1352.0375,8706.673,9.878759
2025,2016-03-25 09:30:00+00:00,1961.6144,8948.033,11.445666
2026,2016-03-25 10:30:00+00:00,2095.0103,9083.514,12.5988
2027,2016-03-25 11:30:00+00:00,2080.787,9024.519,12.289691
2028,2016-03-25 12:30:00+00:00,2052.6953,9049.447,11.32821
2029,2016-03-25 13:30:00+00:00,1378.9128,9150.92,9.997752
2030,2016-03-25 14:30:00+00:00,1220.2551,9174.466,9.382081
2031,2016-03-25 15:30:00+00:00,1217.1174,9267.199,9.384662
2032,2016-03-25 16:30:00+00:00,748.02435,9070.624,8.266163
2033,2016-03-25 17:30:00+00:00,711.97406,9056.983,7.887176
2034,2016-03-25 18:30:00+00:00,521.7659,9129.519,7.19013
2035,2016-03-25 19:30:00+00:00,334.93372,9120.508,6.28742
2036,2016-03-25 20:30:00+00:00,454.86874,9211.783,6.4503613
2037,2016-03-25 21:30:00+00:00,228.723,9228.041,5.3112
2038,2016-03-25 22:30:00+00:00,182.36319,9171.527,4.795473
2039,2016-03-25 23:30:00+00:00,167.11899,9074.532,4.6440425
2040,2016-03-26 00:30:00+00:00,77.18098,9205.727,3.736704
2041,2016-03-26 01:30:00+00:00,26.862242,9178.405,2.9576414
2042,2016-03-26 02:30:00+00:00,0.89894646,9212.052,2.3267672
2043,2016-03-26 03:30:00+00:00,0,9086.375,2.3586035
2044,2016-03-26 04:30:00+00:00,0,8981.377,2.290752
2045,2016-03-26 05:30:00+00:00,16.510534,8839.592,3.0335124
2046,2016-03-26 06:30:00+00:00,37.863796,8628.008,3.4045758
2047,2016-03-26 07:30:00+00:00,169.20251,8864.82,4.85475
2048,2016-03-26 08:30:00+00:00,236.36526,8963.293,5.4812803
2049,2016-03-26 09:30:00+00:00,531.26355,8899.824,7.1180606
2050,2016-03-26 10:30:00+00:00,986.18665,8916.908,8.789594
2051,2016-03-26 11:30:00+00:00,1078.6976,9051.496,9.210476
2052,2016-03-26 12:30:00+00:00,968.977,8935.119,8.875278
2053,2016-03-26 13:30:00+00:00,477.48944,8914.147,7.1770296
2054,2016-03-26 14:30:00+00:00,65.52878,8766.492,4.2438583
2055,2016-03-26 15:30:00+00:00,79.764755,8509.194,3.1479115
2056,2016-03-26 16:30:00+00:00,97.24763,8408.07,4.725602
2057,2016-03-26 17:30:00+00:00,150.77982,8347.052,5.3436575
2058,2016-03-26 18:30:00+00:00,45.13015,8450.377,3.559889
2059,2016-03-26 19:30:00+00:00,13.204635,8222.574,2.8064003
2060,2016-03-26 20:30:00+00:00,21.735624,8173.3125,2.355535
2061,2016-03-26 21:30:00+00:00,57.079163,8242.571,3.2022438
2062,2016-03-26 22:30:00+00:00,82.46709,8223.754,3.7003376
2063,2016-03-26 23:30:00+00:00,146.58607,8078.922,4.4044576
2064,2016-03-27 00:30:00+00:00,386.2813,8162.689,6.448653
2065,2016-03-27 01:30:00+00:00,583.538,8451.709,7.4097896
2066,2016-03-27 02:30:00+00:00,801.3968,8552.987,8.190632
2067,2016-03-27 03:30:00+00:00,531.97095,8688.768,7.6426435
2068,2016-03-27 04:30:00+00:00,967.3595,8748.15,8.757344
2069,2016-03-27 05:30:00+00:00,1497.0413,8651.381,10.459573
2070,2016-03-27 06:30:00+00:00,885.70306,8861.112,9.046532
2071,2016-03-27 07:30:00+00:00,440.172,8896.599,7.3685412
2072,2016-03-27 08:30:00+00:00,521.3725,8960.525,7.069451
2073,2016-03-27 09:30:00+00:00,704.9873,8788.366,8.132623
2074,2016-03-27 10:30:00+00:00,830.8124,8828.918,8.714822
2075,2016-03-27 11:30:00+00:00,1183.1528,8884.666,9.591607
2076,2016-03-27 12:30:00+00:00,956.5099,8720.16,9.098604
2077,2016-03-27 13:30:00+00:00,464.41827,8662.78,7.2931633
2078,2016-03-27 14:30:00+00:00,120.911255,8646.5625,5.0186605
2079,2016-03-27 15:30:00+00:00,404.53513,8534.881,6.428593
2080,2016-03-27 16:30:00+00:00,757.8183,8130.614,8.434552
2081,2016-03-27 17:30:00+00:00,235.90804,7992.3164,5.6312275
2082,2016-03-27 18:30:00+00:00,581.9644,7968.5083,7.186229
2083,2016-03-27 19:30:00+00:00,462.44464,8143.44,7.093174
2084,2016-03-27 20:30:00+00:00,326.4554,8057.0684,6.4620533
2085,2016-03-27 21:30:00+00:00,256.32172,8207.559,5.774949
2086,2016-03-27 22:30:00+00:00,519.6272,8134.0225,6.9688015
2087,2016-03-27 23:30:00+00:00,1130.4878,8183.5977,9.191633
2088,2016-03-28 00:30:00+00:00,1972.02,8162.9014,11.816508
2089,2016-03-28 01:30:00+00:00,2149.644,8111.384,12.753666
2090,2016-03-28 02:30:00+00:00,2187.987,8054.9297,13.918256
2091,2016-03-28 03:30:00+00:00,2147.2124,7977.8193,14.377374
2092,2016-03-28 04:30:00+00:00,2214.779,7756.8086,17.21153
2093,2016-03-28 05:30:00+00:00,2224.3486,7095.475,18.445686
2094,2016-03-28 06:30:00+00:00,1069.1119,7164.9883,10.630597
2095,2016-03-28 07:30:00+00:00,1830.5702,7102.4688,11.538001
2096,2016-03-28 08:30:00+00:00,542.33734,7044.3027,6.3538165
2097,2016-03-28 09:30:00+00:00,1762.7081,7163.8726,12.572763
2098,2016-03-28 10:30:00+00:00,1059.1879,8472.745,9.628428
2099,2016-03-28 11:30:00+00:00,640.3166,12335.182,7.7135096
2100,2016-03-28 12:30:00+00:00,1228.4956,23300.7,9.475735
2101,2016-03-28 13:30:00+00:00,1226.2737,25059.13,9.920988
2102,2016-03-28 14:30:00+00:00,2277.257,27830.447,17.294466
2103,2016-03-28 15:30:00+00:00,2190.0583,30367.88,18.923138
2104,2016-03-28 16:30:00+00:00,2300,25179.73,18.508837
2105,2016-03-28 17:30:00+00:00,2230.2317,28729.107,18.144974
2106,2016-03-28 18:30:00+00:00,2233.5925,31131.494,17.87932
2107,2016-03-28 19:30:00+00:00,2208.3774,29710.96,17.448586
2108,2016-03-28 20:30:00+00:00,2175.2175,26837.99,16.013144
2109,2016-03-28 21:30:00+00:00,2173.102,20692.91,15.99871
2110,2016-03-28 22:30:00+00:00,2166.694,11186.051,15.040787
2111,2016-03-28 23:30:00+00:00,2176.1873,7544.2905,14.625457
2112,2016-03-29 00:30:00+00:00,2168.191,7510.292,14.293526
2113,2016-03-29 01:30:00+00:00,2147.2505,7550.5923,13.665774
2114,2016-03-29 02:30:00+00:00,2068.09,7490.235,11.332834
2115,2016-03-29 03:30:00+00:00,2092.3313,7524.154,12.757874
2116,2016-03-29 04:30:00+00:00,2014.3231,7883.82,11.114478
2117,2016-03-29 05:30:00+00:00,2084.4126,8018.208,12.736505
2118,2016-03-29 06:30:00+00:00,1258.1389,8367.126,9.9719715
2119,2016-03-29 07:30:00+00:00,2067.0288,8211.313,11.358408
2120,2016-03-29 08:30:00+00:00,1765.3776,8135.3164,11.169275
2121,2016-03-29 09:30:00+00:00,1395.8298,8046.0146,10.18477
2122,2016-03-29 10:30:00+00:00,1349.3573,9212.377,9.840317
2123,2016-03-29 11:30:00+00:00,891.6645,12731.126,8.626612
2124,2016-03-29 12:30:00+00:00,953.43176,23204.93,8.580813
2125,2016-03-29 13:30:00+00:00,641.45197,24650.22,7.8478737
2126,2016-03-29 14:30:00+00:00,640.9852,27684.11,7.82299
2127,2016-03-29 15:30:00+00:00,823.3689,30452.293,8.325262
2128,2016-03-29 16:30:00+00:00,345.96896,25334.52,6.535342
2129,2016-03-29 17:30:00+00:00,451.18866,28855.08,6.883096
2130,2016-03-29 18:30:00+00:00,212.47704,31391.973,5.583889
2131,2016-03-29 19:30:00+00:00,136.12743,30429.613,4.9947796
2132,2016-03-29 20:30:00+00:00,86.852104,27353.107,4.190934
2133,2016-03-29 21:30:00+00:00,49.169544,21517.588,3.1985407
2134,2016-03-29 22:30:00+00:00,42.842636,11402.475,3.3896167
2135,2016-03-29 23:30:00+00:00,49.204056,7820.644,3.577246
2136,2016-03-30 00:30:00+00:00,27.18097,7809.6226,2.8830752
2137,2016-03-30 01:30:00+00:00,2.481564,7851.0176,1.8141397
2138,2016-03-30 02:30:00+00:00,0,7656.6987,1.7419204
2139,2016-03-30 03:30:00+00:00,16.397057,7618.2515,2.6088765
2140,2016-03-30 04:30:00+00:00,107.745804,7670.781,4.7778196
2141,2016-03-30 05:30:00+00:00,439.1872,7697.778,6.7685385
2142,2016-03-30 06:30:00+00:00,837.0346,7961.1553,8.385847
2143,2016-03-30 07:30:00+00:00,885.77423,8065.323,8.8475895
2144,2016-03-30 08:30:00+00:00,1460.6841,7687.805,10.504021
2145,2016-03-30 09:30:00+00:00,1323.3558,7642.507,10.39925
2146,2016-03-30 10:30:00+00:00,1544.276,8859.655,10.734269
2147,2016-03-30 11:30:00+00:00,1716.0972,12418.284,11.135514
2148,2016-03-30 12:30:00+00:00,1578.7532,23361.402,10.778205
2149,2016-03-30 13:30:00+00:00,1488.8641,25163.307,10.514164
2150,2016-03-30 14:30:00+00:00,770.16406,27744.691,8.355177
2151,2016-03-30 15:30:00+00:00,1297.7081,30225.865,9.979124
2152,2016-03-30 16:30:00+00:00,1128.1643,24495,9.789297
2153,2016-03-30 17:30:00+00:00,1684.3827,28175.05,11.002957
2154,2016-03-30 18:30:00+00:00,1198.4894,31178.703,10.07972
2155,2016-03-30 19:30:00+00:00,1549.4916,30064.094,10.58751
2156,2016-03-30 20:30:00+00:00,1753.998,27112.543,11.302838
2157,2016-03-30 21:30:00+00:00,2118.6309,20836.055,12.453705
2158,2016-03-30 22:30:00+00:00,2289.8203,10596.408,14.654946
2159,2016-03-30 23:30:00+00:00,2281.0305,6871.028,16.106462
2160,2016-03-31 00:30:00+00:00,2265.3716,6997.17,17.043875
2161,2016-03-31 01:30:00+00:00,2247.2527,7035.1377,18.155962
2162,2016-03-31 02:30:00+00:00,2226.796,6955.5107,18.289206
2163,2016-03-31 03:30:00+00:00,2215.4731,6911.3975,18.028818
2164,2016-03-31 04:30:00+00:00,2093.002,6970.8887,13.829676
2165,2016-03-31 05:30:00+00:00,2187.2554,6834.1006,16.711292
2166,2016-03-31 06:30:00+00:00,2070.4766,6948.2803,14.102982
2167,2016-03-31 07:30:00+00:00,2050.1145,6743.875,11.72602
2168,2016-03-31 08:30:00+00:00,2229.3225,6893.0913,17.287477
2169,2016-03-31 09:30:00+00:00,2078.1287,7188.151,14.205612
2170,2016-03-31 10:30:00+00:00,2139.039,8316.83,13.761495
2171,2016-03-31 11:30:00+00:00,2236.9006,12137.471,17.404833
2172,2016-03-31 12:30:00+00:00,2236.6936,22785.396,17.74416
2173,2016-03-31 13:30:00+00:00,2235.2253,24361.98,17.289425
2174,2016-03-31 14:30:00+00:00,2281.0771,26871.176,18.903486
2175,2016-03-31 15:30:00+00:00,988.61847,29229.498,20.821564
2176,2016-03-31 16:30:00+00:00,928.7894,24312.273,21.329435
2177,2016-03-31 17:30:00+00:00,1988.608,27741.135,19.062366
2178,2016-03-31 18:30:00+00:00,2234.011,30282.604,18.844616
2179,2016-03-31 19:30:00+00:00,2265.0396,29089.576,19.576553
2180,2016-03-31 20:30:00+00:00,2172.3079,26297.443,17.895807
2181,2016-03-31 21:30:00+00:00,2179.927,20295.615,18.079802
2182,2016-03-31 22:30:00+00:00,2166.5696,10764.822,17.604265
2183,2016-03-31 23:30:00+00:00,2193.8657,6818.951,17.937296
2184,2016-04-01 00:30:00+00:00,2179.4717,6682.9526,16.755743
2185,2016-04-01 01:30:00+00:00,2202.5522,6624.644,17.578794
2186,2016-04-01 02:30:00+00:00,2120.076,6686.7573,14.32878
2187,2016-04-01 03:30:00+00:00,2167.6545,6655.96,15.994225
2188,2016-04-01 04:30:00+00:00,2165.951,6777.438,17.026793
2189,2016-04-01 05:30:00+00:00,2138.7773,6849.586,16.362593
2190,2016-04-01 06:30:00+00:00,2135.2861,6824.7188,16.098663
2191,2016-04-01 07:30:00+00:00,2068.5415,6924.659,13.345713
2192,2016-04-01 08:30:00+00:00,1679.8544,6937.548,11.0172205
2193,2016-04-01 09:30:00+00:00,1101.1753,7045.313,9.685138
2194,2016-04-01 10:30:00+00:00,1440.9739,8405.085,10.087331
2195,2016-04-01 11:30:00+00:00,878.2823,12444.341,8.839508
2196,2016-04-01 12:30:00+00:00,526.76733,22718.133,7.3077617
2197,2016-04-01 13:30:00+00:00,497.17648,23992.854,7.0334096
2198,2016-04-01 14:30:00+00:00,502.4608,27215.799,7.365578
2199,2016-04-01 15:30:00+00:00,416.9086,29006.799,7.15396
2200,2016-04-01 16:30:00+00:00,426.15378,24779.947,6.997181
2201,2016-04-01 17:30:00+00:00,499.18124,28531.107,7.158083
2202,2016-04-01 18:30:00+00:00,535.63416,30786.68,7.200038
2203,2016-04-01 19:30:00+00:00,641.1402,29419.047,7.401855
2204,2016-04-01 20:30:00+00:00,703.77405,26618.486,7.483104
2205,2016-04-01 21:30:00+00:00,618.2062,20642.896,7.2187657
2206,2016-04-01 22:30:00+00:00,344.37613,10835.908,6.0018587
2207,2016-04-01 23:30:00+00:00,159.96022,7396.0967,4.504853
2208,2016-04-02 00:30:00+00:00,145.09587,7275.4824,3.799025
2209,2016-04-02 01:30:00+00:00,236.43983,7245.0117,4.994994
2210,2016-04-02 02:30:00+00:00,704.64685,7187.487,7.6150327
2211,2016-04-02 03:30:00+00:00,1372.1696,7141.472,9.855765
2212,2016-04-02 04:30:00+00:00,1610.4639,7187.123,10.785622
2213,2016-04-02 05:30:00+00:00,2126.109,6944.008,12.905064
2214,2016-04-02 06:30:00+00:00,1383.5106,7088.8613,10.63455
2215,2016-04-02 07:30:00+00:00,736.9448,7372.042,8.407598
2216,2016-04-02 08:30:00+00:00,992.1228,7466.421,8.624195
2217,2016-04-02 09:30:00+00:00,1307.7101,7573.977,9.854352
2218,2016-04-02 10:30:00+00:00,729.6832,7644.166,8.10834
2219,2016-04-02 11:30:00+00:00,800.5165,7750.017,8.3815365
2220,2016-04-02 12:30:00+00:00,820.9588,7648.9575,8.406186
2221,2016-04-02 13:30:00+00:00,785.23267,7583.2407,8.488977
2222,2016-04-02 14:30:00+00:00,1165.1128,7623.1274,9.551974
2223,2016-04-02 15:30:00+00:00,822.4258,7573.293,8.793134
2224,2016-04-02 16:30:00+00:00,502.14398,7436.426,7.4267263
2225,2016-04-02 17:30:00+00:00,368.28665,7742.87,6.484767
2226,2016-04-02 18:30:00+00:00,185.87857,7552.549,5.0367436
2227,2016-04-02 19:30:00+00:00,101.68134,7412.355,3.7161844
2228,2016-04-02 20:30:00+00:00,78.95311,7280.8086,2.8730476
2229,2016-04-02 21:30:00+00:00,193.36615,7325.837,4.3246455
2230,2016-04-02 22:30:00+00:00,427.04193,7247.9683,5.9516363
2231,2016-04-02 23:30:00+00:00,1215.5608,7356.758,9.101714
2232,2016-04-03 00:30:00+00:00,1161.8412,7383.5083,9.630394
2233,2016-04-03 01:30:00+00:00,1126.2904,7447.4507,9.654287
2234,2016-04-03 02:30:00+00:00,639.6913,7568.0557,7.8680844
2235,2016-04-03 03:30:00+00:00,1141.7141,7635.262,9.492405
2236,2016-04-03 04:30:00+00:00,610.6696,7627.919,7.2057133
2237,2016-04-03 05:30:00+00:00,1247.8005,7658.871,9.878876
2238,2016-04-03 06:30:00+00:00,1990.8126,7641.0625,11.786287
2239,2016-04-03 07:30:00+00:00,2146.0925,7856.7925,14.873237
2240,2016-04-03 08:30:00+00:00,2043.2869,7982.57,12.768771
2241,2016-04-03 09:30:00+00:00,1058.9128,8259.57,9.251232
2242,2016-04-03 10:30:00+00:00,605.81885,8145.4536,7.491044
2243,2016-04-03 11:30:00+00:00,1520.9073,8118.2163,10.513427
2244,2016-04-03 12:30:00+00:00,897.0552,7956.2227,8.391382
2245,2016-04-03 13:30:00+00:00,516.4185,7707.886,7.244244
2246,2016-04-03 14:30:00+00:00,1136.9192,7776.9097,9.137287
2247,2016-04-03 15:30:00+00:00,674.5093,7434.1924,8.106639
2248,2016-04-03 16:30:00+00:00,982.7383,7459.07,8.887403
2249,2016-04-03 17:30:00+00:00,1099.8447,7471.0757,9.141601
2250,2016-04-03 18:30:00+00:00,819.2515,7664.169,8.397093
2251,2016-04-03 19:30:00+00:00,266.95847,7689.4175,5.5773745
2252,2016-04-03 20:30:00+00:00,38.52303,7785.125,3.021659
2253,2016-04-03 21:30:00+00:00,91.54654,7958.618,2.8028762
2254,2016-04-03 22:30:00+00:00,55.006332,8053.677,2.958833
2255,2016-04-03 23:30:00+00:00,101.9873,8183.7637,4.0101132
2256,2016-04-04 00:30:00+00:00,111.81522,8105.077,4.0675273
2257,2016-04-04 01:30:00+00:00,325.767,8171.8955,5.832736
2258,2016-04-04 02:30:00+00:00,821.5418,8194.341,8.004289
2259,2016-04-04 03:30:00+00:00,1294.3657,8147.9,9.678614
2260,2016-04-04 04:30:00+00:00,1297.8977,8065.79,10.0496855
2261,2016-04-04 05:30:00+00:00,2001.8809,7764.3726,11.808514
2262,2016-04-04 06:30:00+00:00,2009.837,8289.275,11.972899
2263,2016-04-04 07:30:00+00:00,2110.2354,8459.771,13.131007
2264,2016-04-04 08:30:00+00:00,2097.4924,8325.047,13.378363
2265,2016-04-04 09:30:00+00:00,2127.25,8434.779,13.551155
2266,2016-04-04 10:30:00+00:00,2104.2168,9924.18,12.5206785
2267,2016-04-04 11:30:00+00:00,2108.272,13916.764,12.329502
2268,2016-04-04 12:30:00+00:00,2097.2974,24742.83,12.08103
2269,2016-04-04 13:30:00+00:00,2099.717,27338.531,12.046872
2270,2016-04-04 14:30:00+00:00,1899.1735,30088.074,11.153494
2271,2016-04-04 15:30:00+00:00,2039.021,32626.219,11.50029
2272,2016-04-04 16:30:00+00:00,1751.1035,28005.893,11.015047
2273,2016-04-04 17:30:00+00:00,1337.8673,32011.424,9.914854
2274,2016-04-04 18:30:00+00:00,1142.2059,34722.07,9.150103
2275,2016-04-04 19:30:00+00:00,908.78217,33063.984,8.280989
2276,2016-04-04 20:30:00+00:00,832.502,29984.75,7.7986946
2277,2016-04-04 21:30:00+00:00,584.3169,23659.445,7.1204815
2278,2016-04-04 22:30:00+00:00,621.88745,13104.929,7.191101
2279,2016-04-04 23:30:00+00:00,966.2767,8948.123,8.380747
2280,2016-04-05 00:30:00+00:00,785.0432,8926.279,8.255014
2281,2016-04-05 01:30:00+00:00,694.11945,9509.344,7.8775773
2282,2016-04-05 02:30:00+00:00,1154.0964,9750.064,9.107778
2283,2016-04-05 03:30:00+00:00,876.6855,9724.602,8.564137
2284,2016-04-05 04:30:00+00:00,900.95667,10123.731,8.611566
2285,2016-04-05 05:30:00+00:00,802.47363,10111.191,8.290534
2286,2016-04-05 06:30:00+00:00,453.28363,10236.065,6.798879
2287,2016-04-05 07:30:00+00:00,337.48135,9989.079,6.1411247
2288,2016-04-05 08:30:00+00:00,602.01154,10043.695,7.4225254
2289,2016-04-05 09:30:00+00:00,510.93463,9985.205,7.440798
2290,2016-04-05 10:30:00+00:00,337.74655,11497.221,6.7478642
2291,2016-04-05 11:30:00+00:00,135.16273,15992.138,5.0612545
2292,2016-04-05 12:30:00+00:00,0,27348.72,2.954241
2293,2016-04-05 13:30:00+00:00,4.5189033,29507.553,1.9475982
2294,2016-04-05 14:30:00+00:00,0,31007.67,1.7415174
2295,2016-04-05 15:30:00+00:00,0,34238.32,1.3812845
2296,2016-04-05 16:30:00+00:00,2.6985958,28390.965,1.8965249
2297,2016-04-05 17:30:00+00:00,0,32590.545,1.6744815
2298,2016-04-05 18:30:00+00:00,46.813435,35240.742,3.6882422
2299,2016-04-05 19:30:00+00:00,79.42321,34288.36,4.003783
2300,2016-04-05 20:30:00+00:00,171.82732,31162.953,4.676485
2301,2016-04-05 21:30:00+00:00,236.278,24603.705,5.3486238
2302,2016-04-05 22:30:00+00:00,97.23172,12955.221,4.48545
2303,2016-04-05 23:30:00+00:00,103.881805,8903.019,4.681414
2304,2016-04-06 00:30:00+00:00,198.89636,8870.788,5.4957013
2305,2016-04-06 01:30:00+00:00,205.16367,9075.441,5.846182
2306,2016-04-06 02:30:00+00:00,223.55444,8854.304,5.841095
2307,2016-04-06 03:30:00+00:00,780.77515,8797.11,8.172937
2308,2016-04-06 04:30:00+00:00,1387.6561,8614.413,10.213296
2309,2016-04-06 05:30:00+00:00,817.6512,8548.305,8.823044
2310,2016-04-06 06:30:00+00:00,1061.2115,8770.989,9.333911
2311,2016-04-06 07:30:00+00:00,1368.2107,8951.845,10.236349
2312,2016-04-06 08:30:00+00:00,1399.0916,8757.426,10.507355
2313,2016-04-06 09:30:00+00:00,1557.2659,8587.085,10.821704
2314,2016-04-06 10:30:00+00:00,1534.3329,9884.163,10.754699
2315,2016-04-06 11:30:00+00:00,1919.5905,14088.465,11.559304
2316,2016-04-06 12:30:00+00:00,2149.322,25486.596,12.895847
2317,2016-04-06 13:30:00+00:00,2090.8157,27711.115,12.398274
2318,2016-04-06 14:30:00+00:00,2136.7502,30387.443,12.850644
2319,2016-04-06 15:30:00+00:00,2203.4844,33563.055,15.33233
2320,2016-04-06 16:30:00+00:00,2172.312,28123.412,14.038302
2321,2016-04-06 17:30:00+00:00,2272.9106,31960.158,16.747875
2322,2016-04-06 18:30:00+00:00,2233.0269,34953.34,16.842012
2323,2016-04-06 19:30:00+00:00,2271.394,32758.658,18.038918
2324,2016-04-06 20:30:00+00:00,2199.959,29364.494,16.666414
2325,2016-04-06 21:30:00+00:00,2178.9402,22486.104,14.995944
2326,2016-04-06 22:30:00+00:00,2180.9585,11862.87,15.384643
2327,2016-04-06 23:30:00+00:00,2128.0417,7868.757,13.024865
2328,2016-04-07 00:30:00+00:00,2158.3586,7733.419,14.282124
2329,2016-04-07 01:30:00+00:00,2136.627,7696.3286,14.256963
2330,2016-04-07 02:30:00+00:00,2120.8745,7620.5557,13.748334
2331,2016-04-07 03:30:00+00:00,2069.824,7608.5083,12.451641
2332,2016-04-07 04:30:00+00:00,2060.2869,7545.8315,12.191095
2333,2016-04-07 05:30:00+00:00,2049.7522,7501.5483,12.147691
2334,2016-04-07 06:30:00+00:00,1495.3577,7699.1484,11.02105
2335,2016-04-07 07:30:00+00:00,920.0371,7605.195,9.359145
2336,2016-04-07 08:30:00+00:00,816.5536,7572.2227,8.434143
2337,2016-04-07 09:30:00+00:00,779.9555,7884.468,8.311921
2338,2016-04-07 10:30:00+00:00,606.87445,9257.8955,7.9089684
2339,2016-04-07 11:30:00+00:00,1215.5103,13517.112,9.880895
2340,2016-04-07 12:30:00+00:00,929.3156,24966.14,9.34363
2341,2016-04-07 13:30:00+00:00,485.53796,27022.414,7.4809012
2342,2016-04-07 14:30:00+00:00,665.84033,29235.164,7.9934354
2343,2016-04-07 15:30:00+00:00,809.5722,31687.775,8.758143
2344,2016-04-07 16:30:00+00:00,858.67346,27155.834,8.995723
2345,2016-04-07 17:30:00+00:00,909.19006,31198.902,9.047521
2346,2016-04-07 18:30:00+00:00,1018.52844,33633.445,9.234656
2347,2016-04-07 19:30:00+00:00,1176.0358,31831.025,9.551369
2348,2016-04-07 20:30:00+00:00,1465.3816,28977.275,10.208641
2349,2016-04-07 21:30:00+00:00,1699.2583,22936.273,10.874045
2350,2016-04-07 22:30:00+00:00,1824.112,12415.925,11.326132
2351,2016-04-07 23:30:00+00:00,2004.1316,8508.031,11.990131
2352,2016-04-08 00:30:00+00:00,2137.0637,8320.324,13.080589
2353,2016-04-08 01:30:00+00:00,2119.414,8509.084,13.052753
2354,2016-04-08 02:30:00+00:00,2092.3853,8613.072,12.245156
2355,2016-04-08 03:30:00+00:00,2077.5818,8625.697,12.444657
2356,2016-04-08 04:30:00+00:00,2067.1497,8648.415,12.501521
2357,2016-04-08 05:30:00+00:00,2074.4653,8563.149,12.893552
2358,2016-04-08 06:30:00+00:00,2119.101,8657.864,14.474023
2359,2016-04-08 07:30:00+00:00,2081.6133,8639.477,13.303954
2360,2016-04-08 08:30:00+00:00,2087.3274,8547.284,12.7485285
2361,2016-04-08 09:30:00+00:00,2102.0635,8468.362,13.000648
2362,2016-04-08 10:30:00+00:00,2112.1306,9714.865,13.036309
2363,2016-04-08 11:30:00+00:00,2109.4885,13921.722,12.701589
2364,2016-04-08 12:30:00+00:00,2046.4696,25503.47,11.645379
2365,2016-04-08 13:30:00+00:00,1544.5426,27929.7,10.732944
2366,2016-04-08 14:30:00+00:00,1072.559,31173.094,9.49098
2367,2016-04-08 15:30:00+00:00,812.7741,32617.086,8.558872
2368,2016-04-08 16:30:00+00:00,711.92975,27340.21,8.287144
2369,2016-04-08 17:30:00+00:00,674.4218,31755.266,8.186975
2370,2016-04-08 18:30:00+00:00,563.79504,34325.97,7.7359915
2371,2016-04-08 19:30:00+00:00,391.57053,32910.48,6.856201
2372,2016-04-08 20:30:00+00:00,212.91809,29747.709,5.5675526
2373,2016-04-08 21:30:00+00:00,170.4552,23856.662,4.754307
2374,2016-04-08 22:30:00+00:00,120.03049,13105.152,4.06836
2375,2016-04-08 23:30:00+00:00,239.66208,8876.685,4.9831533
2376,2016-04-09 00:30:00+00:00,319.76828,8604.374,5.721083
2377,2016-04-09 01:30:00+00:00,305.73074,8833.321,5.823597
2378,2016-04-09 02:30:00+00:00,1348.2432,8730.357,9.974775
2379,2016-04-09 03:30:00+00:00,790.2836,8747.968,8.241186
2380,2016-04-09 04:30:00+00:00,1424.189,8511.817,10.3059845
2381,2016-04-09 05:30:00+00:00,2092.8745,8485.813,13.719791
2382,2016-04-09 06:30:00+00:00,2032.8262,8540.298,12.262449
2383,2016-04-09 07:30:00+00:00,2074.9675,8645.31,12.088152
2384,2016-04-09 08:30:00+00:00,2097.7441,8600.812,13.391279
2385,2016-04-09 09:30:00+00:00,2086.7515,8531.064,12.19965
2386,2016-04-09 10:30:00+00:00,2005.113,8707.423,11.60156
2387,2016-04-09 11:30:00+00:00,1323.5066,9244.552,10.127333
2388,2016-04-09 12:30:00+00:00,2128.6558,9303.404,12.373454
2389,2016-04-09 13:30:00+00:00,2004.4503,9618.865,11.897746
2390,2016-04-09 14:30:00+00:00,2076.0278,9882.56,11.367427
2391,2016-04-09 15:30:00+00:00,2110.6143,9377.859,12.0746355
2392,2016-04-09 16:30:00+00:00,1863.0154,8984.276,11.191508
2393,2016-04-09 17:30:00+00:00,1500.1953,9018.582,10.320255
2394,2016-04-09 18:30:00+00:00,1510.6104,8921.2705,10.139513
2395,2016-04-09 19:30:00+00:00,1353.2606,8898.319,9.6917715
2396,2016-04-09 20:30:00+00:00,1163.3497,8844.614,9.068038
2397,2016-04-09 21:30:00+00:00,779.5781,8885.906,8.080871
2398,2016-04-09 22:30:00+00:00,691.5885,8856.349,7.5703206
2399,2016-04-09 23:30:00+00:00,325.8919,8793.064,6.342612
2400,2016-04-10 00:30:00+00:00,166.43831,8970.479,5.15073
2401,2016-04-10 01:30:00+00:00,117.63952,9120.624,4.3819213
2402,2016-04-10 02:30:00+00:00,37.327652,8924.368,3.230161
2403,2016-04-10 03:30:00+00:00,0,8823.859,2.2825296
2404,2016-04-10 04:30:00+00:00,0,8475.898,1.5228093
2405,2016-04-10 05:30:00+00:00,1.9604396,8462.361,1.7802863
2406,2016-04-10 06:30:00+00:00,63.990932,8303.012,3.807078
2407,2016-04-10 07:30:00+00:00,96.392365,8556.29,4.2020926
2408,2016-04-10 08:30:00+00:00,111.598755,9174.483,4.254708
2409,2016-04-10 09:30:00+00:00,213.32758,9654.825,5.2304387
2410,2016-04-10 10:30:00+00:00,255.34221,9607.017,5.646945
2411,2016-04-10 11:30:00+00:00,293.23663,9182.315,6.0132895
2412,2016-04-10 12:30:00+00:00,310.06375,8798.854,6.1508207
2413,2016-04-10 13:30:00+00:00,425.80283,8514.281,6.7945027
2414,2016-04-10 14:30:00+00:00,357.57535,8308.654,6.645147
2415,2016-04-10 15:30:00+00:00,549.37933,8079.92,7.484169
2416,2016-04-10 16:30:00+00:00,740.48724,8059.1035,8.239754
2417,2016-04-10 17:30:00+00:00,1017.66644,8062.7266,9.068764
2418,2016-04-10 18:30:00+00:00,1405.0026,8245.432,10.014117
2419,2016-04-10 19:30:00+00:00,2050.58,8325.051,11.758896
2420,2016-04-10 20:30:00+00:00,2209.2258,8308.149,12.723114
2421,2016-04-10 21:30:00+00:00,2265.6987,8369.277,13.6970415
2422,2016-04-10 22:30:00+00:00,2048.306,8508.964,12.350191
2423,2016-04-10 23:30:00+00:00,2155.3408,8528.032,12.710385
2424,2016-04-11 00:30:00+00:00,2198.105,8614.281,15.500702
2425,2016-04-11 01:30:00+00:00,2219.3274,8531.975,16.793745
2426,2016-04-11 02:30:00+00:00,2250.5513,8340.613,18.88581
2427,2016-04-11 03:30:00+00:00,2190.318,8096.376,18.24869
2428,2016-04-11 04:30:00+00:00,2185.2603,7791.9395,18.168247
2429,2016-04-11 05:30:00+00:00,2164.28,7541.797,18.127764
2430,2016-04-11 06:30:00+00:00,2128.0242,7802.924,16.560633
2431,2016-04-11 07:30:00+00:00,2113.6318,8148.9604,15.564739
2432,2016-04-11 08:30:00+00:00,2068.478,7969.254,13.587387
2433,2016-04-11 09:30:00+00:00,2068.07,8131.505,12.965283
2434,2016-04-11 10:30:00+00:00,2028.4243,9530.881,11.768979
2435,2016-04-11 11:30:00+00:00,1278.7798,13943.962,10.171385
2436,2016-04-11 12:30:00+00:00,1470.6597,25022.086,10.090107
2437,2016-04-11 13:30:00+00:00,674.5285,27740.547,7.7007265
2438,2016-04-11 14:30:00+00:00,263.17953,31013.01,6.023503
2439,2016-04-11 15:30:00+00:00,164.94238,33390.55,4.790463
2440,2016-04-11 16:30:00+00:00,151.22777,29136.46,5.060646
2441,2016-04-11 17:30:00+00:00,254.13676,33331.406,5.747241
2442,2016-04-11 18:30:00+00:00,208.38666,35658.883,5.3902845
2443,2016-04-11 19:30:00+00:00,280.6303,34127.23,5.534598
2444,2016-04-11 20:30:00+00:00,297.58865,31151.406,5.6031213
2445,2016-04-11 21:30:00+00:00,440.6817,25227.092,6.1577654
2446,2016-04-11 22:30:00+00:00,493.8659,13644.621,6.559842
2447,2016-04-11 23:30:00+00:00,1649.7788,8828.158,10.496081
2448,2016-04-12 00:30:00+00:00,979.3402,8360.938,9.12396
2449,2016-04-12 01:30:00+00:00,1658.2162,8944.514,10.631961
2450,2016-04-12 02:30:00+00:00,1331.3677,9180.105,10.183736
2451,2016-04-12 03:30:00+00:00,1776.7848,9253.716,10.868516
2452,2016-04-12 04:30:00+00:00,1478.6095,9212.753,10.494026
2453,2016-04-12 05:30:00+00:00,1731.9961,9302.073,10.818812
2454,2016-04-12 06:30:00+00:00,1914.6738,9159.689,11.3522835
2455,2016-04-12 07:30:00+00:00,1958.7511,9208.7,11.503757
2456,2016-04-12 08:30:00+00:00,2057.9224,9119.569,11.924191
2457,2016-04-12 09:30:00+00:00,2038.7439,9150.982,12.038341
2458,2016-04-12 10:30:00+00:00,2066.0295,10794.363,12.161602
2459,2016-04-12 11:30:00+00:00,2037.809,15331.006,11.645658
2460,2016-04-12 12:30:00+00:00,2019.3116,27592.03,11.263038
2461,2016-04-12 13:30:00+00:00,1089.9038,29955.291,9.146334
2462,2016-04-12 14:30:00+00:00,906.9055,32626.451,8.431348
2463,2016-04-12 15:30:00+00:00,1011.89594,35539.24,8.8367195
2464,2016-04-12 16:30:00+00:00,1350.8292,29810.783,9.765438
2465,2016-04-12 17:30:00+00:00,1635.6854,34507.06,10.352152
2466,2016-04-12 18:30:00+00:00,1818.3972,37426.31,10.622093
2467,2016-04-12 19:30:00+00:00,1741.7104,35602.31,10.355189
2468,2016-04-12 20:30:00+00:00,1454.1024,32159.074,9.700716
2469,2016-04-12 21:30:00+00:00,1071.0216,25626.422,8.81449
2470,2016-04-12 22:30:00+00:00,490.76285,13731.56,7.0360875
2471,2016-04-12 23:30:00+00:00,417.25064,9373.9795,6.467776
2472,2016-04-13 00:30:00+00:00,186.94711,9213.204,5.3399005
2473,2016-04-13 01:30:00+00:00,93.80043,9667.03,4.530911
2474,2016-04-13 02:30:00+00:00,40.19098,9537.527,3.8976583
2475,2016-04-13 03:30:00+00:00,12.530388,9560.391,3.3147202
2476,2016-04-13 04:30:00+00:00,60.25204,9440.519,4.1375403
2477,2016-04-13 05:30:00+00:00,11.852364,9430.229,3.0759838
2478,2016-04-13 06:30:00+00:00,0,9076.221,2.6572661
2479,2016-04-13 07:30:00+00:00,14.707355,9301.021,2.76776
2480,2016-04-13 08:30:00+00:00,0,9097.067,1.8972644
2481,2016-04-13 09:30:00+00:00,0,8928.696,1.2498175
2482,2016-04-13 10:30:00+00:00,2.7465434,10807.331,2.1557994
2483,2016-04-13 11:30:00+00:00,0,15291.735,1.6210943
2484,2016-04-13 12:30:00+00:00,0,27091.027,2.1465678
2485,2016-04-13 13:30:00+00:00,0,29715.17,2.2073007
2486,2016-04-13 14:30:00+00:00,0,31034.451,1.369694
2487,2016-04-13 15:30:00+00:00,18.979622,34967.63,3.0114503
2488,2016-04-13 16:30:00+00:00,0,30050.29,2.7910132
2489,2016-04-13 17:30:00+00:00,0,33476.465,1.8563523
2490,2016-04-13 18:30:00+00:00,0,36684.676,1.845158
2491,2016-04-13 19:30:00+00:00,26.169352,35308.207,2.7266755
2492,2016-04-13 20:30:00+00:00,8.6020975,31771.398,2.3189073
2493,2016-04-13 21:30:00+00:00,3.298119,25620.781,1.2197415
2494,2016-04-13 22:30:00+00:00,18.613813,14071.28,1.2722543
2495,2016-04-13 23:30:00+00:00,21.527504,9008.5205,2.203957
2496,2016-04-14 00:30:00+00:00,0,8686.318,2.1183438
2497,2016-04-14 01:30:00+00:00,46.20292,9086.394,3.165451
2498,2016-04-14 02:30:00+00:00,17.597937,8975.376,3.789473
2499,2016-04-14 03:30:00+00:00,544.29596,9011.461,7.301941
2500,2016-04-14 04:30:00+00:00,448.0325,8760.769,7.234495
2501,2016-04-14 05:30:00+00:00,704.98413,8702.134,8.0781
2502,2016-04-14 06:30:00+00:00,1012.55536,8787.033,9.192324
2503,2016-04-14 07:30:00+00:00,851.24054,9257.894,8.999531
2504,2016-04-14 08:30:00+00:00,808.70807,8955.29,8.802347
2505,2016-04-14 09:30:00+00:00,651.8997,8949.615,8.190383
2506,2016-04-14 10:30:00+00:00,562.5288,10512.496,7.801267
2507,2016-04-14 11:30:00+00:00,541.20197,15198.86,7.6823936
2508,2016-04-14 12:30:00+00:00,380.109,27164.785,7.034602
2509,2016-04-14 13:30:00+00:00,159.92932,30085.03,5.5945835
2510,2016-04-14 14:30:00+00:00,356.68713,32448.414,6.469414
2511,2016-04-14 15:30:00+00:00,152.0692,35989.83,5.679551
2512,2016-04-14 16:30:00+00:00,84.91964,30351.727,4.9562435
2513,2016-04-14 17:30:00+00:00,33.842804,34303.324,4.131775
2514,2016-04-14 18:30:00+00:00,30.687904,37817.062,3.9043212
2515,2016-04-14 19:30:00+00:00,84.48561,35874.465,4.3569345
2516,2016-04-14 20:30:00+00:00,34.418552,32262.846,3.3451078
2517,2016-04-14 21:30:00+00:00,63.19759,25874.021,3.597403
2518,2016-04-14 22:30:00+00:00,164.72383,13576.415,4.9209666
2519,2016-04-14 23:30:00+00:00,319.09256,8742.861,6.2593966
2520,2016-04-15 00:30:00+00:00,498.4062,8497.357,7.178582
2521,2016-04-15 01:30:00+00:00,1129.4977,8791.598,9.141753
2522,2016-04-15 02:30:00+00:00,705.3657,8906.788,8.488437
2523,2016-04-15 03:30:00+00:00,1338.9226,8865.674,9.831473
2524,2016-04-15 04:30:00+00:00,1212.9576,8862.114,9.951794
2525,2016-04-15 05:30:00+00:00,1946.1433,8791.171,11.698495
2526,2016-04-15 06:30:00+00:00,2016.9438,8962.232,12.262974
2527,2016-04-15 07:30:00+00:00,2081.0046,9129.953,13.120652
2528,2016-04-15 08:30:00+00:00,2063.8655,9281.127,13.175759
2529,2016-04-15 09:30:00+00:00,2078.46,9131.428,12.565045
2530,2016-04-15 10:30:00+00:00,2083.8804,10748.35,12.581296
2531,2016-04-15 11:30:00+00:00,2106.6633,15427.286,13.133129
2532,2016-04-15 12:30:00+00:00,2050.7253,27233.645,11.79955
2533,2016-04-15 13:30:00+00:00,1019.01135,30188.314,8.857405
2534,2016-04-15 14:30:00+00:00,295.36502,31711.664,6.5704737
2535,2016-04-15 15:30:00+00:00,334.20486,34218.547,5.8299284
2536,2016-04-15 16:30:00+00:00,98.18255,29917.584,5.125923
2537,2016-04-15 17:30:00+00:00,105.37187,32901.316,5.154031
2538,2016-04-15 18:30:00+00:00,91.141396,36191.566,4.864575
2539,2016-04-15 19:30:00+00:00,101.47087,34666.418,4.754296
2540,2016-04-15 20:30:00+00:00,226.47282,31525.502,5.3064303
2541,2016-04-15 21:30:00+00:00,239.37964,25266.389,5.56621
2542,2016-04-15 22:30:00+00:00,258.20102,13647.631,5.887846
2543,2016-04-15 23:30:00+00:00,453.61588,8729.161,6.995654
2544,2016-04-16 00:30:00+00:00,593.8894,8356.023,7.7833705
2545,2016-04-16 01:30:00+00:00,1405.425,8529.547,10.149084
2546,2016-04-16 02:30:00+00:00,1880.8015,8551.915,11.52716
2547,2016-04-16 03:30:00+00:00,2187.9878,8573.388,13.957447
2548,2016-04-16 04:30:00+00:00,2079.9238,8585.932,15.285795
2549,2016-04-16 05:30:00+00:00,2142.5564,8512.053,15.821107
2550,2016-04-16 06:30:00+00:00,2147.234,8499.361,16.040064
2551,2016-04-16 07:30:00+00:00,2159.328,8421.989,15.787161
2552,2016-04-16 08:30:00+00:00,2164.2063,8403.544,15.067847
2553,2016-04-16 09:30:00+00:00,2150.086,8315.935,14.272872
2554,2016-04-16 10:30:00+00:00,2094.9246,8435.516,13.006482
2555,2016-04-16 11:30:00+00:00,2056.8337,8522.606,11.9622
2556,2016-04-16 12:30:00+00:00,2050.9614,8457.075,12.126987
2557,2016-04-16 13:30:00+00:00,1331.2092,8389.528,9.946227
2558,2016-04-16 14:30:00+00:00,366.09943,8664.2705,6.3978763
2559,2016-04-16 15:30:00+00:00,145.03395,8298.15,4.1297026
2560,2016-04-16 16:30:00+00:00,58.915356,8077.663,3.7539027
2561,2016-04-16 17:30:00+00:00,0,8128.571,3.2503936
2562,2016-04-16 18:30:00+00:00,0,8103.0845,2.6594172
2563,2016-04-16 19:30:00+00:00,1.6655661,8070.324,2.4488192
2564,2016-04-16 20:30:00+00:00,23.123367,7939.4565,2.828591
2565,2016-04-16 21:30:00+00:00,63.78204,7887.2324,3.473257
2566,2016-04-16 22:30:00+00:00,202.43103,8001.315,5.230182
2567,2016-04-16 23:30:00+00:00,208.9122,7900.178,6.155205
2568,2016-04-17 00:30:00+00:00,240.62166,7786.688,6.41258
2569,2016-04-17 01:30:00+00:00,547.53265,7707.8916,7.8436317
2570,2016-04-17 02:30:00+00:00,485.65573,7976.3804,7.917545
2571,2016-04-17 03:30:00+00:00,594.0766,7922.2983,8.116256
2572,2016-04-17 04:30:00+00:00,1238.7275,8032.83,9.961916
2573,2016-04-17 05:30:00+00:00,1512.1584,7997.872,10.943001
2574,2016-04-17 06:30:00+00:00,1780.1293,7956.0063,11.610385
2575,2016-04-17 07:30:00+00:00,1519.0896,8170.6006,11.158784
2576,2016-04-17 08:30:00+00:00,1289.9215,8317.589,10.442834
2577,2016-04-17 09:30:00+00:00,1117.086,8261.7705,9.780186
2578,2016-04-17 10:30:00+00:00,738.4376,8374.068,8.375614
2579,2016-04-17 11:30:00+00:00,551.6258,8422.698,7.4402556
2580,2016-04-17 12:30:00+00:00,261.88593,8163.4775,6.193832
2581,2016-04-17 13:30:00+00:00,65.34508,7917.2847,4.3595233
2582,2016-04-17 14:30:00+00:00,0,7989.743,2.1440525
2583,2016-04-17 15:30:00+00:00,0,7883.44,2.2594151
2584,2016-04-17 16:30:00+00:00,0,7782.6016,3.3971496
2585,2016-04-17 17:30:00+00:00,0.49285814,7820.859,1.6346718
2586,2016-04-17 18:30:00+00:00,0,7655.7173,1.2877301
2587,2016-04-17 19:30:00+00:00,2.4354503,7627.5513,1.4688048
2588,2016-04-17 20:30:00+00:00,13.903438,7726.8687,1.7482619
2589,2016-04-17 21:30:00+00:00,38.301167,7878.767,2.4539754
2590,2016-04-17 22:30:00+00:00,63.197723,7874.624,3.8640077
2591,2016-04-17 23:30:00+00:00,533.1574,7808.6597,8.1227
2592,2016-04-18 00:30:00+00:00,243.6368,7733.5986,7.245236
2593,2016-04-18 01:30:00+00:00,391.88586,7580.867,7.28012
2594,2016-04-18 02:30:00+00:00,302.24268,7711.895,7.170527
2595,2016-04-18 03:30:00+00:00,272.1048,7904.635,6.8794675
2596,2016-04-18 04:30:00+00:00,236.32896,7898.2227,6.4324265
2597,2016-04-18 05:30:00+00:00,239.74821,7731.8667,6.1969523
2598,2016-04-18 06:30:00+00:00,122.97704,7932.1177,5.3281517
2599,2016-04-18 07:30:00+00:00,81.77776,8048.9507,4.656077
2600,2016-04-18 08:30:00+00:00,23.425354,7996.073,3.820936
2601,2016-04-18 09:30:00+00:00,70.68726,8442.091,4.5461035
2602,2016-04-18 10:30:00+00:00,337.98618,9940.746,6.673452
2603,2016-04-18 11:30:00+00:00,115.701706,14478.9375,5.3503485
2604,2016-04-18 12:30:00+00:00,210.41225,25352.516,5.7147403
2605,2016-04-18 13:30:00+00:00,124.360405,27512.55,5.210072
2606,2016-04-18 14:30:00+00:00,1.9050978,29714.775,2.9792714
2607,2016-04-18 15:30:00+00:00,12.533327,33202.715,2.4643881
2608,2016-04-18 16:30:00+00:00,0,27097.4,2.4331765
2609,2016-04-18 17:30:00+00:00,0,31478.186,2.2700148
2610,2016-04-18 18:30:00+00:00,30.718225,34862.863,3.5576966
2611,2016-04-18 19:30:00+00:00,184.67598,33405.69,5.0850825
2612,2016-04-18 20:30:00+00:00,153.0833,30376.459,5.170536
2613,2016-04-18 21:30:00+00:00,176.58755,23676.953,5.297212
2614,2016-04-18 22:30:00+00:00,104.882545,12026.169,5.0026703
2615,2016-04-18 23:30:00+00:00,251.71346,7564.256,6.2186093
2616,2016-04-19 00:30:00+00:00,286.09186,7486.2305,6.7993536
2617,2016-04-19 01:30:00+00:00,689.3368,7644.3296,8.435224
2618,2016-04-19 02:30:00+00:00,995.47894,7651.5664,9.304873
2619,2016-04-19 03:30:00+00:00,250.35643,7708.3555,5.9793224
2620,2016-04-19 04:30:00+00:00,411.1543,7889.1377,6.215652
2621,2016-04-19 05:30:00+00:00,389.25934,7869.8457,6.6366997
2622,2016-04-19 06:30:00+00:00,559.7098,7954.057,7.802809
2623,2016-04-19 07:30:00+00:00,995.4666,7992.1016,9.1186
2624,2016-04-19 08:30:00+00:00,669.9268,7890.3794,8.404322
2625,2016-04-19 09:30:00+00:00,1024.4408,8114.939,9.095838
2626,2016-04-19 10:30:00+00:00,793.8565,9527.872,8.580738
2627,2016-04-19 11:30:00+00:00,342.75626,14071.646,6.704218
2628,2016-04-19 12:30:00+00:00,358.3841,25796.69,6.3352356
2629,2016-04-19 13:30:00+00:00,536.11053,28145.596,7.3204856
2630,2016-04-19 14:30:00+00:00,387.06952,31283.25,7.089295
2631,2016-04-19 15:30:00+00:00,390.24316,34562.004,6.916383
2632,2016-04-19 16:30:00+00:00,259.52945,29022.41,6.3292227
2633,2016-04-19 17:30:00+00:00,188.93367,33604.574,5.7875924
2634,2016-04-19 18:30:00+00:00,296.13776,36557.49,6.159547
2635,2016-04-19 19:30:00+00:00,392.44482,34777.56,6.4600754
2636,2016-04-19 20:30:00+00:00,562.85583,31041.291,6.8673296
2637,2016-04-19 21:30:00+00:00,373.9954,23648.674,6.378421
2638,2016-04-19 22:30:00+00:00,544.81866,11954.125,7.292089
2639,2016-04-19 23:30:00+00:00,709.4063,8064.3516,8.366542
2640,2016-04-20 00:30:00+00:00,405.8865,8058.2104,7.4931235
2641,2016-04-20 01:30:00+00:00,600.3777,8213.884,7.9000554
2642,2016-04-20 02:30:00+00:00,230.77611,8151.956,5.9843597
2643,2016-04-20 03:30:00+00:00,80.5293,8140.2847,4.823891
2644,2016-04-20 04:30:00+00:00,106.12776,8301.25,4.4508758
2645,2016-04-20 05:30:00+00:00,69.38204,8195.193,4.3831706
2646,2016-04-20 06:30:00+00:00,162.73656,8295.245,5.328608
2647,2016-04-20 07:30:00+00:00,301.92535,8423.824,6.296019
2648,2016-04-20 08:30:00+00:00,574.35956,8095.529,7.5870514
2649,2016-04-20 09:30:00+00:00,507.38702,8314.222,7.549551
2650,2016-04-20 10:30:00+00:00,749.30646,9674.664,8.238892
2651,2016-04-20 11:30:00+00:00,616.8678,13801.762,7.8975234
2652,2016-04-20 12:30:00+00:00,1197.5837,25798.3,9.513805
2653,2016-04-20 13:30:00+00:00,348.20102,28095.795,6.1268935
2654,2016-04-20 14:30:00+00:00,174.85802,30857.602,4.837616
2655,2016-04-20 15:30:00+00:00,199.2409,34148.793,5.1161404
2656,2016-04-20 16:30:00+00:00,195.88684,28010.496,6.0032005
2657,2016-04-20 17:30:00+00:00,95.31965,31754.854,5.2210765
2658,2016-04-20 18:30:00+00:00,73.27797,34657.53,4.7548385
2659,2016-04-20 19:30:00+00:00,95.6327,33103.87,4.623185
2660,2016-04-20 20:30:00+00:00,147.83987,29835.824,4.8703394
2661,2016-04-20 21:30:00+00:00,97.59328,23130.314,4.400247
2662,2016-04-20 22:30:00+00:00,139.61609,11869.511,5.0417995
2663,2016-04-20 23:30:00+00:00,397.6323,7813.8027,7.106442
2664,2016-04-21 00:30:00+00:00,1231.9137,7671.587,10.483879
2665,2016-04-21 01:30:00+00:00,1449.6146,7871.8594,11.236164
2666,2016-04-21 02:30:00+00:00,2226.2415,7933.7637,13.135132
2667,2016-04-21 03:30:00+00:00,2111.1614,7843.9326,13.80879
2668,2016-04-21 04:30:00+00:00,2144.2764,7884.164,14.647921
2669,2016-04-21 05:30:00+00:00,2109.827,7968.1416,15.311721
2670,2016-04-21 06:30:00+00:00,2163.0278,8119.674,16.129122
2671,2016-04-21 07:30:00+00:00,2180.6099,8198.069,15.664592
2672,2016-04-21 08:30:00+00:00,2163.565,8127.669,14.640015
2673,2016-04-21 09:30:00+00:00,2153.229,8210.507,13.720026
2674,2016-04-21 10:30:00+00:00,2125.2112,9599.198,12.384099
2675,2016-04-21 11:30:00+00:00,1953.3893,14123.374,11.574673
2676,2016-04-21 12:30:00+00:00,1521.1538,25407.525,10.605124
2677,2016-04-21 13:30:00+00:00,623.53723,27853.242,7.1173406
2678,2016-04-21 14:30:00+00:00,167.8884,30910.248,4.4561024
2679,2016-04-21 15:30:00+00:00,354.54803,33795.754,5.92809
2680,2016-04-21 16:30:00+00:00,147.78143,28592.78,5.6712203
2681,2016-04-21 17:30:00+00:00,399.1679,33018.21,6.825348
2682,2016-04-21 18:30:00+00:00,1365.6868,35711.11,9.308578
2683,2016-04-21 19:30:00+00:00,680.6726,33578.72,7.429963
2684,2016-04-21 20:30:00+00:00,1639.8523,30080.844,10.264593
2685,2016-04-21 21:30:00+00:00,1519.4902,23319.74,10.732331
2686,2016-04-21 22:30:00+00:00,980.30334,11922.122,9.475211
2687,2016-04-21 23:30:00+00:00,2092.813,7595.424,12.388632
2688,2016-04-22 00:30:00+00:00,1247.7222,7562.044,10.934084
2689,2016-04-22 01:30:00+00:00,1538.9691,7798.264,10.640729
2690,2016-04-22 02:30:00+00:00,1011.17554,7733.7275,9.637802
2691,2016-04-22 03:30:00+00:00,844.3556,7708.689,8.614044
2692,2016-04-22 04:30:00+00:00,610.488,7762.477,7.7030945
2693,2016-04-22 05:30:00+00:00,633.96967,7570.452,7.586713
2694,2016-04-22 06:30:00+00:00,310.05463,7594.294,6.242246
2695,2016-04-22 07:30:00+00:00,157.77975,7630.5254,5.1950393
2696,2016-04-22 08:30:00+00:00,25.198399,7546.5957,3.3201275
2697,2016-04-22 09:30:00+00:00,283.74573,7870.354,5.967146
2698,2016-04-22 10:30:00+00:00,28.45929,9141.744,3.0981688
2699,2016-04-22 11:30:00+00:00,86.898476,14020.517,3.9169605
2700,2016-04-22 12:30:00+00:00,24.833344,25580.945,3.09278
2701,2016-04-22 13:30:00+00:00,108.95318,26743.445,4.3417625
2702,2016-04-22 14:30:00+00:00,20.127003,29747.021,3.271304
2703,2016-04-22 15:30:00+00:00,417.49097,32649.22,6.136237
2704,2016-04-22 16:30:00+00:00,147.39124,27200.865,4.922782
2705,2016-04-22 17:30:00+00:00,433.80112,31460.318,6.275538
2706,2016-04-22 18:30:00+00:00,492.73587,34105.883,6.764776
2707,2016-04-22 19:30:00+00:00,442.64053,32263.742,6.6459813
2708,2016-04-22 20:30:00+00:00,503.6883,29112.754,6.67565
2709,2016-04-22 21:30:00+00:00,646.89307,22944.22,7.053719
2710,2016-04-22 22:30:00+00:00,851.30914,12312.299,7.81994
2711,2016-04-22 23:30:00+00:00,1055.8397,7918.2188,8.736434
2712,2016-04-23 00:30:00+00:00,1129.1116,7877.233,9.303773
2713,2016-04-23 01:30:00+00:00,1257.9067,7981.993,9.771447
2714,2016-04-23 02:30:00+00:00,1540.0623,7927.141,10.529446
2715,2016-04-23 03:30:00+00:00,1876.7085,8012.7188,11.389805
2716,2016-04-23 04:30:00+00:00,2079.9321,8043.6147,12.069654
2717,2016-04-23 05:30:00+00:00,2004.5831,8076.369,11.816148
2718,2016-04-23 06:30:00+00:00,1603.3181,8117.1245,10.852267
2719,2016-04-23 07:30:00+00:00,1324.7726,8269.631,10.05104
2720,2016-04-23 08:30:00+00:00,1326.0967,8399.002,9.84947
2721,2016-04-23 09:30:00+00:00,1290.2797,8660.0625,9.802151
2722,2016-04-23 10:30:00+00:00,1138.8523,8958.547,9.457791
2723,2016-04-23 11:30:00+00:00,733.2172,8837.505,8.307372
2724,2016-04-23 12:30:00+00:00,424.28415,8837.964,6.976838
2725,2016-04-23 13:30:00+00:00,216.75122,8653.743,5.6362767
2726,2016-04-23 14:30:00+00:00,333.70682,8520.501,6.3158703
2727,2016-04-23 15:30:00+00:00,322.63525,8259.852,6.5787916
2728,2016-04-23 16:30:00+00:00,422.39304,8121.2246,7.031401
2729,2016-04-23 17:30:00+00:00,239.17148,8176.4854,6.177532
2730,2016-04-23 18:30:00+00:00,226.6272,8180.1323,5.824878
2731,2016-04-23 19:30:00+00:00,250.00441,8174.7793,5.6590877
2732,2016-04-23 20:30:00+00:00,219.19496,8003.459,5.3595276
2733,2016-04-23 21:30:00+00:00,195.43712,8153.002,5.1583476
2734,2016-04-23 22:30:00+00:00,260.52722,8157.711,5.8223343
2735,2016-04-23 23:30:00+00:00,141.08688,7995.895,5.1261325
2736,2016-04-24 00:30:00+00:00,264.67816,7956.3486,6.3089285
2737,2016-04-24 01:30:00+00:00,503.23898,7964.2305,7.484105
2738,2016-04-24 02:30:00+00:00,273.73413,7978.877,6.092764
2739,2016-04-24 03:30:00+00:00,530.0644,7897.9653,7.274674
2740,2016-04-24 04:30:00+00:00,376.2192,8119.8774,6.676234
2741,2016-04-24 05:30:00+00:00,244.84566,8409.361,5.702208
2742,2016-04-24 06:30:00+00:00,384.6617,8383.529,6.2765455
2743,2016-04-24 07:30:00+00:00,384.10782,8606.803,6.438671
2744,2016-04-24 08:30:00+00:00,243.28763,8922.102,5.6105537
2745,2016-04-24 09:30:00+00:00,290.12015,9047.5,5.802861
2746,2016-04-24 10:30:00+00:00,724.53284,8872.717,8.055969
2747,2016-04-24 11:30:00+00:00,1109.6714,8846.46,9.284654
2748,2016-04-24 12:30:00+00:00,644.6947,8403.433,7.7733727
2749,2016-04-24 13:30:00+00:00,154.96544,8178.7603,4.6922326
2750,2016-04-24 14:30:00+00:00,112.73061,8354.417,3.4554453
2751,2016-04-24 15:30:00+00:00,15.613806,8447.471,2.7852013
2752,2016-04-24 16:30:00+00:00,0,8178.7075,1.6429383
2753,2016-04-24 17:30:00+00:00,0,7930.3867,1.5369712
2754,2016-04-24 18:30:00+00:00,3.9915838,7667.14,2.0503423
2755,2016-04-24 19:30:00+00:00,27.894665,7723.6377,2.7302136
2756,2016-04-24 20:30:00+00:00,21.611893,7702.119,2.0964506
2757,2016-04-24 21:30:00+00:00,13.72755,7838.4565,1.6292746
2758,2016-04-24 22:30:00+00:00,1471.4071,7890.4917,9.632344
2759,2016-04-24 23:30:00+00:00,765.7065,8071.3423,8.868239
2760,2016-04-25 00:30:00+00:00,397.22876,7938.7075,7.035236
2761,2016-04-25 01:30:00+00:00,521.2898,7799.595,7.0874753
2762,2016-04-25 02:30:00+00:00,488.60873,7973.322,7.5730815
2763,2016-04-25 03:30:00+00:00,445.33936,8092.1406,7.3915834
2764,2016-04-25 04:30:00+00:00,795.1479,7887.9077,8.470777
2765,2016-04-25 05:30:00+00:00,437.40167,7528.383,7.064539
2766,2016-04-25 06:30:00+00:00,716.5984,7550.0938,8.057221
2767,2016-04-25 07:30:00+00:00,986.11255,7552.0396,8.984599
2768,2016-04-25 08:30:00+00:00,599.63635,7542.798,7.9098268
2769,2016-04-25 09:30:00+00:00,1090.9982,7726.4385,9.299315
2770,2016-04-25 10:30:00+00:00,1621.3358,9021.974,10.778998
2771,2016-04-25 11:30:00+00:00,1077.1724,12917.95,9.548533
2772,2016-04-25 12:30:00+00:00,1863.4735,23789.512,11.357581
2773,2016-04-25 13:30:00+00:00,1140.8619,25770.756,9.533624
2774,2016-04-25 14:30:00+00:00,1114.1406,28653.887,9.351012
2775,2016-04-25 15:30:00+00:00,707.32104,31510.785,8.302617
2776,2016-04-25 16:30:00+00:00,1031.0975,26183.701,9.250482
2777,2016-04-25 17:30:00+00:00,639.18005,30197.357,8.3462925
2778,2016-04-25 18:30:00+00:00,1239.3964,32678.643,9.542301
2779,2016-04-25 19:30:00+00:00,944.6668,30767.697,8.966175
2780,2016-04-25 20:30:00+00:00,1366.1914,28055.06,9.565586
2781,2016-04-25 21:30:00+00:00,987.4154,21333.932,8.9392805
2782,2016-04-25 22:30:00+00:00,1334.4218,10884.618,9.6187315
2783,2016-04-25 23:30:00+00:00,1231.6017,7109.6133,9.874
2784,2016-04-26 00:30:00+00:00,2057.4988,7224.454,12.366204
2785,2016-04-26 01:30:00+00:00,2053.6267,7312.752,12.601934
2786,2016-04-26 02:30:00+00:00,1287.7177,7322.035,10.680446
2787,2016-04-26 03:30:00+00:00,1504.1912,7401.1987,10.62506
2788,2016-04-26 04:30:00+00:00,2144.6355,7364.952,15.520919
2789,2016-04-26 05:30:00+00:00,2107.279,7228.684,16.739782
2790,2016-04-26 06:30:00+00:00,1587.1208,7441.715,11.292507
2791,2016-04-26 07:30:00+00:00,2059.1482,7268.658,12.505146
2792,2016-04-26 08:30:00+00:00,2067.4512,7296.381,14.336001
2793,2016-04-26 09:30:00+00:00,993.24146,7591.086,9.330054
2794,2016-04-26 10:30:00+00:00,1968.8746,8896.256,12.103736
2795,2016-04-26 11:30:00+00:00,1173.4679,12794.84,9.531572
2796,2016-04-26 12:30:00+00:00,1347.1919,23237.918,9.748749
2797,2016-04-26 13:30:00+00:00,1856.842,25277.818,11.237275
2798,2016-04-26 14:30:00+00:00,1037.0215,27725.818,9.274115
2799,2016-04-26 15:30:00+00:00,1054.73,30547.562,9.249079
2800,2016-04-26 16:30:00+00:00,691.6624,25785.1,8.373384
2801,2016-04-26 17:30:00+00:00,974.32306,29591.416,8.905589
2802,2016-04-26 18:30:00+00:00,533.841,32050.523,7.6927752
2803,2016-04-26 19:30:00+00:00,353.12155,30690.541,6.5831685
2804,2016-04-26 20:30:00+00:00,635.5395,27892.219,7.0959983
2805,2016-04-26 21:30:00+00:00,569.889,21628.629,6.9653683
2806,2016-04-26 22:30:00+00:00,566.1833,11083.794,6.9793878
2807,2016-04-26 23:30:00+00:00,424.02826,7257.801,6.4788055
2808,2016-04-27 00:30:00+00:00,691.9664,7423.453,7.5358396
2809,2016-04-27 01:30:00+00:00,1015.2019,7591.7085,8.843317
2810,2016-04-27 02:30:00+00:00,590.4971,7586.471,7.657758
2811,2016-04-27 03:30:00+00:00,636.34973,7705.303,7.644386
2812,2016-04-27 04:30:00+00:00,382.5303,7824.8066,6.538559
2813,2016-04-27 05:30:00+00:00,367.16647,7907.8354,6.4162955
2814,2016-04-27 06:30:00+00:00,264.87582,8291.436,5.780841
2815,2016-04-27 07:30:00+00:00,208.6571,8304.726,5.374206
2816,2016-04-27 08:30:00+00:00,727.0096,8344.281,8.0589285
2817,2016-04-27 09:30:00+00:00,495.94308,8276.891,7.4642296
2818,2016-04-27 10:30:00+00:00,213.48938,9836.43,5.5820704
2819,2016-04-27 11:30:00+00:00,183.62576,14087.982,4.8704467
2820,2016-04-27 12:30:00+00:00,44.263447,25139.166,3.6090856
2821,2016-04-27 13:30:00+00:00,43.323414,26328.762,3.3274043
2822,2016-04-27 14:30:00+00:00,84.599754,28750.584,3.946337
2823,2016-04-27 15:30:00+00:00,28.576073,31544.75,3.0472326
2824,2016-04-27 16:30:00+00:00,121.80908,26067.219,4.792513
2825,2016-04-27 17:30:00+00:00,90.11908,30052.328,4.617932
2826,2016-04-27 18:30:00+00:00,104.03212,32573.623,4.9074397
2827,2016-04-27 19:30:00+00:00,235.28375,31178.943,5.4914703
2828,2016-04-27 20:30:00+00:00,362.36768,27928.574,5.8736095
2829,2016-04-27 21:30:00+00:00,274.17725,21683.828,5.504724
2830,2016-04-27 22:30:00+00:00,388.2516,11106.393,5.994655
2831,2016-04-27 23:30:00+00:00,381.58713,7462.063,6.488349
2832,2016-04-28 00:30:00+00:00,138.23882,7549.0527,4.612475
2833,2016-04-28 01:30:00+00:00,186.2982,7685.94,4.8759885
2834,2016-04-28 02:30:00+00:00,255.94713,7859.5015,5.815181
2835,2016-04-28 03:30:00+00:00,283.09293,7615.9805,6.121382
2836,2016-04-28 04:30:00+00:00,119.661644,7697.689,4.106606
2837,2016-04-28 05:30:00+00:00,509.98105,7740.8545,7.130624
2838,2016-04-28 06:30:00+00:00,422.0545,8004.02,6.6578298
2839,2016-04-28 07:30:00+00:00,431.47345,7950.96,6.831598
2840,2016-04-28 08:30:00+00:00,532.0119,8049.083,7.1606092
2841,2016-04-28 09:30:00+00:00,600.11847,8128.4487,7.5215836
2842,2016-04-28 10:30:00+00:00,501.64676,9635.578,7.200829
2843,2016-04-28 11:30:00+00:00,1326.4161,13724.554,10.169504
2844,2016-04-28 12:30:00+00:00,1256.0289,24472.215,9.903039
2845,2016-04-28 13:30:00+00:00,672.08417,25607.068,7.762579
2846,2016-04-28 14:30:00+00:00,919.42896,28041.318,8.659329
2847,2016-04-28 15:30:00+00:00,1212.0022,30726.877,9.690728
2848,2016-04-28 16:30:00+00:00,711.73505,25466.773,8.439709
2849,2016-04-28 17:30:00+00:00,363.61288,29316.047,6.8967743
2850,2016-04-28 18:30:00+00:00,158.08226,32344.584,5.255956
2851,2016-04-28 19:30:00+00:00,222.96495,31320.73,5.4027467
2852,2016-04-28 20:30:00+00:00,105.18562,28432.832,4.297034
2853,2016-04-28 21:30:00+00:00,62.9177,22559.004,3.6038198
2854,2016-04-28 22:30:00+00:00,406.17996,11692.32,5.974015
2855,2016-04-28 23:30:00+00:00,423.66785,7719.8057,6.6065497
2856,2016-04-29 00:30:00+00:00,1181.9355,7549.607,9.249316
2857,2016-04-29 01:30:00+00:00,1030.6362,7590.354,9.429712
2858,2016-04-29 02:30:00+00:00,545.5038,7487.9805,7.5824895
2859,2016-04-29 03:30:00+00:00,846.582,7434.8267,8.312962
2860,2016-04-29 04:30:00+00:00,803.1993,7428.561,8.443858
2861,2016-04-29 05:30:00+00:00,593.72327,7575.1045,7.8204665
2862,2016-04-29 06:30:00+00:00,617.7772,7814.6133,7.768857
2863,2016-04-29 07:30:00+00:00,550.2222,7925.157,7.434636
2864,2016-04-29 08:30:00+00:00,515.55304,7593.6553,7.337738
2865,2016-04-29 09:30:00+00:00,459.96002,7924.3853,7.1117167
2866,2016-04-29 10:30:00+00:00,354.35287,9390.634,6.6006503
2867,2016-04-29 11:30:00+00:00,458.78,13763.713,7.0387087
2868,2016-04-29 12:30:00+00:00,357.15613,24451.389,6.762762
2869,2016-04-29 13:30:00+00:00,333.85522,26247.29,6.4660277
2870,2016-04-29 14:30:00+00:00,407.35263,29122.053,6.7640066
2871,2016-04-29 15:30:00+00:00,289.81546,31859.166,6.31326
2872,2016-04-29 16:30:00+00:00,285.12973,26953.604,6.3423615
2873,2016-04-29 17:30:00+00:00,272.7994,30799.047,6.2980514
2874,2016-04-29 18:30:00+00:00,178.06255,33580.1,5.675569
2875,2016-04-29 19:30:00+00:00,119.83437,31767.062,4.828141
2876,2016-04-29 20:30:00+00:00,319.8502,28480.76,5.7261944
2877,2016-04-29 21:30:00+00:00,236.06924,21968.938,5.548097
2878,2016-04-29 22:30:00+00:00,169.35957,11214.3545,5.135317
2879,2016-04-29 23:30:00+00:00,470.27383,7402.0356,6.784593
2880,2016-04-30 00:30:00+00:00,250.7801,7282.3794,6.0390887
2881,2016-04-30 01:30:00+00:00,974.83997,7447.9263,9.036201
2882,2016-04-30 02:30:00+00:00,997.58905,7347.487,9.262576
2883,2016-04-30 03:30:00+00:00,968.03687,7466.3057,9.179501
2884,2016-04-30 04:30:00+00:00,709.7421,7571.9297,8.379036
2885,2016-04-30 05:30:00+00:00,485.04337,7422.0527,7.3083215
2886,2016-04-30 06:30:00+00:00,538.2278,7499.871,7.2699885
2887,2016-04-30 07:30:00+00:00,277.06357,7594.9937,5.964503
2888,2016-04-30 08:30:00+00:00,474.08823,7598.592,7.1029844
2889,2016-04-30 09:30:00+00:00,702.83704,7378.7573,8.036274
2890,2016-04-30 10:30:00+00:00,706.8369,7290.4062,8.183761
2891,2016-04-30 11:30:00+00:00,698.2236,7389.401,8.078489
2892,2016-04-30 12:30:00+00:00,430.2927,7306.552,7.1278815
2893,2016-04-30 13:30:00+00:00,184.3768,7266.0103,5.412141
2894,2016-04-30 14:30:00+00:00,252.00027,7286.1167,5.6666265
2895,2016-04-30 15:30:00+00:00,224.47621,7220.9375,5.815702
2896,2016-04-30 16:30:00+00:00,168.3103,7208.208,5.6656322
2897,2016-04-30 17:30:00+00:00,97.55426,7247.876,5.044133
2898,2016-04-30 18:30:00+00:00,52.262173,7299.668,3.9827256
2899,2016-04-30 19:30:00+00:00,93.276505,7307.528,4.3093424
2900,2016-04-30 20:30:00+00:00,113.06379,7190.9995,4.402381
2901,2016-04-30 21:30:00+00:00,134.34126,7248.6123,4.6086016
2902,2016-04-30 22:30:00+00:00,275.1429,7223.979,5.7568865
2903,2016-04-30 23:30:00+00:00,723.22125,7213.503,8.029601
2904,2016-05-01 00:30:00+00:00,1219.1951,7281.1987,10.0021925
2905,2016-05-01 01:30:00+00:00,656.2639,7394.1284,8.588742
2906,2016-05-01 02:30:00+00:00,1241.6908,7451.1245,10.156484
2907,2016-05-01 03:30:00+00:00,725.1228,7385.573,8.694615
2908,2016-05-01 04:30:00+00:00,1153.2654,7194.84,9.822115
2909,2016-05-01 05:30:00+00:00,923.4505,7358.3433,9.23129
2910,2016-05-01 06:30:00+00:00,1882.4034,7302.9863,11.899592
2911,2016-05-01 07:30:00+00:00,2065.548,7432.556,13.652693
2912,2016-05-01 08:30:00+00:00,2082.1409,7408.906,13.743989
2913,2016-05-01 09:30:00+00:00,2097.5015,7255.6206,14.5186205
2914,2016-05-01 10:30:00+00:00,2111.5762,7282.419,14.384509
2915,2016-05-01 11:30:00+00:00,2099.9917,7352.1284,13.371105
2916,2016-05-01 12:30:00+00:00,2095.5037,7429.9775,13.169735
2917,2016-05-01 13:30:00+00:00,1856.4933,7275.6753,10.92928
2918,2016-05-01 14:30:00+00:00,1839.1504,7492.5186,11.1818285
2919,2016-05-01 15:30:00+00:00,1773.5953,7434.9985,11.262028
2920,2016-05-01 16:30:00+00:00,1827.1074,7404.1025,11.286993
2921,2016-05-01 17:30:00+00:00,1617.6406,7210.0835,10.825163
2922,2016-05-01 18:30:00+00:00,1294.2108,7197.7627,9.899248
2923,2016-05-01 19:30:00+00:00,1605.2754,7230.236,10.224946
2924,2016-05-01 20:30:00+00:00,1333.85,7076.632,9.725149
2925,2016-05-01 21:30:00+00:00,958.41174,7247.667,8.698036
2926,2016-05-01 22:30:00+00:00,673.6088,7311.723,7.7317753
2927,2016-05-01 23:30:00+00:00,793.4434,7451.0396,7.9933133
2928,2016-05-02 00:30:00+00:00,848.1577,7450.272,8.390803
2929,2016-05-02 01:30:00+00:00,458.87747,7508.7993,7.177376
2930,2016-05-02 02:30:00+00:00,389.15973,7524.754,6.6060963
2931,2016-05-02 03:30:00+00:00,404.3625,7438.515,6.568956
2932,2016-05-02 04:30:00+00:00,310.49442,7281.006,6.2618465
2933,2016-05-02 05:30:00+00:00,232.28383,7074.8657,5.7235594
2934,2016-05-02 06:30:00+00:00,340.27115,7114.417,6.1703024
2935,2016-05-02 07:30:00+00:00,371.71823,7001.162,6.5231643
2936,2016-05-02 08:30:00+00:00,841.0256,7055.842,8.419317
2937,2016-05-02 09:30:00+00:00,230.20526,7171.9175,5.318258
2938,2016-05-02 10:30:00+00:00,100.02352,8460.843,4.1938357
2939,2016-05-02 11:30:00+00:00,277.1542,12374.187,5.542372
2940,2016-05-02 12:30:00+00:00,173.85477,23369.91,5.5408864
2941,2016-05-02 13:30:00+00:00,147.20496,24683.598,5.145675
2942,2016-05-02 14:30:00+00:00,199.101,27566.928,5.318999
2943,2016-05-02 15:30:00+00:00,325.93384,30149.805,6.3335953
2944,2016-05-02 16:30:00+00:00,275.69125,24842.018,6.1655025
2945,2016-05-02 17:30:00+00:00,353.3103,28854.033,6.448127
2946,2016-05-02 18:30:00+00:00,149.25037,31598.012,5.055698
2947,2016-05-02 19:30:00+00:00,136.99637,30038.494,4.7785053
2948,2016-05-02 20:30:00+00:00,311.48016,26759.332,5.670628
2949,2016-05-02 21:30:00+00:00,211.44563,20856.643,5.241902
2950,2016-05-02 22:30:00+00:00,329.66238,10710.402,5.7451363
2951,2016-05-02 23:30:00+00:00,162.13751,6874.1323,4.7306437
2952,2016-05-03 00:30:00+00:00,256.28006,7100.2817,5.51977
2953,2016-05-03 01:30:00+00:00,541.9602,7235.448,7.0267262
2954,2016-05-03 02:30:00+00:00,829.89764,7086.0425,8.293357
2955,2016-05-03 03:30:00+00:00,658.1448,7016.563,8.029929
2956,2016-05-03 04:30:00+00:00,741.89185,7073.783,8.19104
2957,2016-05-03 05:30:00+00:00,582.7374,7031.4175,7.684645
2958,2016-05-03 06:30:00+00:00,427.34943,7257.43,6.921843
2959,2016-05-03 07:30:00+00:00,309.1081,7195.129,6.2095547
2960,2016-05-03 08:30:00+00:00,161.54851,7131.97,5.1211004
2961,2016-05-03 09:30:00+00:00,108.904854,7369.694,4.2947397
2962,2016-05-03 10:30:00+00:00,69.186325,8522.413,3.7707634
2963,2016-05-03 11:30:00+00:00,34.054474,12486.34,3.3640625
2964,2016-05-03 12:30:00+00:00,32.423798,23095.629,3.1012177
2965,2016-05-03 13:30:00+00:00,5.302488,24616.102,1.9963794
2966,2016-05-03 14:30:00+00:00,11.776946,26506.74,1.6786534
2967,2016-05-03 15:30:00+00:00,29.745646,28889.076,2.028416
2968,2016-05-03 16:30:00+00:00,52.81218,24226.756,2.8365185
2969,2016-05-03 17:30:00+00:00,16.043894,27841.371,2.4869053
2970,2016-05-03 18:30:00+00:00,22.35591,30647.252,2.5879593
2971,2016-05-03 19:30:00+00:00,121.74794,29738.146,3.9875257
2972,2016-05-03 20:30:00+00:00,99.12866,27236.365,4.181754
2973,2016-05-03 21:30:00+00:00,203.19829,21599.684,4.6409674
2974,2016-05-03 22:30:00+00:00,124.41317,11038.278,4.077961
2975,2016-05-03 23:30:00+00:00,69.66088,7025.2334,3.393509
2976,2016-05-04 00:30:00+00:00,134.5565,6939.2207,4.10659
2977,2016-05-04 01:30:00+00:00,162.74098,7107.301,4.700628
2978,2016-05-04 02:30:00+00:00,184.49086,7117.743,5.0233984
2979,2016-05-04 03:30:00+00:00,476.97028,7087.9434,6.883742
2980,2016-05-04 04:30:00+00:00,814.693,7204.0103,8.283609
2981,2016-05-04 05:30:00+00:00,1157.5515,7084.021,9.564806
2982,2016-05-04 06:30:00+00:00,1432.3875,7195.922,10.470228
2983,2016-05-04 07:30:00+00:00,1138.991,7111.1836,9.930057
2984,2016-05-04 08:30:00+00:00,1015.3692,7121.447,9.37118
2985,2016-05-04 09:30:00+00:00,1107.9564,7313.409,9.503559
2986,2016-05-04 10:30:00+00:00,1206.8108,8575.489,9.791853
2987,2016-05-04 11:30:00+00:00,1272.296,12591.235,10.009957
2988,2016-05-04 12:30:00+00:00,827.92584,23484.857,8.896717
2989,2016-05-04 13:30:00+00:00,446.2201,25027.977,7.224703
2990,2016-05-04 14:30:00+00:00,604.83044,27623.244,7.7954183
2991,2016-05-04 15:30:00+00:00,572.44525,29655.65,7.94926
2992,2016-05-04 16:30:00+00:00,326.56097,24708.092,6.8435817
2993,2016-05-04 17:30:00+00:00,260.72025,28153.834,6.0723886
2994,2016-05-04 18:30:00+00:00,174.76007,30619.395,5.2325287
2995,2016-05-04 19:30:00+00:00,492.9136,29207.338,6.5827966
2996,2016-05-04 20:30:00+00:00,166.76727,26541.652,4.617916
2997,2016-05-04 21:30:00+00:00,129.20251,20650.514,4.0990343
2998,2016-05-04 22:30:00+00:00,296.0404,10662.754,4.7890687
2999,2016-05-04 23:30:00+00:00,191.50703,6887.544,4.7389274
3000,2016-05-05 00:30:00+00:00,115.559,6899.4263,3.7200937
3001,2016-05-05 01:30:00+00:00,162.21124,6963.3286,4.22572
3002,2016-05-05 02:30:00+00:00,338.34912,6977.0273,5.851455
3003,2016-05-05 03:30:00+00:00,174.79005,7124.372,4.949316
3004,2016-05-05 04:30:00+00:00,993.3004,7134.679,8.9039345
3005,2016-05-05 05:30:00+00:00,1399.469,7037.7876,10.104504
3006,2016-05-05 06:30:00+00:00,420.7599,7156.889,5.9060884
3007,2016-05-05 07:30:00+00:00,587.70276,7177.8125,7.546955
3008,2016-05-05 08:30:00+00:00,713.70764,7099.264,7.790048
3009,2016-05-05 09:30:00+00:00,824.96497,7162.736,8.595796
3010,2016-05-05 10:30:00+00:00,762.2447,8436.75,8.440516
3011,2016-05-05 11:30:00+00:00,1188.8317,12286.244,9.516522
3012,2016-05-05 12:30:00+00:00,822.652,23246.613,8.81597
3013,2016-05-05 13:30:00+00:00,336.96512,25506.41,6.531423
3014,2016-05-05 14:30:00+00:00,857.9498,27181.678,8.577289
3015,2016-05-05 15:30:00+00:00,772.8645,29836.96,8.577794
3016,2016-05-05 16:30:00+00:00,381.84286,24960.758,7.065474
3017,2016-05-05 17:30:00+00:00,372.3106,28649.02,6.613986
3018,2016-05-05 18:30:00+00:00,388.72192,31151.207,6.4685817
3019,2016-05-05 19:30:00+00:00,412.33142,29608.037,6.6151
3020,2016-05-05 20:30:00+00:00,640.9708,26486.385,7.3070045
3021,2016-05-05 21:30:00+00:00,493.1446,20554.684,6.836027
3022,2016-05-05 22:30:00+00:00,934.8844,10393.311,7.890515
3023,2016-05-05 23:30:00+00:00,564.73346,6682.087,7.252124
3024,2016-05-06 00:30:00+00:00,1166.1547,6855.11,9.155654
3025,2016-05-06 01:30:00+00:00,1478.4702,6934.6426,10.395481
3026,2016-05-06 02:30:00+00:00,1699.0414,6929.9087,11.109142
3027,2016-05-06 03:30:00+00:00,1320.7406,6931.271,10.416163
3028,2016-05-06 04:30:00+00:00,1646.3932,7015.3647,10.82837
3029,2016-05-06 05:30:00+00:00,1656.6246,7097.9814,10.948834
3030,2016-05-06 06:30:00+00:00,1548.911,7125.4385,10.690349
3031,2016-05-06 07:30:00+00:00,926.5489,7001.95,9.1622715
3032,2016-05-06 08:30:00+00:00,684.9498,7008.495,7.9868937
3033,2016-05-06 09:30:00+00:00,745.22253,7021.322,7.9623923
3034,2016-05-06 10:30:00+00:00,563.35846,8426.94,7.555054
3035,2016-05-06 11:30:00+00:00,203.21783,12218.329,5.599036
3036,2016-05-06 12:30:00+00:00,35.41545,22440.37,3.7812402
3037,2016-05-06 13:30:00+00:00,66.18428,24109.102,3.4192564
3038,2016-05-06 14:30:00+00:00,52.93061,26765.973,3.521635
3039,2016-05-06 15:30:00+00:00,171.61827,28606.408,5.1163325
3040,2016-05-06 16:30:00+00:00,219.1614,24346.65,5.48795
3041,2016-05-06 17:30:00+00:00,294.6081,28377.012,5.9568214
3042,2016-05-06 18:30:00+00:00,133.70244,31173.531,4.7982607
3043,2016-05-06 19:30:00+00:00,116.4828,29855.992,4.5161524
3044,2016-05-06 20:30:00+00:00,103.24795,27164.768,4.151913
3045,2016-05-06 21:30:00+00:00,266.10162,21387.582,5.0197763
3046,2016-05-06 22:30:00+00:00,467.25912,11094.197,6.125057
3047,2016-05-06 23:30:00+00:00,303.77362,7006.078,5.978823
3048,2016-05-07 00:30:00+00:00,112.1159,6887.0015,4.1372595
3049,2016-05-07 01:30:00+00:00,98.427376,6934.2876,3.253369
3050,2016-05-07 02:30:00+00:00,63.87869,7043.4673,3.3977768
3051,2016-05-07 03:30:00+00:00,17.953619,7139.2993,2.2185862
3052,2016-05-07 04:30:00+00:00,47.405735,7116.2188,2.61783
3053,2016-05-07 05:30:00+00:00,134.3181,7105.5786,3.9224539
3054,2016-05-07 06:30:00+00:00,307.62897,7011.3267,5.556135
3055,2016-05-07 07:30:00+00:00,999.1823,7019.8154,8.970264
3056,2016-05-07 08:30:00+00:00,969.19135,7068.7744,9.138985
3057,2016-05-07 09:30:00+00:00,1611.2535,7244.789,10.824284
3058,2016-05-07 10:30:00+00:00,2000.2334,7195.7046,11.888968
3059,2016-05-07 11:30:00+00:00,2008.5895,7272.525,11.812502
3060,2016-05-07 12:30:00+00:00,1623.1759,7009.17,11.006465
3061,2016-05-07 13:30:00+00:00,1129.1775,6993.181,9.746732
3062,2016-05-07 14:30:00+00:00,1673.1484,7022.305,11.126326
3063,2016-05-07 15:30:00+00:00,990.4587,6833.4746,9.657206
3064,2016-05-07 16:30:00+00:00,787.86273,6851.686,8.598798
3065,2016-05-07 17:30:00+00:00,471.37897,6919.8726,6.9368896
3066,2016-05-07 18:30:00+00:00,1075.4988,6841.734,9.207166
3067,2016-05-07 19:30:00+00:00,962.9711,6844.0503,9.216896
3068,2016-05-07 20:30:00+00:00,914.8297,6745.747,8.588901
3069,2016-05-07 21:30:00+00:00,394.71512,6762.432,6.619869
3070,2016-05-07 22:30:00+00:00,566.22107,6760.0674,6.9192657
3071,2016-05-07 23:30:00+00:00,1435.5262,7001.439,9.994276
3072,2016-05-08 00:30:00+00:00,1754.2607,7101.823,11.169088
3073,2016-05-08 01:30:00+00:00,1716.6697,7205.2637,11.137505
3074,2016-05-08 02:30:00+00:00,1015.9113,7111.043,9.489349
3075,2016-05-08 03:30:00+00:00,1004.7879,6983.9604,8.990558
3076,2016-05-08 04:30:00+00:00,662.3455,7040.733,7.9296575
3077,2016-05-08 05:30:00+00:00,568.58374,7147.805,7.339947
3078,2016-05-08 06:30:00+00:00,455.47516,7128.0107,6.8892665
3079,2016-05-08 07:30:00+00:00,163.32423,7101.01,5.1889997
3080,2016-05-08 08:30:00+00:00,88.2731,7482.651,4.14371
3081,2016-05-08 09:30:00+00:00,176.83405,7454.644,5.047955
3082,2016-05-08 10:30:00+00:00,18.482035,7443.3677,3.1499183
3083,2016-05-08 11:30:00+00:00,11.388157,7328.35,2.4529114
3084,2016-05-08 12:30:00+00:00,108.556694,7320.686,4.4646516
3085,2016-05-08 13:30:00+00:00,115.79815,7262.8853,4.747052
3086,2016-05-08 14:30:00+00:00,541.6549,7176.7856,7.0969896
3087,2016-05-08 15:30:00+00:00,926.3087,7067.631,8.58844
3088,2016-05-08 16:30:00+00:00,832.15424,6971.5146,8.504473
3089,2016-05-08 17:30:00+00:00,688.8331,6879.932,7.9572845
3090,2016-05-08 18:30:00+00:00,1373.8374,6814.23,9.721232
3091,2016-05-08 19:30:00+00:00,1143.496,6930.693,9.320115
3092,2016-05-08 20:30:00+00:00,924.8779,6802.709,8.469775
3093,2016-05-08 21:30:00+00:00,1050.6417,7051.3237,8.542406
3094,2016-05-08 22:30:00+00:00,440.3906,7129.755,6.409049
3095,2016-05-08 23:30:00+00:00,355.6432,7231.301,6.1058373
3096,2016-05-09 00:30:00+00:00,270.12863,7275.669,5.6737175
3097,2016-05-09 01:30:00+00:00,165.03995,7320.5444,4.9862766
3098,2016-05-09 02:30:00+00:00,276.89462,7465.9644,5.7427025
3099,2016-05-09 03:30:00+00:00,227.38788,7469.0347,5.5278506
3100,2016-05-09 04:30:00+00:00,509.3511,7464.9946,6.971419
3101,2016-05-09 05:30:00+00:00,836.2877,6921.511,8.155895
3102,2016-05-09 06:30:00+00:00,820.03094,6999.775,8.403435
3103,2016-05-09 07:30:00+00:00,755.4829,7032.243,8.272912
3104,2016-05-09 08:30:00+00:00,1097.4265,6953.9746,9.208683
3105,2016-05-09 09:30:00+00:00,1206.0061,7166.629,9.666854
3106,2016-05-09 10:30:00+00:00,1691.1014,8560.691,10.914336
3107,2016-05-09 11:30:00+00:00,441.2544,12387.506,6.230856
3108,2016-05-09 12:30:00+00:00,96.01311,22989.459,3.4990013
3109,2016-05-09 13:30:00+00:00,162.95195,24355.006,3.3576527
3110,2016-05-09 14:30:00+00:00,0,26423.336,1.4550864
3111,2016-05-09 15:30:00+00:00,21.090939,28862.227,2.5634637
3112,2016-05-09 16:30:00+00:00,36.134724,24007.889,2.9153957
3113,2016-05-09 17:30:00+00:00,0.16371198,27414.283,1.9365667
3114,2016-05-09 18:30:00+00:00,39.954445,29942.498,3.2278867
3115,2016-05-09 19:30:00+00:00,26.513586,28695.947,3.4783819
3116,2016-05-09 20:30:00+00:00,89.84111,25928.12,3.8341827
3117,2016-05-09 21:30:00+00:00,93.840836,19710.742,3.8185265
3118,2016-05-09 22:30:00+00:00,210.65315,9986.923,4.690388
3119,2016-05-09 23:30:00+00:00,146.44313,6583.929,5.041511
3120,2016-05-10 00:30:00+00:00,214.13991,6799.7827,5.7080564
3121,2016-05-10 01:30:00+00:00,721.082,6743.2773,8.027182
3122,2016-05-10 02:30:00+00:00,556.6086,6797.5557,7.9080935
3123,2016-05-10 03:30:00+00:00,893.6682,6779.022,8.738627
3124,2016-05-10 04:30:00+00:00,677.91125,6863.1436,8.294276
3125,2016-05-10 05:30:00+00:00,1105.8081,6852.9185,9.418647
3126,2016-05-10 06:30:00+00:00,1511.5587,6753.267,10.615265
3127,2016-05-10 07:30:00+00:00,1529.5907,6742.3184,10.758575
3128,2016-05-10 08:30:00+00:00,1539.3629,6658.7656,10.706668
3129,2016-05-10 09:30:00+00:00,1412.1954,6820.5283,10.299921
3130,2016-05-10 10:30:00+00:00,1885.5039,7923.7686,11.277795
3131,2016-05-10 11:30:00+00:00,1971.395,11261.881,11.431607
3132,2016-05-10 12:30:00+00:00,1516.6982,20907.516,10.464786
3133,2016-05-10 13:30:00+00:00,754.39954,22692.453,7.9356294
3134,2016-05-10 14:30:00+00:00,573.5794,25180.35,7.172697
3135,2016-05-10 15:30:00+00:00,334.58627,28275.002,6.5027604
3136,2016-05-10 16:30:00+00:00,442.48157,23479.348,7.4391737
3137,2016-05-10 17:30:00+00:00,240.28215,26994.61,6.6129184
3138,2016-05-10 18:30:00+00:00,181.92484,29152.271,5.9754524
3139,2016-05-10 19:30:00+00:00,144.92947,28206.588,5.3090043
3140,2016-05-10 20:30:00+00:00,100.33425,25256.207,4.556522
3141,2016-05-10 21:30:00+00:00,124.72185,19297.498,4.441905
3142,2016-05-10 22:30:00+00:00,172.19482,9671.246,4.990961
3143,2016-05-10 23:30:00+00:00,264.29208,6376.3296,6.0616946
3144,2016-05-11 00:30:00+00:00,825.6781,6498.241,8.557442
3145,2016-05-11 01:30:00+00:00,864.8128,6492.062,9.093298
3146,2016-05-11 02:30:00+00:00,1708.4767,6502.549,11.259372
3147,2016-05-11 03:30:00+00:00,1190.1354,6492.725,10.53039
3148,2016-05-11 04:30:00+00:00,1637.9846,6491.556,11.061011
3149,2016-05-11 05:30:00+00:00,2084.4216,6686.496,13.194482
3150,2016-05-11 06:30:00+00:00,1988.3724,6787.42,13.017736
3151,2016-05-11 07:30:00+00:00,2066.2534,6704.9204,13.218679
3152,2016-05-11 08:30:00+00:00,2056.2786,6601.051,12.870708
3153,2016-05-11 09:30:00+00:00,2069.9788,6794.986,12.619051
3154,2016-05-11 10:30:00+00:00,2091.0247,7938.3203,13.206153
3155,2016-05-11 11:30:00+00:00,2121.4658,11356.703,14.258734
3156,2016-05-11 12:30:00+00:00,2060.1726,20954.43,12.506158
3157,2016-05-11 13:30:00+00:00,1804.1719,22663.473,10.770664
3158,2016-05-11 14:30:00+00:00,1135.3425,25592.562,9.694424
3159,2016-05-11 15:30:00+00:00,1157.182,28225.338,9.576616
3160,2016-05-11 16:30:00+00:00,1007.0783,23626.473,9.268822
3161,2016-05-11 17:30:00+00:00,1017.1656,26973.588,9.168142
3162,2016-05-11 18:30:00+00:00,596.5926,29195.277,7.9924903
3163,2016-05-11 19:30:00+00:00,307.6868,27608.309,6.506038
3164,2016-05-11 20:30:00+00:00,182.98383,24869.469,5.266436
3165,2016-05-11 21:30:00+00:00,121.24918,19150.98,4.453125
3166,2016-05-11 22:30:00+00:00,162.9102,9839.888,4.8075705
3167,2016-05-11 23:30:00+00:00,375.7577,6417.954,6.5039635
3168,2016-05-12 00:30:00+00:00,1063.584,6529.5396,9.252763
3169,2016-05-12 01:30:00+00:00,820.34247,6520.5513,9.131935
3170,2016-05-12 02:30:00+00:00,1258.0781,6422.737,9.93658
3171,2016-05-12 03:30:00+00:00,1936.6182,6547.5044,11.964104
3172,2016-05-12 04:30:00+00:00,2034.212,6646.9062,12.862571
3173,2016-05-12 05:30:00+00:00,2065.3396,6653.2334,14.842123
3174,2016-05-12 06:30:00+00:00,2109.1523,6763.831,15.731873
3175,2016-05-12 07:30:00+00:00,2139.416,6588.3594,15.454604
3176,2016-05-12 08:30:00+00:00,2170.8015,6534.845,15.440162
3177,2016-05-12 09:30:00+00:00,2209.7913,6606.752,16.260162
3178,2016-05-12 10:30:00+00:00,2186.555,7886.1787,14.643424
3179,2016-05-12 11:30:00+00:00,2148.9617,11606.48,13.713428
3180,2016-05-12 12:30:00+00:00,2135.2065,21714.291,13.455764
3181,2016-05-12 13:30:00+00:00,2054.2878,23651.156,11.5165205
3182,2016-05-12 14:30:00+00:00,977.79803,26044.604,8.688724
3183,2016-05-12 15:30:00+00:00,1536.5673,29032.293,11.016026
3184,2016-05-12 16:30:00+00:00,1935.3345,23971.361,11.857373
3185,2016-05-12 17:30:00+00:00,2165.353,27159.393,12.024593
3186,2016-05-12 18:30:00+00:00,2122.0308,29460.588,11.929809
3187,2016-05-12 19:30:00+00:00,2213.0413,28100.453,12.974666
3188,2016-05-12 20:30:00+00:00,1184.4924,25310.035,9.725331
3189,2016-05-12 21:30:00+00:00,1361.2874,18881.166,9.5131235
3190,2016-05-12 22:30:00+00:00,947.6299,9303.683,8.904483
3191,2016-05-12 23:30:00+00:00,509.97815,6051.881,7.3623114
3192,2016-05-13 00:30:00+00:00,506.0638,6164.409,7.0897994
3193,2016-05-13 01:30:00+00:00,1097.4883,6043.86,9.069417
3194,2016-05-13 02:30:00+00:00,517.5332,6015.968,7.407535
3195,2016-05-13 03:30:00+00:00,386.84207,6110.7847,6.614718
3196,2016-05-13 04:30:00+00:00,872.49365,6262.786,8.246036
3197,2016-05-13 05:30:00+00:00,845.66034,6181.865,8.5875845
3198,2016-05-13 06:30:00+00:00,294.5416,6248.4355,5.946715
3199,2016-05-13 07:30:00+00:00,51.02294,6165.6953,3.9330578
3200,2016-05-13 08:30:00+00:00,43.93251,6344.325,2.3284261
3201,2016-05-13 09:30:00+00:00,62.799545,6521.883,3.9877331
3202,2016-05-13 10:30:00+00:00,777.67224,7885.796,8.545008
3203,2016-05-13 11:30:00+00:00,346.3043,11745.367,6.7822714
3204,2016-05-13 12:30:00+00:00,314.6922,21268.352,6.0598435
3205,2016-05-13 13:30:00+00:00,262.71722,23094.36,5.691399
3206,2016-05-13 14:30:00+00:00,274.2575,26077.75,6.0046353
3207,2016-05-13 15:30:00+00:00,306.58734,28228.686,6.27812
3208,2016-05-13 16:30:00+00:00,421.09625,23606.146,6.8420515
3209,2016-05-13 17:30:00+00:00,230.25146,27317.465,6.020419
3210,2016-05-13 18:30:00+00:00,594.02136,29598.367,7.39451
3211,2016-05-13 19:30:00+00:00,922.9873,27750.96,8.250579
3212,2016-05-13 20:30:00+00:00,669.5072,24987.387,7.6987157
3213,2016-05-13 21:30:00+00:00,1004.9755,19013.402,8.188714
3214,2016-05-13 22:30:00+00:00,707.09955,9697.227,7.565175
3215,2016-05-13 23:30:00+00:00,608.4457,6412.2812,7.2552834
3216,2016-05-14 00:30:00+00:00,311.83084,6479.2026,5.6730285
3217,2016-05-14 01:30:00+00:00,365.42838,6490.7114,6.0583844
3218,2016-05-14 02:30:00+00:00,200.31778,6497.9985,5.207067
3219,2016-05-14 03:30:00+00:00,250.85818,6592.1606,5.7057443
3220,2016-05-14 04:30:00+00:00,1465.837,6582.7803,10.537782
3221,2016-05-14 05:30:00+00:00,868.96533,6508.47,8.883936
3222,2016-05-14 06:30:00+00:00,516.9464,6487.964,7.385372
3223,2016-05-14 07:30:00+00:00,226.86998,6496.4004,5.4106317
3224,2016-05-14 08:30:00+00:00,65.81475,6512.52,3.3852289
3225,2016-05-14 09:30:00+00:00,214.87201,6435.88,5.3580494
3226,2016-05-14 10:30:00+00:00,29.403475,6490.8135,2.725594
3227,2016-05-14 11:30:00+00:00,0,6528.1143,1.8874018
3228,2016-05-14 12:30:00+00:00,610.27673,6541.7603,8.240291
3229,2016-05-14 13:30:00+00:00,1598.5199,6576.593,11.055282
3230,2016-05-14 14:30:00+00:00,2003.0569,6665.9224,12.39087
3231,2016-05-14 15:30:00+00:00,2060.0146,6660.96,12.03744
3232,2016-05-14 16:30:00+00:00,1985.8511,6814.3604,11.687453
3233,2016-05-14 17:30:00+00:00,1873.3658,6931.6235,11.575083
3234,2016-05-14 18:30:00+00:00,2028.1141,6932.5723,11.870515
3235,2016-05-14 19:30:00+00:00,2084.323,6840.1807,11.849446
3236,2016-05-14 20:30:00+00:00,2105.5073,6810.1045,12.339271
3237,2016-05-14 21:30:00+00:00,2081.6033,6875.268,12.099237
3238,2016-05-14 22:30:00+00:00,2138.4788,6838.6006,12.834749
3239,2016-05-14 23:30:00+00:00,2122.4639,6743.7363,12.575652
3240,2016-05-15 00:30:00+00:00,2055.5264,6683.863,11.918352
3241,2016-05-15 01:30:00+00:00,2117.511,6796.1963,12.414494
3242,2016-05-15 02:30:00+00:00,2074.5117,6793.6655,12.1867485
3243,2016-05-15 03:30:00+00:00,1936.7981,6775.6064,11.7084055
3244,2016-05-15 04:30:00+00:00,1688.5953,6891.862,11.095607
3245,2016-05-15 05:30:00+00:00,1903.069,7221.0757,11.381168
3246,2016-05-15 06:30:00+00:00,1659.3562,7321.1523,11.07663
3247,2016-05-15 07:30:00+00:00,1444.9454,7210.1743,10.537459
3248,2016-05-15 08:30:00+00:00,1854.5568,7371.5,11.310765
3249,2016-05-15 09:30:00+00:00,1440.6085,7374.2466,10.654324
3250,2016-05-15 10:30:00+00:00,1677.537,7246.7573,10.8076725
3251,2016-05-15 11:30:00+00:00,916.6209,6881.0933,8.82524
3252,2016-05-15 12:30:00+00:00,235.96722,6740.063,5.932864
3253,2016-05-15 13:30:00+00:00,874.0263,6754.3784,8.776987
3254,2016-05-15 14:30:00+00:00,405.601,6718.225,7.2535686
3255,2016-05-15 15:30:00+00:00,1073.1427,6592.939,9.4838705
3256,2016-05-15 16:30:00+00:00,1372.8287,6595.519,10.122658
3257,2016-05-15 17:30:00+00:00,1511.6332,6570.2656,10.304881
3258,2016-05-15 18:30:00+00:00,1747.026,6513.667,10.651348
3259,2016-05-15 19:30:00+00:00,1118.7665,6551.2173,9.364012
3260,2016-05-15 20:30:00+00:00,1186.8098,6699.7754,9.0263405
3261,2016-05-15 21:30:00+00:00,731.3024,6908.3794,7.7717934
3262,2016-05-15 22:30:00+00:00,719.80286,7018.0474,7.511884
3263,2016-05-15 23:30:00+00:00,569.1513,6761.795,7.2072244
3264,2016-05-16 00:30:00+00:00,338.914,6812.4297,6.4863415
3265,2016-05-16 01:30:00+00:00,230.11224,6781.9375,5.666902
3266,2016-05-16 02:30:00+00:00,673.13776,7021.1978,7.611683
3267,2016-05-16 03:30:00+00:00,622.7723,7140.379,7.7020297
3268,2016-05-16 04:30:00+00:00,381.88797,7311.349,6.8733163
3269,2016-05-16 05:30:00+00:00,349.59802,7499.7285,6.4543386
3270,2016-05-16 06:30:00+00:00,246.1888,7990.04,5.738358
3271,2016-05-16 07:30:00+00:00,245.20085,8007.7603,5.7496023
3272,2016-05-16 08:30:00+00:00,274.82327,7956.3354,6.0359797
3273,2016-05-16 09:30:00+00:00,299.12775,8047.25,6.3083134
3274,2016-05-16 10:30:00+00:00,91.326195,9412.537,4.578924
3275,2016-05-16 11:30:00+00:00,0,13259.996,3.252017
3276,2016-05-16 12:30:00+00:00,6.012909,23890.814,2.3711193
3277,2016-05-16 13:30:00+00:00,13.433619,25250.363,2.5606
3278,2016-05-16 14:30:00+00:00,71.74697,27997.215,3.9148095
3279,2016-05-16 15:30:00+00:00,334.37952,30787.424,5.98125
3280,2016-05-16 16:30:00+00:00,599.5574,25906.092,7.3931537
3281,2016-05-16 17:30:00+00:00,1081.554,29727.691,8.86996
3282,2016-05-16 18:30:00+00:00,766.8057,32194.818,8.081776
3283,2016-05-16 19:30:00+00:00,322.0951,30679.383,6.2983956
3284,2016-05-16 20:30:00+00:00,65.67999,27587.686,4.526093
3285,2016-05-16 21:30:00+00:00,3.412093,22031.467,2.493346
3286,2016-05-16 22:30:00+00:00,43.61074,11573.54,3.1727333
3287,2016-05-16 23:30:00+00:00,16.506182,7520.061,2.3048334
3288,2016-05-17 00:30:00+00:00,26.641596,7332.0034,2.373206
3289,2016-05-17 01:30:00+00:00,759.1074,7413.0234,7.866246
3290,2016-05-17 02:30:00+00:00,202.78613,7344.9175,4.564257
3291,2016-05-17 03:30:00+00:00,0,7327.2246,2.6776664
3292,2016-05-17 04:30:00+00:00,0,7393.102,1.3866318
3293,2016-05-17 05:30:00+00:00,74.425575,7257.4536,4.580536
3294,2016-05-17 06:30:00+00:00,87.15451,7330.9946,4.5251374
3295,2016-05-17 07:30:00+00:00,34.431206,7306.051,3.8148634
3296,2016-05-17 08:30:00+00:00,5.1948285,7094.966,3.0986834
3297,2016-05-17 09:30:00+00:00,38.44247,7266.096,3.5873206
3298,2016-05-17 10:30:00+00:00,0,8677.342,2.2661605
3299,2016-05-17 11:30:00+00:00,0,12700.815,2.1688707
3300,2016-05-17 12:30:00+00:00,0,24308.965,2.5707736
3301,2016-05-17 13:30:00+00:00,0,26161.617,1.7615244
3302,2016-05-17 14:30:00+00:00,0,28486.416,1.8103147
3303,2016-05-17 15:30:00+00:00,25.616833,31437.535,2.7157512
3304,2016-05-17 16:30:00+00:00,63.454906,25379.008,3.6928291
3305,2016-05-17 17:30:00+00:00,105.96039,29297.904,4.3506217
3306,2016-05-17 18:30:00+00:00,104.09676,32422.775,4.650403
3307,2016-05-17 19:30:00+00:00,62.49582,31058.443,4.4307737
3308,2016-05-17 20:30:00+00:00,69.041214,28129.438,4.2935805
3309,2016-05-17 21:30:00+00:00,207.88611,21584.068,4.9350643
3310,2016-05-17 22:30:00+00:00,177.29214,10902.049,5.079832
3311,2016-05-17 23:30:00+00:00,194.04245,7228.7188,5.3861275
3312,2016-05-18 00:30:00+00:00,297.87982,7303.7124,6.2646213
3313,2016-05-18 01:30:00+00:00,304.28833,7374.0483,6.4839954
3314,2016-05-18 02:30:00+00:00,566.36646,7289.596,7.5622087
3315,2016-05-18 03:30:00+00:00,364.32266,7251.78,6.9700933
3316,2016-05-18 04:30:00+00:00,208.55429,7366.0825,5.9801393
3317,2016-05-18 05:30:00+00:00,69.48402,7323.15,4.4456196
3318,2016-05-18 06:30:00+00:00,23.626072,7551.529,3.3777547
3319,2016-05-18 07:30:00+00:00,38.37773,7556.775,3.4807622
3320,2016-05-18 08:30:00+00:00,6.12935,7390.9263,3.044334
3321,2016-05-18 09:30:00+00:00,0,7723.6016,2.0460997
3322,2016-05-18 10:30:00+00:00,0,9136.3125,1.6304659
3323,2016-05-18 11:30:00+00:00,0,13128.662,1.257166
3324,2016-05-18 12:30:00+00:00,0,24150.389,1.1867794
3325,2016-05-18 13:30:00+00:00,0,25778.355,1.3561306
3326,2016-05-18 14:30:00+00:00,0,28406.11,1.4057183
3327,2016-05-18 15:30:00+00:00,0,31504.387,1.5005952
3328,2016-05-18 16:30:00+00:00,6.0029182,25780.426,2.519999
3329,2016-05-18 17:30:00+00:00,59.649853,29531.75,3.9057186
3330,2016-05-18 18:30:00+00:00,301.11414,32165.629,5.6628704
3331,2016-05-18 19:30:00+00:00,70.71881,30699.852,3.8295076
3332,2016-05-18 20:30:00+00:00,106.154015,27872.682,4.098542
3333,2016-05-18 21:30:00+00:00,179.76436,21569.06,4.665588
3334,2016-05-18 22:30:00+00:00,108.96711,11277.247,4.703059
3335,2016-05-18 23:30:00+00:00,125.943344,7261.2397,4.9839215
3336,2016-05-19 00:30:00+00:00,150.53102,7220.639,5.423755
3337,2016-05-19 01:30:00+00:00,354.36844,7334.699,6.591392
3338,2016-05-19 02:30:00+00:00,522.6239,7288.799,7.4073954
3339,2016-05-19 03:30:00+00:00,685.01996,7360.003,8.035407
3340,2016-05-19 04:30:00+00:00,323.19617,7457.394,6.490914
3341,2016-05-19 05:30:00+00:00,81.3745,7227.3843,4.7844934
3342,2016-05-19 06:30:00+00:00,53.577183,7377.6226,3.6504276
3343,2016-05-19 07:30:00+00:00,0,7666.3315,2.8338244
3344,2016-05-19 08:30:00+00:00,5.2520556,7471.5967,3.2271898
3345,2016-05-19 09:30:00+00:00,24.807638,7598.739,3.6924658
3346,2016-05-19 10:30:00+00:00,0,9109.329,2.7274272
3347,2016-05-19 11:30:00+00:00,0,13140.446,2.6173167
3348,2016-05-19 12:30:00+00:00,0,23323.629,1.5272044
3349,2016-05-19 13:30:00+00:00,0,24603.309,1.811886
3350,2016-05-19 14:30:00+00:00,0.2812244,27466.764,2.5077958
3351,2016-05-19 15:30:00+00:00,25.210197,30782.262,2.9110627
3352,2016-05-19 16:30:00+00:00,23.168446,25387.213,2.7513537
3353,2016-05-19 17:30:00+00:00,33.005867,29346.773,3.2252192
3354,2016-05-19 18:30:00+00:00,41.425224,32097.127,3.6860924
3355,2016-05-19 19:30:00+00:00,48.564632,30657.855,3.9939463
3356,2016-05-19 20:30:00+00:00,85.28194,27427.914,4.3103485
3357,2016-05-19 21:30:00+00:00,62.6525,20977.45,3.7803578
3358,2016-05-19 22:30:00+00:00,90.71748,10839.863,3.9739144
3359,2016-05-19 23:30:00+00:00,71.909134,7093.6353,4.3004394
3360,2016-05-20 00:30:00+00:00,39.619343,7119.077,4.068559
3361,2016-05-20 01:30:00+00:00,13.810481,7239.977,2.992143
3362,2016-05-20 02:30:00+00:00,0,7192.495,1.8715001
3363,2016-05-20 03:30:00+00:00,0,7235.1313,1.3937992
3364,2016-05-20 04:30:00+00:00,0,7327.5654,1.4204329
3365,2016-05-20 05:30:00+00:00,10.367191,7252.865,1.9198289
3366,2016-05-20 06:30:00+00:00,20.146059,7450.7676,2.1684108
3367,2016-05-20 07:30:00+00:00,0,7480.6245,1.474373
3368,2016-05-20 08:30:00+00:00,4.319933,7406.705,1.8460761
3369,2016-05-20 09:30:00+00:00,23.516142,7621.841,2.644423
3370,2016-05-20 10:30:00+00:00,0,8790.096,2.8466754
3371,2016-05-20 11:30:00+00:00,0,12992.15,1.8446125
3372,2016-05-20 12:30:00+00:00,0,23631.549,1.4426498
3373,2016-05-20 13:30:00+00:00,0,25314.377,1.3543781
3374,2016-05-20 14:30:00+00:00,0,27479.78,1.563468
3375,2016-05-20 15:30:00+00:00,0,29949.705,1.7517966
3376,2016-05-20 16:30:00+00:00,0,25055.975,2.261916
3377,2016-05-20 17:30:00+00:00,0,28696.916,2.355869
3378,2016-05-20 18:30:00+00:00,0,31562.807,2.4768083
3379,2016-05-20 19:30:00+00:00,0,29987.826,2.396363
3380,2016-05-20 20:30:00+00:00,4.4375567,27306.615,1.3184054
3381,2016-05-20 21:30:00+00:00,8.73792,21449.932,1.3738946
3382,2016-05-20 22:30:00+00:00,109.97766,11376.571,3.713261
3383,2016-05-20 23:30:00+00:00,605.75287,7281.2695,7.1548038
3384,2016-05-21 00:30:00+00:00,585.2839,7075.935,8.141061
3385,2016-05-21 01:30:00+00:00,1386.4114,7087.99,10.295285
3386,2016-05-21 02:30:00+00:00,1119.4088,7029.8726,10.350577
3387,2016-05-21 03:30:00+00:00,899.3,7104.743,9.562134
3388,2016-05-21 04:30:00+00:00,865.09595,7140.3604,9.136493
3389,2016-05-21 05:30:00+00:00,840.46454,7288.183,8.994504
3390,2016-05-21 06:30:00+00:00,636.41223,7419.1187,8.15202
3391,2016-05-21 07:30:00+00:00,637.2201,7386.3506,7.973324
3392,2016-05-21 08:30:00+00:00,603.03937,7367.268,7.741531
3393,2016-05-21 09:30:00+00:00,645.2937,7246.0537,7.910906
3394,2016-05-21 10:30:00+00:00,651.6541,7393.8047,7.9189076
3395,2016-05-21 11:30:00+00:00,608.73004,7460.127,7.7093463
3396,2016-05-21 12:30:00+00:00,1103.5515,7191.1255,9.268634
3397,2016-05-21 13:30:00+00:00,339.28333,7172.1333,5.5938964
3398,2016-05-21 14:30:00+00:00,207.12518,7205.388,5.0368924
3399,2016-05-21 15:30:00+00:00,246.7348,7123.1377,5.5466413
3400,2016-05-21 16:30:00+00:00,85.03502,7182.8027,4.867802
3401,2016-05-21 17:30:00+00:00,60.58647,7174.019,4.664884
3402,2016-05-21 18:30:00+00:00,119.43325,7207.114,5.0915737
3403,2016-05-21 19:30:00+00:00,337.79596,6996.461,6.0870624
3404,2016-05-21 20:30:00+00:00,311.44125,6884.591,6.069746
3405,2016-05-21 21:30:00+00:00,772.35956,6804.67,7.1411176
3406,2016-05-21 22:30:00+00:00,486.43585,6944.4,6.947988
3407,2016-05-21 23:30:00+00:00,550.22815,6929.602,7.2749195
3408,2016-05-22 00:30:00+00:00,829.6888,6803.0225,8.433402
3409,2016-05-22 01:30:00+00:00,767.32684,6826.835,8.676601
3410,2016-05-22 02:30:00+00:00,1259.1134,7088.0864,9.92864
3411,2016-05-22 03:30:00+00:00,695.25183,7066.851,8.470518
3412,2016-05-22 04:30:00+00:00,700.9589,7216.549,8.18526
3413,2016-05-22 05:30:00+00:00,388.9789,7047.51,6.7598667
3414,2016-05-22 06:30:00+00:00,331.6862,7095.624,6.297821
3415,2016-05-22 07:30:00+00:00,310.34033,7190.9277,6.067014
3416,2016-05-22 08:30:00+00:00,205.63509,7100.3613,5.5369406
3417,2016-05-22 09:30:00+00:00,404.49805,6953.361,6.8468857
3418,2016-05-22 10:30:00+00:00,566.6996,6939.6313,7.6435657
3419,2016-05-22 11:30:00+00:00,262.7629,6933.404,6.408303
3420,2016-05-22 12:30:00+00:00,482.0011,7008.3325,7.0656147
3421,2016-05-22 13:30:00+00:00,436.03946,7023.7817,7.116183
3422,2016-05-22 14:30:00+00:00,523.12915,6980.8657,7.557404
3423,2016-05-22 15:30:00+00:00,1003.4875,6851.0957,9.074696
3424,2016-05-22 16:30:00+00:00,907.5747,6976.9365,8.894623
3425,2016-05-22 17:30:00+00:00,844.1551,6954.3867,8.544341
3426,2016-05-22 18:30:00+00:00,865.74316,7028.7144,8.406241
3427,2016-05-22 19:30:00+00:00,674.9239,6878.3994,7.755569
3428,2016-05-22 20:30:00+00:00,593.0906,6647.842,7.2610416
3429,2016-05-22 21:30:00+00:00,420.1889,6788.0425,6.398749
3430,2016-05-22 22:30:00+00:00,309.28455,6849.323,5.7581825
3431,2016-05-22 23:30:00+00:00,375.03192,7001.6597,6.2794304
3432,2016-05-23 00:30:00+00:00,273.96045,6993.283,6.2368064
3433,2016-05-23 01:30:00+00:00,248.94131,7133.317,6.0304046
3434,2016-05-23 02:30:00+00:00,364.11725,7067.2437,6.553376
3435,2016-05-23 03:30:00+00:00,469.10855,7091.9893,7.0883045
3436,2016-05-23 04:30:00+00:00,399.23193,7153.5225,6.894484
3437,2016-05-23 05:30:00+00:00,413.65036,7483.336,6.8869243
3438,2016-05-23 06:30:00+00:00,269.78348,7537.982,6.1944942
3439,2016-05-23 07:30:00+00:00,363.4588,7738.1865,6.601531
3440,2016-05-23 08:30:00+00:00,272.037,7727.4277,6.1960883
3441,2016-05-23 09:30:00+00:00,299.03275,7812.593,6.33548
3442,2016-05-23 10:30:00+00:00,246.12424,7812.4375,6.1012893
3443,2016-05-23 11:30:00+00:00,150.53395,7879.9785,5.4302807
3444,2016-05-23 12:30:00+00:00,0,7734.7183,3.1733055
3445,2016-05-23 13:30:00+00:00,2.0466268,7443.5664,1.729631
3446,2016-05-23 14:30:00+00:00,16.542475,7239.3735,1.9235235
3447,2016-05-23 15:30:00+00:00,36.934578,7305.5024,3.2085457
3448,2016-05-23 16:30:00+00:00,58.752903,7208.651,3.6915076
3449,2016-05-23 17:30:00+00:00,19.334362,7238.37,3.1352026
3450,2016-05-23 18:30:00+00:00,8.507299,7168.711,2.2218146
3451,2016-05-23 19:30:00+00:00,1.9297827,7270.063,2.6630166
3452,2016-05-23 20:30:00+00:00,5.6441264,7154.9487,1.7080731
3453,2016-05-23 21:30:00+00:00,60.160156,7146.1694,2.5831175
3454,2016-05-23 22:30:00+00:00,46.49905,7322.941,3.0700476
3455,2016-05-23 23:30:00+00:00,103.36564,7432.7754,4.056183
3456,2016-05-24 00:30:00+00:00,28.963388,7428.053,2.6323428
3457,2016-05-24 01:30:00+00:00,30.63101,7486.777,2.1804917
3458,2016-05-24 02:30:00+00:00,85.27165,7347.3477,3.917721
3459,2016-05-24 03:30:00+00:00,72.97757,7571.854,4.271351
3460,2016-05-24 04:30:00+00:00,234.0778,7538.1733,5.4789915
3461,2016-05-24 05:30:00+00:00,309.0235,7442.5454,6.021376
3462,2016-05-24 06:30:00+00:00,289.33496,7859.2476,6.1014695
3463,2016-05-24 07:30:00+00:00,460.08325,7829.238,7.0352736
3464,2016-05-24 08:30:00+00:00,266.95038,7826.217,6.2364
3465,2016-05-24 09:30:00+00:00,448.82666,7914.6597,7.0664215
3466,2016-05-24 10:30:00+00:00,212.13744,9221.321,5.8565593
3467,2016-05-24 11:30:00+00:00,92.34269,13451.705,4.684418
3468,2016-05-24 12:30:00+00:00,116.09153,24824.47,4.6761847
3469,2016-05-24 13:30:00+00:00,4.1156335,26487.828,3.2261822
3470,2016-05-24 14:30:00+00:00,83.11621,28994.994,3.9904299
3471,2016-05-24 15:30:00+00:00,182.0673,32196.72,5.2238235
3472,2016-05-24 16:30:00+00:00,118.05953,26718.158,4.8587995
3473,2016-05-24 17:30:00+00:00,85.827934,31184.156,4.5334873
3474,2016-05-24 18:30:00+00:00,97.08983,34137.33,4.6550183
3475,2016-05-24 19:30:00+00:00,172.34912,32619.895,5.2885275
3476,2016-05-24 20:30:00+00:00,112.41568,29631.646,4.937458
3477,2016-05-24 21:30:00+00:00,132.78947,23147.889,4.679939
3478,2016-05-24 22:30:00+00:00,151.791,12095.449,4.5140386
3479,2016-05-24 23:30:00+00:00,196.43797,7675.7163,4.9890947
3480,2016-05-25 00:30:00+00:00,253.33376,7414.177,5.843324
3481,2016-05-25 01:30:00+00:00,470.38348,7546.0703,7.200888
3482,2016-05-25 02:30:00+00:00,939.6188,7551.5967,8.895885
3483,2016-05-25 03:30:00+00:00,1421.3971,7664.628,10.409939
3484,2016-05-25 04:30:00+00:00,1237.4855,7672.6304,10.382304
3485,2016-05-25 05:30:00+00:00,1498.5121,7501.6777,10.742652
3486,2016-05-25 06:30:00+00:00,1698.8008,7688.5225,11.234188
3487,2016-05-25 07:30:00+00:00,2020.4832,7612.6304,12.157216
3488,2016-05-25 08:30:00+00:00,1923.4274,7460.1797,11.78531
3489,2016-05-25 09:30:00+00:00,1632.4774,7577.628,10.937307
3490,2016-05-25 10:30:00+00:00,1548.5013,8914.95,10.482565
3491,2016-05-25 11:30:00+00:00,738.78455,13310.6045,7.7444625
3492,2016-05-25 12:30:00+00:00,283.95883,24933.016,5.759917
3493,2016-05-25 13:30:00+00:00,204.74626,27458.816,4.7197385
3494,2016-05-25 14:30:00+00:00,193.43326,29515.549,5.4326644
3495,2016-05-25 15:30:00+00:00,114.458916,32899.1,5.24174
3496,2016-05-25 16:30:00+00:00,12.092135,27152.822,3.159115
3497,2016-05-25 17:30:00+00:00,192.3501,31925.002,5.2608094
3498,2016-05-25 18:30:00+00:00,434.18134,34707.836,6.2844157
3499,2016-05-25 19:30:00+00:00,198.00725,32849.78,5.708612
3500,2016-05-25 20:30:00+00:00,75.091354,29694.37,4.2213798
3501,2016-05-25 21:30:00+00:00,32.524372,22589.17,3.3620577
3502,2016-05-25 22:30:00+00:00,28.907696,11505.033,2.79696
3503,2016-05-25 23:30:00+00:00,20.192514,7349.1465,2.291689
3504,2016-05-26 00:30:00+00:00,38.693844,7287.7964,2.979093
3505,2016-05-26 01:30:00+00:00,321.66437,7377.15,5.866186
3506,2016-05-26 02:30:00+00:00,524.43945,7324.5293,7.1238256
3507,2016-05-26 03:30:00+00:00,294.10504,7237.0312,6.4013457
3508,2016-05-26 04:30:00+00:00,679.2451,7280.5557,7.7231407
3509,2016-05-26 05:30:00+00:00,905.42944,7310.742,8.812539
3510,2016-05-26 06:30:00+00:00,968.2112,7442.686,9.23696
3511,2016-05-26 07:30:00+00:00,819.8907,7429.0776,8.85249
3512,2016-05-26 08:30:00+00:00,1355.461,7342.2266,10.240723
3513,2016-05-26 09:30:00+00:00,1600.3162,7575.1514,10.876262
3514,2016-05-26 10:30:00+00:00,1511.0455,8919.7705,10.642636
3515,2016-05-26 11:30:00+00:00,1891.8776,13495.185,11.321002
3516,2016-05-26 12:30:00+00:00,1359.6628,25446.379,10.278106
3517,2016-05-26 13:30:00+00:00,523.5063,27890.412,7.054934
3518,2016-05-26 14:30:00+00:00,615.53156,31005.05,7.221255
3519,2016-05-26 15:30:00+00:00,322.74753,33650.84,6.714693
3520,2016-05-26 16:30:00+00:00,327.8039,27275.254,6.844743
3521,2016-05-26 17:30:00+00:00,608.9981,31623.914,7.6590843
3522,2016-05-26 18:30:00+00:00,1405.5728,34327.15,9.470776
3523,2016-05-26 19:30:00+00:00,1947.9772,32842.895,10.679813
3524,2016-05-26 20:30:00+00:00,1383.2374,29339.016,9.894473
3525,2016-05-26 21:30:00+00:00,1023.8767,22279.828,8.776719
3526,2016-05-26 22:30:00+00:00,1248.5511,11254.246,9.059975
3527,2016-05-26 23:30:00+00:00,938.7671,7264.9165,8.791856
3528,2016-05-27 00:30:00+00:00,1037.651,7236.7656,9.267737
3529,2016-05-27 01:30:00+00:00,1273.3091,7346.353,10.045427
3530,2016-05-27 02:30:00+00:00,1638.3583,7374.314,11.028915
3531,2016-05-27 03:30:00+00:00,2115.0557,7320.84,13.067717
3532,2016-05-27 04:30:00+00:00,1889.814,7471.2363,11.910037
3533,2016-05-27 05:30:00+00:00,1968.1754,7313.695,11.60631
3534,2016-05-27 06:30:00+00:00,1760.1611,7263.211,11.183173
3535,2016-05-27 07:30:00+00:00,1474.0824,7368.7886,10.495393
3536,2016-05-27 08:30:00+00:00,441.80927,7397.589,6.45883
3537,2016-05-27 09:30:00+00:00,131.6859,7661.1064,3.1505623
3538,2016-05-27 10:30:00+00:00,355.0685,9139.676,6.068187
3539,2016-05-27 11:30:00+00:00,424.9629,13804.908,7.267233
3540,2016-05-27 12:30:00+00:00,229.7433,25369.393,6.439537
3541,2016-05-27 13:30:00+00:00,302.84106,27216.867,6.2265606
3542,2016-05-27 14:30:00+00:00,292.6723,29635.805,6.04795
3543,2016-05-27 15:30:00+00:00,211.06685,32219.43,5.6623755
3544,2016-05-27 16:30:00+00:00,218.23755,27073.518,5.4144316
3545,2016-05-27 17:30:00+00:00,292.26035,31659.342,5.7604084
3546,2016-05-27 18:30:00+00:00,361.91864,34322.543,5.7560997
3547,2016-05-27 19:30:00+00:00,329.1276,32866.57,6.242934
3548,2016-05-27 20:30:00+00:00,112.114494,29609.867,4.55708
3549,2016-05-27 21:30:00+00:00,34.240753,23074.855,3.5325437
3550,2016-05-27 22:30:00+00:00,20.241697,12011.96,2.7585056
3551,2016-05-27 23:30:00+00:00,43.63999,7674.2173,3.066934
3552,2016-05-28 00:30:00+00:00,74.26992,7347.036,3.4861858
3553,2016-05-28 01:30:00+00:00,133.81615,7437.048,4.484991
3554,2016-05-28 02:30:00+00:00,472.5475,7492.5317,6.6127715
3555,2016-05-28 03:30:00+00:00,1461.9441,7495.143,10.126384
3556,2016-05-28 04:30:00+00:00,421.03125,7510.375,5.8515973
3557,2016-05-28 05:30:00+00:00,74.20124,7530.986,3.3299341
3558,2016-05-28 06:30:00+00:00,120.762825,7534.69,2.1007388
3559,2016-05-28 07:30:00+00:00,191.39825,7542.808,6.2948785
3560,2016-05-28 08:30:00+00:00,523.09186,7598.268,7.4098926
3561,2016-05-28 09:30:00+00:00,512.00757,7517.211,7.46098
3562,2016-05-28 10:30:00+00:00,955.5102,7453.8833,8.7344055
3563,2016-05-28 11:30:00+00:00,805.9249,7531.1675,8.5041275
3564,2016-05-28 12:30:00+00:00,310.55023,7458.58,6.3858957
3565,2016-05-28 13:30:00+00:00,142.60799,7458.304,4.819787
3566,2016-05-28 14:30:00+00:00,231.25746,7706.318,5.3876066
3567,2016-05-28 15:30:00+00:00,205.91222,7708.371,5.684604
3568,2016-05-28 16:30:00+00:00,249.22516,7862.957,5.9075685
3569,2016-05-28 17:30:00+00:00,305.2058,7952.3613,6.1263714
3570,2016-05-28 18:30:00+00:00,473.76978,7908.0273,6.7575336
3571,2016-05-28 19:30:00+00:00,481.47214,7802.3857,6.902221
3572,2016-05-28 20:30:00+00:00,806.12274,7782.7764,7.4814625
3573,2016-05-28 21:30:00+00:00,1388.3856,7817.4224,8.846834
3574,2016-05-28 22:30:00+00:00,1416.2042,7673.661,9.611725
3575,2016-05-28 23:30:00+00:00,1662.2222,7670.0493,10.676556
3576,2016-05-29 00:30:00+00:00,1541.6852,7627.6094,11.25915
3577,2016-05-29 01:30:00+00:00,1891.0066,7584.3276,12.137126
3578,2016-05-29 02:30:00+00:00,2160.0732,7471.757,13.164642
3579,2016-05-29 03:30:00+00:00,1848.985,7410.6147,12.089918
3580,2016-05-29 04:30:00+00:00,1588.7463,7284.231,11.112504
3581,2016-05-29 05:30:00+00:00,1747.2709,7248.9673,11.135631
3582,2016-05-29 06:30:00+00:00,678.39233,7279.218,7.8266196
3583,2016-05-29 07:30:00+00:00,345.41525,7364.817,5.878023
3584,2016-05-29 08:30:00+00:00,231.57048,7416.2793,4.712567
3585,2016-05-29 09:30:00+00:00,34.422348,7466.0454,3.9810762
3586,2016-05-29 10:30:00+00:00,405.3027,7503.1577,6.887944
3587,2016-05-29 11:30:00+00:00,346.92416,7555.256,6.7972584
3588,2016-05-29 12:30:00+00:00,242.99763,7424.103,6.2874274
3589,2016-05-29 13:30:00+00:00,167.33403,7287.9556,5.4711127
3590,2016-05-29 14:30:00+00:00,395.44904,7377.447,6.4351015
3591,2016-05-29 15:30:00+00:00,638.55786,7280.9297,7.7106614
3592,2016-05-29 16:30:00+00:00,1183.0978,7532.5034,9.442657
3593,2016-05-29 17:30:00+00:00,1484.9368,7797.6265,10.09799
3594,2016-05-29 18:30:00+00:00,1832.0292,7706.702,10.746742
3595,2016-05-29 19:30:00+00:00,1932.0364,7589.979,10.940269
3596,2016-05-29 20:30:00+00:00,1770.5502,7596.611,10.637014
3597,2016-05-29 21:30:00+00:00,1280.7539,7647.1543,9.643981
3598,2016-05-29 22:30:00+00:00,1259.2692,7630.4053,9.476325
3599,2016-05-29 23:30:00+00:00,1026.425,7642.2983,9.240644
3600,2016-05-30 00:30:00+00:00,1370.0233,7620.67,10.304059
3601,2016-05-30 01:30:00+00:00,1375.1483,7543.1226,10.520308
3602,2016-05-30 02:30:00+00:00,566.5776,7442.2603,7.6663957
3603,2016-05-30 03:30:00+00:00,1060.8584,7449.285,9.164525
3604,2016-05-30 04:30:00+00:00,588.6273,7460.001,7.798397
3605,2016-05-30 05:30:00+00:00,537.559,7001.4424,7.466151
3606,2016-05-30 06:30:00+00:00,986.1569,6949.1465,8.72153
3607,2016-05-30 07:30:00+00:00,1222.6552,6961.2764,9.631273
3608,2016-05-30 08:30:00+00:00,867.2989,6961.8525,8.997179
3609,2016-05-30 09:30:00+00:00,730.23376,7197.5728,8.318076
3610,2016-05-30 10:30:00+00:00,1204.7823,8271.247,9.449302
3611,2016-05-30 11:30:00+00:00,464.91556,12212.606,6.8513665
3612,2016-05-30 12:30:00+00:00,101.12993,23053.98,4.920196
3613,2016-05-30 13:30:00+00:00,250.91092,24835.809,5.227968
3614,2016-05-30 14:30:00+00:00,441.4106,26669.4,7.139554
3615,2016-05-30 15:30:00+00:00,1167.3948,29393.479,9.635516
3616,2016-05-30 16:30:00+00:00,966.23236,23981.156,9.175213
3617,2016-05-30 17:30:00+00:00,585.41986,28170.28,7.7367315
3618,2016-05-30 18:30:00+00:00,514.6533,31317.348,7.1419272
3619,2016-05-30 19:30:00+00:00,498.64514,30147.67,6.9576797
3620,2016-05-30 20:30:00+00:00,242.69096,27492.068,5.8261423
3621,2016-05-30 21:30:00+00:00,109.55473,21039.277,4.558742
3622,2016-05-30 22:30:00+00:00,51.90207,10499.095,3.5291867
3623,2016-05-30 23:30:00+00:00,35.000202,6580.941,2.7268982
3624,2016-05-31 00:30:00+00:00,36.7189,6651.5635,3.1522982
3625,2016-05-31 01:30:00+00:00,72.65532,6723.4375,3.778105
3626,2016-05-31 02:30:00+00:00,167.54535,6613.4785,4.9708066
3627,2016-05-31 03:30:00+00:00,38.780197,6672.9565,3.2623475
3628,2016-05-31 04:30:00+00:00,7.6847897,6878.0635,2.5780692
3629,2016-05-31 05:30:00+00:00,32.020424,6780.121,2.95362
3630,2016-05-31 06:30:00+00:00,40.89686,6879.142,3.5455735
3631,2016-05-31 07:30:00+00:00,295.5403,6753.691,5.8938613
3632,2016-05-31 08:30:00+00:00,303.6411,6954.6104,6.0935316
3633,2016-05-31 09:30:00+00:00,183.2066,7201.28,5.5775347
3634,2016-05-31 10:30:00+00:00,32.524147,8516.169,4.067285
3635,2016-05-31 11:30:00+00:00,0,12415.877,2.7604282
3636,2016-05-31 12:30:00+00:00,12.080799,22699.344,2.8920884
3637,2016-05-31 13:30:00+00:00,28.06404,24191.072,3.6363633
3638,2016-05-31 14:30:00+00:00,148.81105,26416.69,4.9876575
3639,2016-05-31 15:30:00+00:00,125.54591,29629.717,4.7996078
3640,2016-05-31 16:30:00+00:00,205.49837,24338.943,5.2262435
3641,2016-05-31 17:30:00+00:00,232.33542,28355.805,5.4839597
3642,2016-05-31 18:30:00+00:00,279.42218,31163.94,5.850861
3643,2016-05-31 19:30:00+00:00,272.2248,29843.188,5.940344
3644,2016-05-31 20:30:00+00:00,214.8036,27152.348,5.6977096
3645,2016-05-31 21:30:00+00:00,136.42584,20736.133,4.8730683
3646,2016-05-31 22:30:00+00:00,108.448906,10388.069,4.4427156
3647,2016-05-31 23:30:00+00:00,334.67297,6610.424,5.736422
3648,2016-06-01 00:30:00+00:00,546.28925,6809.878,7.1514745
3649,2016-06-01 01:30:00+00:00,527.1535,6842.512,7.5650406
3650,2016-06-01 02:30:00+00:00,521.7503,6827.6685,7.513635
3651,2016-06-01 03:30:00+00:00,959.212,6784.4033,8.890746
3652,2016-06-01 04:30:00+00:00,897.56946,6932.1353,9.008358
3653,2016-06-01 05:30:00+00:00,1258.1965,6904.9736,9.920171
3654,2016-06-01 06:30:00+00:00,1534.1006,7021.6416,10.65664
3655,2016-06-01 07:30:00+00:00,1623.1976,6981.5405,10.888209
3656,2016-06-01 08:30:00+00:00,1985.5862,7096.098,12.149974
3657,2016-06-01 09:30:00+00:00,1941.7908,7126.5107,12.363663
3658,2016-06-01 10:30:00+00:00,1980.3385,8394.036,11.568334
3659,2016-06-01 11:30:00+00:00,1808.1018,12214.274,10.93428
3660,2016-06-01 12:30:00+00:00,1308.5237,23170.1,9.96925
3661,2016-06-01 13:30:00+00:00,669.3782,24626.518,7.7409987
3662,2016-06-01 14:30:00+00:00,409.33627,27468.285,6.5032387
3663,2016-06-01 15:30:00+00:00,580.9736,30622.508,7.683004
3664,2016-06-01 16:30:00+00:00,236.5149,25116.092,6.4001975
3665,2016-06-01 17:30:00+00:00,300.335,28630.096,6.608448
3666,2016-06-01 18:30:00+00:00,143.37157,31157.473,5.5486016
3667,2016-06-01 19:30:00+00:00,142.54532,29504.162,5.3207083
3668,2016-06-01 20:30:00+00:00,218.74174,26659.7,5.4719644
3669,2016-06-01 21:30:00+00:00,214.29459,20536.885,5.406853
3670,2016-06-01 22:30:00+00:00,480.26294,10393.312,6.128118
3671,2016-06-01 23:30:00+00:00,879.11005,6618.769,7.7318473
3672,2016-06-02 00:30:00+00:00,1930.2761,6670.785,11.25381
3673,2016-06-02 01:30:00+00:00,1986.6659,6657.6904,12.455085
3674,2016-06-02 02:30:00+00:00,2174.1655,6629.8564,13.499976
3675,2016-06-02 03:30:00+00:00,2012.1525,6647.3506,13.42768
3676,2016-06-02 04:30:00+00:00,2050.3813,6746.8745,13.28081
3677,2016-06-02 05:30:00+00:00,1923.847,6769.667,11.98544
3678,2016-06-02 06:30:00+00:00,2060.636,6879.2114,12.305212
3679,2016-06-02 07:30:00+00:00,1187.2345,6661.4316,9.999438
3680,2016-06-02 08:30:00+00:00,525.6842,6657.0537,7.418816
3681,2016-06-02 09:30:00+00:00,236.41225,6970.55,5.0783587
3682,2016-06-02 10:30:00+00:00,261.99503,8234.846,5.5133457
3683,2016-06-02 11:30:00+00:00,120.46342,12117.339,5.341947
3684,2016-06-02 12:30:00+00:00,0,22607.15,4.1541185
3685,2016-06-02 13:30:00+00:00,80.497986,24392.629,4.2411203
3686,2016-06-02 14:30:00+00:00,164.31041,27688.121,4.9522357
3687,2016-06-02 15:30:00+00:00,66.63632,30431.746,4.2467976
3688,2016-06-02 16:30:00+00:00,176.45844,25197.889,4.948301
3689,2016-06-02 17:30:00+00:00,437.31525,29094.994,6.37699
3690,2016-06-02 18:30:00+00:00,423.6564,31464.674,6.6104226
3691,2016-06-02 19:30:00+00:00,573.444,29723.86,7.007685
3692,2016-06-02 20:30:00+00:00,572.68536,26748.805,6.982476
3693,2016-06-02 21:30:00+00:00,407.29395,20369.965,6.3988304
3694,2016-06-02 22:30:00+00:00,415.69412,10384.973,6.172636
3695,2016-06-02 23:30:00+00:00,299.67764,6727.948,5.786689
3696,2016-06-03 00:30:00+00:00,105.97235,6826.983,4.0033145
3697,2016-06-03 01:30:00+00:00,99.68806,6918.872,3.7166789
3698,2016-06-03 02:30:00+00:00,85.19228,6864.9604,4.0512023
3699,2016-06-03 03:30:00+00:00,1031.7473,6818.291,9.238394
3700,2016-06-03 04:30:00+00:00,698.8695,6894.3667,8.370397
3701,2016-06-03 05:30:00+00:00,298.20062,6749.7095,6.335715
3702,2016-06-03 06:30:00+00:00,68.495766,6998.8433,4.519135
3703,2016-06-03 07:30:00+00:00,27.914953,6995.5303,3.1127505
3704,2016-06-03 08:30:00+00:00,31.86541,7008.93,3.6033902
3705,2016-06-03 09:30:00+00:00,13.749681,7170.6772,3.673341
3706,2016-06-03 10:30:00+00:00,23.062372,8492.779,3.70207
3707,2016-06-03 11:30:00+00:00,0,12735.537,3.0042934
3708,2016-06-03 12:30:00+00:00,0,22998.703,2.2380137
3709,2016-06-03 13:30:00+00:00,0.9863332,24795.229,2.3597949
3710,2016-06-03 14:30:00+00:00,49.036617,26978.068,3.26695
3711,2016-06-03 15:30:00+00:00,85.74567,29260.979,3.8386052
3712,2016-06-03 16:30:00+00:00,82.8676,24620.23,3.8472362
3713,2016-06-03 17:30:00+00:00,103.50298,28602.986,4.214982
3714,2016-06-03 18:30:00+00:00,123.75267,31462.553,4.6334133
3715,2016-06-03 19:30:00+00:00,175.87964,29810.072,5.161069
3716,2016-06-03 20:30:00+00:00,157.80879,26443.127,5.224671
3717,2016-06-03 21:30:00+00:00,115.30327,20022.238,4.7562213
3718,2016-06-03 22:30:00+00:00,95.4913,10384.7295,4.326275
3719,2016-06-03 23:30:00+00:00,76.521126,6776.9966,4.081076
3720,2016-06-04 00:30:00+00:00,46.375328,6766.844,3.7762961
3721,2016-06-04 01:30:00+00:00,135.27473,6704.7627,4.683513
3722,2016-06-04 02:30:00+00:00,45.693474,6762.41,3.8101213
3723,2016-06-04 03:30:00+00:00,101.71512,6666.8,4.571085
3724,2016-06-04 04:30:00+00:00,24.496264,6741.537,3.5398638
3725,2016-06-04 05:30:00+00:00,67.25078,6831.634,3.916743
3726,2016-06-04 06:30:00+00:00,32.139343,6787.7837,3.432593
3727,2016-06-04 07:30:00+00:00,48.664692,6803.9775,3.7974997
3728,2016-06-04 08:30:00+00:00,53.43039,6912.1533,3.8119607
3729,2016-06-04 09:30:00+00:00,195.14731,6927.344,5.496221
3730,2016-06-04 10:30:00+00:00,138.0624,6874.181,5.1212173
3731,2016-06-04 11:30:00+00:00,76.40355,6932.443,4.3899665
3732,2016-06-04 12:30:00+00:00,90.70108,6823.0356,4.4885445
3733,2016-06-04 13:30:00+00:00,57.715244,6849.6167,3.8216932
3734,2016-06-04 14:30:00+00:00,18.589067,7024.4517,2.7176154
3735,2016-06-04 15:30:00+00:00,39.80654,6754.1025,2.7139604
3736,2016-06-04 16:30:00+00:00,29.226208,6755.6616,2.616597
3737,2016-06-04 17:30:00+00:00,17.91771,6832.15,2.7801456
3738,2016-06-04 18:30:00+00:00,12.74377,6793.518,2.8853755
3739,2016-06-04 19:30:00+00:00,17.191034,6798.824,3.1439033
3740,2016-06-04 20:30:00+00:00,20.911873,6616.738,2.8890116
3741,2016-06-04 21:30:00+00:00,103.31459,6709.4272,3.707435
3742,2016-06-04 22:30:00+00:00,77.0519,6661.871,3.7698324
3743,2016-06-04 23:30:00+00:00,277.28296,6873.2925,5.091596
3744,2016-06-05 00:30:00+00:00,1167.399,6602.344,8.831549
3745,2016-06-05 01:30:00+00:00,2170.4302,6553.3315,12.336515
3746,2016-06-05 02:30:00+00:00,1923.399,6516.956,12.783438
3747,2016-06-05 03:30:00+00:00,2166.13,6352.1475,13.481579
3748,2016-06-05 04:30:00+00:00,1841.8099,6425.8994,12.270319
3749,2016-06-05 05:30:00+00:00,947.1759,6655.2007,9.574277
3750,2016-06-05 06:30:00+00:00,1021.13586,6756.9146,9.271642
3751,2016-06-05 07:30:00+00:00,1996.8955,6647.158,12.629492
3752,2016-06-05 08:30:00+00:00,1975.1774,6908.254,14.261686
3753,2016-06-05 09:30:00+00:00,2154.3093,6908.872,17.116837
3754,2016-06-05 10:30:00+00:00,1990.1104,6847.9985,13.921328
3755,2016-06-05 11:30:00+00:00,2079.8167,6856.4688,13.941165
3756,2016-06-05 12:30:00+00:00,1324.5522,6813.262,10.381069
3757,2016-06-05 13:30:00+00:00,1174.827,6972.634,9.73093
3758,2016-06-05 14:30:00+00:00,1862.1344,7027.973,12.069108
3759,2016-06-05 15:30:00+00:00,2089.444,6960.3687,13.187283
3760,2016-06-05 16:30:00+00:00,1924.7601,7038.7466,11.903104
3761,2016-06-05 17:30:00+00:00,2063.6836,7050.003,12.061998
3762,2016-06-05 18:30:00+00:00,1713.224,6905.8647,11.272447
3763,2016-06-05 19:30:00+00:00,1399.2272,6958.3296,10.348755
3764,2016-06-05 20:30:00+00:00,683.952,7109.6763,7.9615755
3765,2016-06-05 21:30:00+00:00,442.96075,6983.5664,6.7113047
3766,2016-06-05 22:30:00+00:00,259.31848,6997.0225,5.536169
3767,2016-06-05 23:30:00+00:00,153.96924,6947.7603,4.581726
3768,2016-06-06 00:30:00+00:00,309.5681,6911.719,5.4808326
3769,2016-06-06 01:30:00+00:00,832.24524,6931.7656,7.773027
3770,2016-06-06 02:30:00+00:00,1065.692,6825.481,8.998021
3771,2016-06-06 03:30:00+00:00,1555.9298,6956.006,10.506411
3772,2016-06-06 04:30:00+00:00,1336.9363,6889.428,10.353825
3773,2016-06-06 05:30:00+00:00,1341.2537,6762.2983,10.170221
3774,2016-06-06 06:30:00+00:00,803.1908,7093.987,8.717094
3775,2016-06-06 07:30:00+00:00,1544.3915,7159.327,10.820617
3776,2016-06-06 08:30:00+00:00,1987.1582,6987.821,12.547338
3777,2016-06-06 09:30:00+00:00,1825.1486,7359.7646,11.603277
3778,2016-06-06 10:30:00+00:00,1237.2345,8585.187,10.065118
3779,2016-06-06 11:30:00+00:00,1979.6117,12674.6,11.812535
3780,2016-06-06 12:30:00+00:00,1722.5541,23675.396,11.386407
3781,2016-06-06 13:30:00+00:00,2089.25,26533.654,12.563868
3782,2016-06-06 14:30:00+00:00,2100.4824,29523.506,14.187963
3783,2016-06-06 15:30:00+00:00,2216.5586,31578.418,15.924472
3784,2016-06-06 16:30:00+00:00,2202.2202,27158.234,16.046923
3785,2016-06-06 17:30:00+00:00,2183.6292,31089.2,15.372337
3786,2016-06-06 18:30:00+00:00,2138.7673,33308.83,14.4995985
3787,2016-06-06 19:30:00+00:00,2097.5903,31507.627,13.2565155
3788,2016-06-06 20:30:00+00:00,2062.7979,28535.021,11.940135
3789,2016-06-06 21:30:00+00:00,1316.3356,21974.715,10.031001
3790,2016-06-06 22:30:00+00:00,1376.7461,11373.258,9.608477
3791,2016-06-06 23:30:00+00:00,710.6459,7274.017,7.6554074
3792,2016-06-07 00:30:00+00:00,381.18173,7283.407,6.471615
3793,2016-06-07 01:30:00+00:00,478.60703,7402.9146,6.6863923
3794,2016-06-07 02:30:00+00:00,350.3711,7286.213,6.480248
3795,2016-06-07 03:30:00+00:00,323.92075,7421.1753,6.465418
3796,2016-06-07 04:30:00+00:00,546.4794,7523.532,7.2800546
3797,2016-06-07 05:30:00+00:00,191.44989,7525.666,5.319931
3798,2016-06-07 06:30:00+00:00,102.91589,7629.9243,4.4404783
3799,2016-06-07 07:30:00+00:00,48.38703,7465.526,3.1589098
3800,2016-06-07 08:30:00+00:00,108.384544,7282.4097,4.375538
3801,2016-06-07 09:30:00+00:00,142.98106,7619.0576,4.95062
3802,2016-06-07 10:30:00+00:00,553.17365,8639.972,7.4457145
3803,2016-06-07 11:30:00+00:00,228.59123,13084.812,6.1445804
3804,2016-06-07 12:30:00+00:00,335.86444,24977.268,6.3673735
3805,2016-06-07 13:30:00+00:00,296.9102,26992.723,6.2202497
3806,2016-06-07 14:30:00+00:00,203.9844,29502.178,5.729546
3807,2016-06-07 15:30:00+00:00,232.06134,32332.117,5.7843843
3808,2016-06-07 16:30:00+00:00,347.13272,27113.426,6.529771
3809,2016-06-07 17:30:00+00:00,579.3757,31435.861,7.512996
3810,2016-06-07 18:30:00+00:00,1199.14,33744.645,9.337691
3811,2016-06-07 19:30:00+00:00,1508.7106,31833.049,9.988026
3812,2016-06-07 20:30:00+00:00,1056.7025,28794.22,9.009875
3813,2016-06-07 21:30:00+00:00,845.9424,22322.668,8.205815
3814,2016-06-07 22:30:00+00:00,549.3305,11415.878,7.0264263
3815,2016-06-07 23:30:00+00:00,609.44104,7412.086,6.987473
3816,2016-06-08 00:30:00+00:00,591.59186,7410.1216,7.1850414
3817,2016-06-08 01:30:00+00:00,1110.0675,7532.444,9.061177
3818,2016-06-08 02:30:00+00:00,1623.8812,7561.3325,10.792212
3819,2016-06-08 03:30:00+00:00,2044.5846,7610.0205,12.317508
3820,2016-06-08 04:30:00+00:00,1911.9258,7661.616,11.901975
3821,2016-06-08 05:30:00+00:00,1577.4253,7720.632,11.003222
3822,2016-06-08 06:30:00+00:00,1890.7891,7918.854,11.526916
3823,2016-06-08 07:30:00+00:00,1835.0022,7793.266,11.498789
3824,2016-06-08 08:30:00+00:00,1557.0146,7527.419,10.891491
3825,2016-06-08 09:30:00+00:00,899.3512,7692.7896,8.930227
3826,2016-06-08 10:30:00+00:00,544.2721,9005.74,7.2135973
3827,2016-06-08 11:30:00+00:00,814.31366,13304.57,8.155048
3828,2016-06-08 12:30:00+00:00,364.1446,24931.842,6.822066
3829,2016-06-08 13:30:00+00:00,398.53207,27019.703,7.1091914
3830,2016-06-08 14:30:00+00:00,830.5929,29374.373,8.654259
3831,2016-06-08 15:30:00+00:00,1086.4175,32325.697,9.45703
3832,2016-06-08 16:30:00+00:00,1438.3708,27324.562,10.230818
3833,2016-06-08 17:30:00+00:00,1752.3129,31237.863,10.824701
3834,2016-06-08 18:30:00+00:00,1850.9872,33732.008,10.893112
3835,2016-06-08 19:30:00+00:00,1862.5182,32348.203,10.751838
3836,2016-06-08 20:30:00+00:00,1583.699,29085.666,10.141285
3837,2016-06-08 21:30:00+00:00,1314.2194,22809.826,9.381714
3838,2016-06-08 22:30:00+00:00,1077.789,11795.47,8.682774
3839,2016-06-08 23:30:00+00:00,940.0498,7419.707,8.313912
3840,2016-06-09 00:30:00+00:00,1284.7634,7414.6587,9.366341
3841,2016-06-09 01:30:00+00:00,1450.8169,7557.0806,10.3575945
3842,2016-06-09 02:30:00+00:00,1400.1544,7558.177,10.516318
3843,2016-06-09 03:30:00+00:00,1440.1439,7548.133,10.513008
3844,2016-06-09 04:30:00+00:00,2019.1123,7503.5713,12.104134
3845,2016-06-09 05:30:00+00:00,1777.0999,7415.2983,11.4697695
3846,2016-06-09 06:30:00+00:00,1415.2203,7795.374,10.510662
3847,2016-06-09 07:30:00+00:00,1596.3147,7884.3765,10.6260195
3848,2016-06-09 08:30:00+00:00,1296.9657,7768.212,10.042751
3849,2016-06-09 09:30:00+00:00,1016.2509,8043.82,9.193224
3850,2016-06-09 10:30:00+00:00,751.0408,9436.921,8.188705
3851,2016-06-09 11:30:00+00:00,479.40872,13800.105,7.1831656
3852,2016-06-09 12:30:00+00:00,84.454185,25283.408,4.5232577
3853,2016-06-09 13:30:00+00:00,52.216076,27336.434,3.2139761
3854,2016-06-09 14:30:00+00:00,110.43208,29584.004,4.521186
3855,2016-06-09 15:30:00+00:00,193.2561,32931.03,5.603719
3856,2016-06-09 16:30:00+00:00,378.63177,27572.465,6.5272427
3857,2016-06-09 17:30:00+00:00,432.73853,31615.727,6.8163958
3858,2016-06-09 18:30:00+00:00,572.76764,34218.066,7.2526374
3859,2016-06-09 19:30:00+00:00,632.7161,32443.277,7.4438787
3860,2016-06-09 20:30:00+00:00,590.60657,29192.098,7.3217645
3861,2016-06-09 21:30:00+00:00,455.70746,22474.824,6.766406
3862,2016-06-09 22:30:00+00:00,579.94543,11616.782,6.7517195
3863,2016-06-09 23:30:00+00:00,385.31516,7609.4688,6.2098575
3864,2016-06-10 00:30:00+00:00,208.33319,7490.232,5.350309
3865,2016-06-10 01:30:00+00:00,100.34236,7679.645,4.3221507
3866,2016-06-10 02:30:00+00:00,107.83786,7588.336,4.5118604
3867,2016-06-10 03:30:00+00:00,40.75555,7645.656,3.0680394
3868,2016-06-10 04:30:00+00:00,0,7791.5215,2.5763075
3869,2016-06-10 05:30:00+00:00,51.8637,7566.1143,3.7675385
3870,2016-06-10 06:30:00+00:00,79.53136,7798.3374,4.1685224
3871,2016-06-10 07:30:00+00:00,55.961273,7764.144,3.72571
3872,2016-06-10 08:30:00+00:00,25.160511,7768.702,3.1560097
3873,2016-06-10 09:30:00+00:00,0,7836.5605,1.9960992
3874,2016-06-10 10:30:00+00:00,0,9291.431,1.7620794
3875,2016-06-10 11:30:00+00:00,0,13677.257,0.94907105
3876,2016-06-10 12:30:00+00:00,0,24652.783,1.3319101
3877,2016-06-10 13:30:00+00:00,11.266009,26763.84,2.16718
3878,2016-06-10 14:30:00+00:00,30.85841,28529.312,2.4324555
3879,2016-06-10 15:30:00+00:00,0,30845.385,1.5995082
3880,2016-06-10 16:30:00+00:00,0,25526.984,1.6203892
3881,2016-06-10 17:30:00+00:00,0,29219.727,2.007778
3882,2016-06-10 18:30:00+00:00,0,32091.898,2.4544878
3883,2016-06-10 19:30:00+00:00,2.9065025,30849.533,2.371177
3884,2016-06-10 20:30:00+00:00,2.9182665,27826.895,2.0076723
3885,2016-06-10 21:30:00+00:00,83.47299,21525.297,3.1770847
3886,2016-06-10 22:30:00+00:00,177.2522,10801.567,4.407458
3887,2016-06-10 23:30:00+00:00,62.889854,6976.1636,3.5794497
3888,2016-06-11 00:30:00+00:00,0,6881.9473,2.221166
3889,2016-06-11 01:30:00+00:00,181.35841,6967.022,4.697615
3890,2016-06-11 02:30:00+00:00,1197.5984,6937.5327,10.034425
3891,2016-06-11 03:30:00+00:00,2180.1724,6951.7866,12.515384
3892,2016-06-11 04:30:00+00:00,2080.568,6948.1143,14.513728
3893,2016-06-11 05:30:00+00:00,2031.4868,7016.369,14.035577
3894,2016-06-11 06:30:00+00:00,2050.9795,7021.4116,14.791225
3895,2016-06-11 07:30:00+00:00,2133.1384,7060.6455,16.200348
3896,2016-06-11 08:30:00+00:00,2179.6199,7073.601,16.863184
3897,2016-06-11 09:30:00+00:00,2170.2166,7255.0386,15.58631
3898,2016-06-11 10:30:00+00:00,1054.8907,7156.281,9.411378
3899,2016-06-11 11:30:00+00:00,1014.32544,7016.9346,8.725462
3900,2016-06-11 12:30:00+00:00,876.98773,7029.297,8.555499
3901,2016-06-11 13:30:00+00:00,1537.9607,7247.843,10.838916
3902,2016-06-11 14:30:00+00:00,2019.3011,7345.88,12.052236
3903,2016-06-11 15:30:00+00:00,1970.9596,7259.606,12.095417
3904,2016-06-11 16:30:00+00:00,1793.4119,7398.37,11.165883
3905,2016-06-11 17:30:00+00:00,1586.8003,7623.8135,10.522906
3906,2016-06-11 18:30:00+00:00,2069.983,7520.962,11.680849
3907,2016-06-11 19:30:00+00:00,1587.6606,7533.49,10.62063
3908,2016-06-11 20:30:00+00:00,1160.5818,7311.8633,9.272913
3909,2016-06-11 21:30:00+00:00,940.2438,7184.141,8.428508
3910,2016-06-11 22:30:00+00:00,651.4045,7187.513,7.433025
3911,2016-06-11 23:30:00+00:00,360.79367,7343.839,6.1791925
3912,2016-06-12 00:30:00+00:00,589.6621,7071.78,7.019788
3913,2016-06-12 01:30:00+00:00,1636.9376,7161.1484,10.463725
3914,2016-06-12 02:30:00+00:00,1585.4868,7128.171,10.8575115
3915,2016-06-12 03:30:00+00:00,2052.4187,7107.0186,12.083001
3916,2016-06-12 04:30:00+00:00,1987.6772,7212.316,14.893464
3917,2016-06-12 05:30:00+00:00,2108.413,7321.373,16.671768
3918,2016-06-12 06:30:00+00:00,1988.4923,7406.091,13.593461
3919,2016-06-12 07:30:00+00:00,2053.1226,7409.469,13.69634
3920,2016-06-12 08:30:00+00:00,2012.5701,7580.8984,12.591783
3921,2016-06-12 09:30:00+00:00,1893.8855,7742.3174,11.273972
3922,2016-06-12 10:30:00+00:00,2073.5046,7729.5903,13.52969
3923,2016-06-12 11:30:00+00:00,2081.6936,7816.0815,14.021107
3924,2016-06-12 12:30:00+00:00,2090.8723,7552.3125,13.913214
3925,2016-06-12 13:30:00+00:00,2060.053,7607.2485,12.523912
3926,2016-06-12 14:30:00+00:00,2052.428,7532.4424,11.831729
3927,2016-06-12 15:30:00+00:00,1972.8704,7548.652,11.483395
3928,2016-06-12 16:30:00+00:00,1939.4875,7451.1074,11.458219
3929,2016-06-12 17:30:00+00:00,2065.9006,7282.59,11.583545
3930,2016-06-12 18:30:00+00:00,2069.484,7171.255,11.423424
3931,2016-06-12 19:30:00+00:00,2075.1716,7161.318,11.250036
3932,2016-06-12 20:30:00+00:00,2037.7362,7255.6274,10.911259
3933,2016-06-12 21:30:00+00:00,1636.5703,7125.706,10.139822
3934,2016-06-12 22:30:00+00:00,1438.7445,7257.4897,9.622081
3935,2016-06-12 23:30:00+00:00,1289.4896,7304.417,9.446058
3936,2016-06-13 00:30:00+00:00,872.71014,7339.443,8.828249
3937,2016-06-13 01:30:00+00:00,603.32904,7281.636,7.9297323
3938,2016-06-13 02:30:00+00:00,844.0671,7475.922,8.35812
3939,2016-06-13 03:30:00+00:00,1334.8861,7618.274,9.7801285
3940,2016-06-13 04:30:00+00:00,969.8763,7543.607,9.302766
3941,2016-06-13 05:30:00+00:00,731.14496,7570.6577,8.450574
3942,2016-06-13 06:30:00+00:00,1153.6887,7895.8516,9.258931
3943,2016-06-13 07:30:00+00:00,1063.0928,8092.1616,9.313958
3944,2016-06-13 08:30:00+00:00,596.43085,8088.436,7.935225
3945,2016-06-13 09:30:00+00:00,701.7846,8377.107,8.0788
3946,2016-06-13 10:30:00+00:00,856.6123,9863.425,8.542966
3947,2016-06-13 11:30:00+00:00,340.19745,14733.526,6.7252984
3948,2016-06-13 12:30:00+00:00,16.69367,26162.49,4.1759543
3949,2016-06-13 13:30:00+00:00,36.966965,28882.664,2.7015502
3950,2016-06-13 14:30:00+00:00,45.902092,31785.719,3.7535071
3951,2016-06-13 15:30:00+00:00,87.90647,35659.773,4.546391
3952,2016-06-13 16:30:00+00:00,66.26496,30186.95,4.138601
3953,2016-06-13 17:30:00+00:00,146.5051,34589.125,4.708171
3954,2016-06-13 18:30:00+00:00,138.06662,37292.69,4.839669
3955,2016-06-13 19:30:00+00:00,294.98584,35641.316,5.6917276
3956,2016-06-13 20:30:00+00:00,310.09946,32425.451,6.0096583
3957,2016-06-13 21:30:00+00:00,178.30418,25918.357,5.446836
3958,2016-06-13 22:30:00+00:00,204.65633,13944.812,5.227631
3959,2016-06-13 23:30:00+00:00,90.03683,8770.931,4.0682178
3960,2016-06-14 00:30:00+00:00,64.57007,8372.569,3.9310794
3961,2016-06-14 01:30:00+00:00,161.80562,8734.546,4.92235
3962,2016-06-14 02:30:00+00:00,96.4588,8822.252,4.561687
3963,2016-06-14 03:30:00+00:00,52.379692,8948.548,4.045723
3964,2016-06-14 04:30:00+00:00,21.244669,8884.39,3.2639894
3965,2016-06-14 05:30:00+00:00,136.15707,8815.533,4.665989
3966,2016-06-14 06:30:00+00:00,20.274796,8657.942,3.358132
3967,2016-06-14 07:30:00+00:00,31.47429,8640.655,3.5519233
3968,2016-06-14 08:30:00+00:00,23.418781,8613.282,3.3716292
3969,2016-06-14 09:30:00+00:00,0,8631.507,2.526637
3970,2016-06-14 10:30:00+00:00,7.374579,10074.315,2.9636943
3971,2016-06-14 11:30:00+00:00,78.77931,14634.15,4.381318
3972,2016-06-14 12:30:00+00:00,0,27221.146,2.8369179
3973,2016-06-14 13:30:00+00:00,0,30721.414,2.2514153
3974,2016-06-14 14:30:00+00:00,25.255154,33292.2,2.2067637
3975,2016-06-14 15:30:00+00:00,0,37323.484,1.5335709
3976,2016-06-14 16:30:00+00:00,40.807835,30976.312,2.4798615
3977,2016-06-14 17:30:00+00:00,8.800433,35579.957,2.1985745
3978,2016-06-14 18:30:00+00:00,14.062711,38464.72,2.6962445
3979,2016-06-14 19:30:00+00:00,13.4360695,37016.613,2.727922
3980,2016-06-14 20:30:00+00:00,10.396349,33359.176,2.6405575
3981,2016-06-14 21:30:00+00:00,35.275814,26336.084,3.0506346
3982,2016-06-14 22:30:00+00:00,101.82373,13907.462,3.6870465
3983,2016-06-14 23:30:00+00:00,138.95552,8619.453,4.436109
3984,2016-06-15 00:30:00+00:00,113.72882,8145.826,4.7890897
3985,2016-06-15 01:30:00+00:00,601.038,8503.451,7.147916
3986,2016-06-15 02:30:00+00:00,550.3237,8548.784,7.6583185
3987,2016-06-15 03:30:00+00:00,1049.4059,8617.454,9.219646
3988,2016-06-15 04:30:00+00:00,977.45197,8595.6455,9.40779
3989,2016-06-15 05:30:00+00:00,441.73907,8496.116,6.850055
3990,2016-06-15 06:30:00+00:00,599.77875,8301.882,7.450484
3991,2016-06-15 07:30:00+00:00,576.2351,8219.876,7.501675
3992,2016-06-15 08:30:00+00:00,270.40964,8088.301,6.32221
3993,2016-06-15 09:30:00+00:00,725.53455,8322.245,8.361178
3994,2016-06-15 10:30:00+00:00,1119.9758,9766.036,9.424267
3995,2016-06-15 11:30:00+00:00,1371.5078,13968.226,10.094023
3996,2016-06-15 12:30:00+00:00,1342.433,26544.664,10.058751
3997,2016-06-15 13:30:00+00:00,730.15826,29558.145,8.044633
3998,2016-06-15 14:30:00+00:00,495.00854,33340.57,7.0679083
3999,2016-06-15 15:30:00+00:00,755.09247,36583.293,8.246797
4000,2016-06-15 16:30:00+00:00,957.2183,30923.29,9.002098
4001,2016-06-15 17:30:00+00:00,931.65594,34969.83,8.933237
4002,2016-06-15 18:30:00+00:00,955.4925,38278.027,8.790213
4003,2016-06-15 19:30:00+00:00,737.63495,36671.65,8.279075
4004,2016-06-15 20:30:00+00:00,936.264,32823.715,8.261657
4005,2016-06-15 21:30:00+00:00,1002.91364,26157.281,8.571117
4006,2016-06-15 22:30:00+00:00,298.4364,14228.586,6.0281315
4007,2016-06-15 23:30:00+00:00,856.72217,8821.809,7.97155
4008,2016-06-16 00:30:00+00:00,598.3327,8310.654,7.788355
4009,2016-06-16 01:30:00+00:00,882.2014,8524.655,8.670898
4010,2016-06-16 02:30:00+00:00,1042.5128,8590.471,9.26024
4011,2016-06-16 03:30:00+00:00,705.54895,8352.806,8.472638
4012,2016-06-16 04:30:00+00:00,451.494,8413.275,7.235113
4013,2016-06-16 05:30:00+00:00,680.46704,8393.233,7.8112364
4014,2016-06-16 06:30:00+00:00,596.6555,8142.189,7.708183
4015,2016-06-16 07:30:00+00:00,1154.9346,8260.787,9.586161
4016,2016-06-16 08:30:00+00:00,1788.9977,8075.553,11.425192
4017,2016-06-16 09:30:00+00:00,1762.413,8411.634,11.344352
4018,2016-06-16 10:30:00+00:00,1938.772,9789.129,12.025669
4019,2016-06-16 11:30:00+00:00,1108.3113,14484.853,9.35093
4020,2016-06-16 12:30:00+00:00,694.4102,26795.88,7.7879367
4021,2016-06-16 13:30:00+00:00,1311.27,30310.037,9.988637
4022,2016-06-16 14:30:00+00:00,761.8334,33400.03,8.747785
4023,2016-06-16 15:30:00+00:00,822.23456,37822.117,8.768468
4024,2016-06-16 16:30:00+00:00,1494.4353,31284.625,10.477127
4025,2016-06-16 17:30:00+00:00,1753.9967,35658.492,10.9940405
4026,2016-06-16 18:30:00+00:00,1574.2563,38408.617,10.488827
4027,2016-06-16 19:30:00+00:00,1605.0638,36286.367,10.183232
4028,2016-06-16 20:30:00+00:00,1234.6818,32435.705,9.395319
4029,2016-06-16 21:30:00+00:00,944.6335,25267.135,8.420786
4030,2016-06-16 22:30:00+00:00,985.05743,13248.237,8.113363
4031,2016-06-16 23:30:00+00:00,917.8915,8330.237,8.068863
4032,2016-06-17 00:30:00+00:00,1413.4805,8105.325,9.594628
4033,2016-06-17 01:30:00+00:00,1277.9529,8405.517,10.138335
4034,2016-06-17 02:30:00+00:00,841.0709,8582.074,9.208853
4035,2016-06-17 03:30:00+00:00,1290.761,8432.526,9.897774
4036,2016-06-17 04:30:00+00:00,1052.8756,8443.922,9.526914
4037,2016-06-17 05:30:00+00:00,1499.0662,8249.369,10.360297
4038,2016-06-17 06:30:00+00:00,981.4454,8345.214,9.444236
4039,2016-06-17 07:30:00+00:00,1283.2048,8321.781,9.784643
4040,2016-06-17 08:30:00+00:00,897.065,8288.246,8.917677
4041,2016-06-17 09:30:00+00:00,716.8402,8561.067,8.157621
4042,2016-06-17 10:30:00+00:00,368.70697,10287.061,6.637497
4043,2016-06-17 11:30:00+00:00,269.98102,14952.503,5.9103813
4044,2016-06-17 12:30:00+00:00,210.9287,27432.365,5.7712345
4045,2016-06-17 13:30:00+00:00,30.328888,29872.797,3.9235775
4046,2016-06-17 14:30:00+00:00,63.61712,33156.504,3.8494987
4047,2016-06-17 15:30:00+00:00,166.77899,36593.426,5.07869
4048,2016-06-17 16:30:00+00:00,222.44429,30616.35,5.652524
4049,2016-06-17 17:30:00+00:00,239.00107,34683.855,5.838907
4050,2016-06-17 18:30:00+00:00,245.19205,37651.84,5.9629273
4051,2016-06-17 19:30:00+00:00,141.51852,35986.414,5.466033
4052,2016-06-17 20:30:00+00:00,76.486694,32348.834,4.654742
4053,2016-06-17 21:30:00+00:00,50.00165,25857.299,4.051316
4054,2016-06-17 22:30:00+00:00,57.074226,14027.643,3.6561487
4055,2016-06-17 23:30:00+00:00,597.64716,8371.817,6.247312
4056,2016-06-18 00:30:00+00:00,588.18713,7928.7495,7.6053877
4057,2016-06-18 01:30:00+00:00,732.4119,8102.464,8.400101
4058,2016-06-18 02:30:00+00:00,1035.8922,8295.017,9.231663
4059,2016-06-18 03:30:00+00:00,750.81866,8477.941,8.85554
4060,2016-06-18 04:30:00+00:00,356.11746,8383.574,6.997179
4061,2016-06-18 05:30:00+00:00,262.97836,8378.524,5.9692163
4062,2016-06-18 06:30:00+00:00,61.61652,8393.08,4.2034445
4063,2016-06-18 07:30:00+00:00,45.637848,8421.518,4.002661
4064,2016-06-18 08:30:00+00:00,0,8538.774,3.0400777
4065,2016-06-18 09:30:00+00:00,0,8507.678,2.038583
4066,2016-06-18 10:30:00+00:00,20.47135,8600.65,3.52262
4067,2016-06-18 11:30:00+00:00,0,8633.366,2.7421536
4068,2016-06-18 12:30:00+00:00,0,8199.069,2.3104236
4069,2016-06-18 13:30:00+00:00,0,8174.1865,1.3235087
4070,2016-06-18 14:30:00+00:00,0,8496.7295,1.2144519
4071,2016-06-18 15:30:00+00:00,2.3287508,8313.261,1.9381638
4072,2016-06-18 16:30:00+00:00,0,8315.251,1.9345944
4073,2016-06-18 17:30:00+00:00,0,8307.078,2.732941
4074,2016-06-18 18:30:00+00:00,0,8465.183,2.98066
4075,2016-06-18 19:30:00+00:00,7.8209634,8449.7295,3.7325747
4076,2016-06-18 20:30:00+00:00,70.23581,8267.97,4.3293586
4077,2016-06-18 21:30:00+00:00,56.362194,8638.028,4.151342
4078,2016-06-18 22:30:00+00:00,58.942516,8499.625,3.8930876
4079,2016-06-18 23:30:00+00:00,25.894066,8506.663,3.392071
4080,2016-06-19 00:30:00+00:00,29.830761,8386.131,3.517838
4081,2016-06-19 01:30:00+00:00,0,8370.652,2.8653324
4082,2016-06-19 02:30:00+00:00,21.337341,8340.487,4.5326495
4083,2016-06-19 03:30:00+00:00,60.5176,8304.83,4.593139
4084,2016-06-19 04:30:00+00:00,205.64369,8165.886,5.6185617
4085,2016-06-19 05:30:00+00:00,276.6964,8089.895,6.0640807
4086,2016-06-19 06:30:00+00:00,445.2175,8027.827,7.045985
4087,2016-06-19 07:30:00+00:00,898.8474,8259.523,8.78791
4088,2016-06-19 08:30:00+00:00,650.5108,8318.915,8.274572
4089,2016-06-19 09:30:00+00:00,1200.42,8412.532,9.789144
4090,2016-06-19 10:30:00+00:00,683.5898,8511.499,8.317822
4091,2016-06-19 11:30:00+00:00,663.7203,8316.004,8.071218
4092,2016-06-19 12:30:00+00:00,375.72733,8094.7144,7.0060005
4093,2016-06-19 13:30:00+00:00,106.99563,7945.6587,5.0061755
4094,2016-06-19 14:30:00+00:00,116.57456,8416.836,4.638642
4095,2016-06-19 15:30:00+00:00,167.7781,8331.289,5.4477305
4096,2016-06-19 16:30:00+00:00,49.388752,8616.016,4.8266387
4097,2016-06-19 17:30:00+00:00,156.15704,8589.35,5.5811143
4098,2016-06-19 18:30:00+00:00,246.32086,8164.3022,6.2298355
4099,2016-06-19 19:30:00+00:00,394.9161,7893.0317,6.7549467
4100,2016-06-19 20:30:00+00:00,295.39066,7856.756,6.3772593
4101,2016-06-19 21:30:00+00:00,209.27267,8135.179,5.5727215
4102,2016-06-19 22:30:00+00:00,440.4971,8139.5425,6.206813
4103,2016-06-19 23:30:00+00:00,441.294,8267.6045,7.0550013
4104,2016-06-20 00:30:00+00:00,391.1321,8176.198,7.442076
4105,2016-06-20 01:30:00+00:00,581.0048,7872.9185,8.064667
4106,2016-06-20 02:30:00+00:00,1253.6199,7841.8296,10.1370945
4107,2016-06-20 03:30:00+00:00,2208.66,7807.6484,12.777708
4108,2016-06-20 04:30:00+00:00,1894.8862,8000.364,13.731355
4109,2016-06-20 05:30:00+00:00,2028.3488,7323.184,13.6255
4110,2016-06-20 06:30:00+00:00,1989.3466,7159.3276,13.230182
4111,2016-06-20 07:30:00+00:00,2033.6266,7038.127,12.823153
4112,2016-06-20 08:30:00+00:00,2043.7391,6754.816,12.800853
4113,2016-06-20 09:30:00+00:00,2023.3219,6980.199,11.917568
4114,2016-06-20 10:30:00+00:00,2022.3407,8151.1484,11.821674
4115,2016-06-20 11:30:00+00:00,2034.476,11978.37,12.573516
4116,2016-06-20 12:30:00+00:00,1984.3248,22602.482,11.5173
4117,2016-06-20 13:30:00+00:00,1441.1613,25326.078,10.359236
4118,2016-06-20 14:30:00+00:00,1889.8185,27287.146,11.294299
4119,2016-06-20 15:30:00+00:00,2137.5422,29966.02,12.937925
4120,2016-06-20 16:30:00+00:00,2149.999,24383.754,13.297867
4121,2016-06-20 17:30:00+00:00,2184.346,28320.756,14.226223
4122,2016-06-20 18:30:00+00:00,2181.646,31329.25,14.670051
4123,2016-06-20 19:30:00+00:00,2194.7385,29406.512,14.8405485
4124,2016-06-20 20:30:00+00:00,2178.3733,26434.742,14.799306
4125,2016-06-20 21:30:00+00:00,2131.7449,20130.57,14.438143
4126,2016-06-20 22:30:00+00:00,2096.759,9851.269,12.343678
4127,2016-06-20 23:30:00+00:00,1339.4109,6372.69,10.5963745
4128,2016-06-21 00:30:00+00:00,892.41797,6525.644,9.19926
4129,2016-06-21 01:30:00+00:00,1865.2699,6551.1685,11.423097
4130,2016-06-21 02:30:00+00:00,2054.9746,6572.674,12.667499
4131,2016-06-21 03:30:00+00:00,1844.2521,6596.7817,11.3738785
4132,2016-06-21 04:30:00+00:00,1413.1606,6600.959,10.369924
4133,2016-06-21 05:30:00+00:00,1779.6141,6492.3174,10.906139
4134,2016-06-21 06:30:00+00:00,1463.3843,6628.5215,10.442024
4135,2016-06-21 07:30:00+00:00,1464.0867,6561.2407,10.267458
4136,2016-06-21 08:30:00+00:00,1567.478,6756.2534,10.455099
4137,2016-06-21 09:30:00+00:00,828.2135,6988.4907,8.295967
4138,2016-06-21 10:30:00+00:00,522.24274,8305.565,7.1205716
4139,2016-06-21 11:30:00+00:00,351.00925,12208.581,6.2358136
4140,2016-06-21 12:30:00+00:00,41.088287,21908.111,3.824176
4141,2016-06-21 13:30:00+00:00,80.56307,23677.549,3.7550175
4142,2016-06-21 14:30:00+00:00,81.94752,26109.777,4.1266804
4143,2016-06-21 15:30:00+00:00,258.44348,29054.092,5.8326955
4144,2016-06-21 16:30:00+00:00,740.03235,24414.076,7.7740283
4145,2016-06-21 17:30:00+00:00,1158.2278,27997.643,8.971821
4146,2016-06-21 18:30:00+00:00,1175.3083,30428.781,9.1786175
4147,2016-06-21 19:30:00+00:00,1005.8122,29083.332,8.832136
4148,2016-06-21 20:30:00+00:00,716.1623,26013.1,8.095202
4149,2016-06-21 21:30:00+00:00,940.9819,19801.914,8.184152
4150,2016-06-21 22:30:00+00:00,733.62683,9577.918,7.7282915
4151,2016-06-21 23:30:00+00:00,801.7892,6265.3667,7.867609
4152,2016-06-22 00:30:00+00:00,401.2451,6498.997,6.4166064
4153,2016-06-22 01:30:00+00:00,220.82182,6486.5625,5.763137
4154,2016-06-22 02:30:00+00:00,561.72156,6508.8965,7.30921
4155,2016-06-22 03:30:00+00:00,363.43405,6543.961,6.9198675
4156,2016-06-22 04:30:00+00:00,50.63136,6582.79,3.6591904
4157,2016-06-22 05:30:00+00:00,55.93586,6497,2.8097787
4158,2016-06-22 06:30:00+00:00,283.80734,6560.8174,5.9074125
4159,2016-06-22 07:30:00+00:00,377.13763,6460.0156,6.7747264
4160,2016-06-22 08:30:00+00:00,485.94617,6578.5806,7.3134828
4161,2016-06-22 09:30:00+00:00,279.32306,6740.061,6.4808183
4162,2016-06-22 10:30:00+00:00,155.71567,7790.754,5.4200616
4163,2016-06-22 11:30:00+00:00,115.207275,11445.277,4.788844
4164,2016-06-22 12:30:00+00:00,0,21735.299,3.1215632
4165,2016-06-22 13:30:00+00:00,115.43846,23653.22,4.795615
4166,2016-06-22 14:30:00+00:00,186.11847,25909.965,5.583276
4167,2016-06-22 15:30:00+00:00,112.79415,28726.068,4.9179506
4168,2016-06-22 16:30:00+00:00,160.42795,23830.898,4.970022
4169,2016-06-22 17:30:00+00:00,374.92224,27874.729,6.1448
4170,2016-06-22 18:30:00+00:00,623.18695,30716.043,7.172058
4171,2016-06-22 19:30:00+00:00,596.82196,29116.314,7.2646275
4172,2016-06-22 20:30:00+00:00,379.52725,26117.008,6.6617713
4173,2016-06-22 21:30:00+00:00,199.3284,20097.604,5.551176
4174,2016-06-22 22:30:00+00:00,108.63818,10138.934,4.6378627
4175,2016-06-22 23:30:00+00:00,80.68984,6494.9546,3.9079537
4176,2016-06-23 00:30:00+00:00,56.53762,6581.908,3.243383
4177,2016-06-23 01:30:00+00:00,37.401695,6671.4424,2.816785
4178,2016-06-23 02:30:00+00:00,17.23253,6688.1543,2.2898088
4179,2016-06-23 03:30:00+00:00,6.5652385,6667.2583,2.2364047
4180,2016-06-23 04:30:00+00:00,0,6744.969,2.381779
4181,2016-06-23 05:30:00+00:00,2.9237845,6827.3545,1.641121
4182,2016-06-23 06:30:00+00:00,91.48176,6951.4565,3.0301955
4183,2016-06-23 07:30:00+00:00,48.463768,6794.5903,2.5840666
4184,2016-06-23 08:30:00+00:00,121.17374,6758.62,4.229673
4185,2016-06-23 09:30:00+00:00,5.767002,7055.1714,2.0811858
4186,2016-06-23 10:30:00+00:00,59.597637,8252.966,3.3759713
4187,2016-06-23 11:30:00+00:00,53.20865,11906.8125,3.3566656
4188,2016-06-23 12:30:00+00:00,61.521156,21999.656,3.6550655
4189,2016-06-23 13:30:00+00:00,219.92984,23710.787,5.258635
4190,2016-06-23 14:30:00+00:00,207.57542,25883.826,5.311073
4191,2016-06-23 15:30:00+00:00,105.81889,28906.467,4.6132746
4192,2016-06-23 16:30:00+00:00,54.76838,24000.396,3.691944
4193,2016-06-23 17:30:00+00:00,65.56309,27589.342,3.9955254
4194,2016-06-23 18:30:00+00:00,22.40838,30110.084,3.4611974
4195,2016-06-23 19:30:00+00:00,20.005455,28825.725,3.2306516
4196,2016-06-23 20:30:00+00:00,18.963411,25996.059,3.08085
4197,2016-06-23 21:30:00+00:00,18.541344,20056.336,2.9309978
4198,2016-06-23 22:30:00+00:00,135.9278,10037.713,3.8079762
4199,2016-06-23 23:30:00+00:00,717.6409,6469.207,6.0398154
4200,2016-06-24 00:30:00+00:00,732.1892,6598.6943,7.6074486
4201,2016-06-24 01:30:00+00:00,576.8175,6585.2847,7.882556
4202,2016-06-24 02:30:00+00:00,679.3859,6474.791,8.013126
4203,2016-06-24 03:30:00+00:00,869.6092,6497.6226,8.71761
4204,2016-06-24 04:30:00+00:00,514.60016,6626.376,7.7068267
4205,2016-06-24 05:30:00+00:00,285.63574,6541.0625,6.5114
4206,2016-06-24 06:30:00+00:00,247.54805,6575.8423,5.850142
4207,2016-06-24 07:30:00+00:00,176.01637,6672.4146,5.469466
4208,2016-06-24 08:30:00+00:00,144.70157,6700.651,5.2218475
4209,2016-06-24 09:30:00+00:00,135.06987,6788.635,5.0919685
4210,2016-06-24 10:30:00+00:00,43.496063,8263.8,4.332619
4211,2016-06-24 11:30:00+00:00,35.52498,12559.089,4.1094785
4212,2016-06-24 12:30:00+00:00,70.95579,22397.453,4.511122
4213,2016-06-24 13:30:00+00:00,0,23592.55,2.6517732
4214,2016-06-24 14:30:00+00:00,27.259874,25986.432,2.4222958
4215,2016-06-24 15:30:00+00:00,35.960033,28283.27,2.546892
4216,2016-06-24 16:30:00+00:00,13.026468,23981.129,2.4636788
4217,2016-06-24 17:30:00+00:00,21.27184,27820.283,3.0537593
4218,2016-06-24 18:30:00+00:00,7.73607,30433.703,2.8327928
4219,2016-06-24 19:30:00+00:00,4.9223266,28647.934,2.51659
4220,2016-06-24 20:30:00+00:00,120.45463,25359.176,4.0059333
4221,2016-06-24 21:30:00+00:00,165.45767,19304.408,4.8514256
4222,2016-06-24 22:30:00+00:00,84.45274,9638.275,4.2172832
4223,2016-06-24 23:30:00+00:00,46.39608,6348.9067,3.5790517
4224,2016-06-25 00:30:00+00:00,35.085175,6480.6455,3.5030677
4225,2016-06-25 01:30:00+00:00,80.25496,6395.4795,4.286254
4226,2016-06-25 02:30:00+00:00,12.582037,6462.7026,3.8834264
4227,2016-06-25 03:30:00+00:00,36.49868,6528.5015,3.778587
4228,2016-06-25 04:30:00+00:00,25.480137,6484.474,3.546632
4229,2016-06-25 05:30:00+00:00,139.30182,6442.872,4.504227
4230,2016-06-25 06:30:00+00:00,197.20815,6442.138,5.4159045
4231,2016-06-25 07:30:00+00:00,37.396454,6373.6934,3.739784
4232,2016-06-25 08:30:00+00:00,126.181946,6349.554,4.805767
4233,2016-06-25 09:30:00+00:00,63.76799,6343.9565,4.3450065
4234,2016-06-25 10:30:00+00:00,0,6608.7827,2.7836258
4235,2016-06-25 11:30:00+00:00,17.206234,6563.505,3.067228
4236,2016-06-25 12:30:00+00:00,15.305772,6440.027,3.5962927
4237,2016-06-25 13:30:00+00:00,0,6273.4956,1.7341789
4238,2016-06-25 14:30:00+00:00,14.009999,6296.6875,2.0185726
4239,2016-06-25 15:30:00+00:00,41.50597,6118.434,2.8338246
4240,2016-06-25 16:30:00+00:00,24.181906,6165.953,3.0448709
4241,2016-06-25 17:30:00+00:00,29.433035,6426.2256,3.4310055
4242,2016-06-25 18:30:00+00:00,10.646189,6513.619,3.2746143
4243,2016-06-25 19:30:00+00:00,139.30086,6321.529,4.602647
4244,2016-06-25 20:30:00+00:00,63.510086,6180.6484,4.4754844
4245,2016-06-25 21:30:00+00:00,25.382236,6306.921,2.8085072
4246,2016-06-25 22:30:00+00:00,39.82637,6522.5127,2.316859
4247,2016-06-25 23:30:00+00:00,10.3608,6685.1304,2.203721
4248,2016-06-26 00:30:00+00:00,15.8465,6649.0034,2.8203127
4249,2016-06-26 01:30:00+00:00,162.29306,6362.4336,5.201276
4250,2016-06-26 02:30:00+00:00,16.531208,6377.5684,2.3625023
4251,2016-06-26 03:30:00+00:00,53.015846,6427.9204,3.4650989
4252,2016-06-26 04:30:00+00:00,118.30553,6417.5337,3.502122
4253,2016-06-26 05:30:00+00:00,884.7589,6529.3784,9.144508
4254,2016-06-26 06:30:00+00:00,2111.72,6488.403,12.315971
4255,2016-06-26 07:30:00+00:00,1758.9158,6391.3584,11.814742
4256,2016-06-26 08:30:00+00:00,1968.6067,6351.9043,12.66248
4257,2016-06-26 09:30:00+00:00,2001.7023,6344.4595,13.422446
4258,2016-06-26 10:30:00+00:00,2038.5997,6437.5176,12.4071045
4259,2016-06-26 11:30:00+00:00,2036.3109,6400.929,11.814291
4260,2016-06-26 12:30:00+00:00,1513.2832,6397.657,10.394696
4261,2016-06-26 13:30:00+00:00,1464.6827,6337.734,10.287235
4262,2016-06-26 14:30:00+00:00,975.6652,6279.8413,9.30731
4263,2016-06-26 15:30:00+00:00,1153.0806,6240.495,9.596396
4264,2016-06-26 16:30:00+00:00,1486.9707,6426.936,10.285177
4265,2016-06-26 17:30:00+00:00,1474.2886,6462.868,10.335718
4266,2016-06-26 18:30:00+00:00,1846.441,6378.6396,10.708875
4267,2016-06-26 19:30:00+00:00,1778.8733,6310.1543,10.536006
4268,2016-06-26 20:30:00+00:00,1627.8601,6284.285,9.839882
4269,2016-06-26 21:30:00+00:00,826.211,6284.4795,8.177142
4270,2016-06-26 22:30:00+00:00,286.38358,6436.527,6.4485316
4271,2016-06-26 23:30:00+00:00,749.08527,6502.5596,7.5970635
4272,2016-06-27 00:30:00+00:00,1615.8604,6481.3374,10.427276
4273,2016-06-27 01:30:00+00:00,1025.348,6330.1035,9.68409
4274,2016-06-27 02:30:00+00:00,563.0805,6301.0693,8.147948
4275,2016-06-27 03:30:00+00:00,1714.0645,6394.769,11.166574
4276,2016-06-27 04:30:00+00:00,1905.8983,6391.2583,11.726434
4277,2016-06-27 05:30:00+00:00,1975.2605,6411.4077,13.001448
4278,2016-06-27 06:30:00+00:00,1526.283,6558.357,10.695788
4279,2016-06-27 07:30:00+00:00,1164.084,6488.961,9.690379
4280,2016-06-27 08:30:00+00:00,1421.011,6576.6265,10.076713
4281,2016-06-27 09:30:00+00:00,817.0942,6953.0337,8.595782
4282,2016-06-27 10:30:00+00:00,799.0494,8369.571,8.3495455
4283,2016-06-27 11:30:00+00:00,713.6473,12836.468,8.154165
4284,2016-06-27 12:30:00+00:00,314.0932,24053.254,6.8824787
4285,2016-06-27 13:30:00+00:00,196.18086,25928.955,5.7676334
4286,2016-06-27 14:30:00+00:00,345.7041,28049.83,6.4514503
4287,2016-06-27 15:30:00+00:00,643.4285,31213.79,7.858861
4288,2016-06-27 16:30:00+00:00,1179.5051,26017.08,9.333804
4289,2016-06-27 17:30:00+00:00,735.3972,30142.19,8.367819
4290,2016-06-27 18:30:00+00:00,745.072,32619.904,8.020872
4291,2016-06-27 19:30:00+00:00,566.23535,31236.633,7.3309703
4292,2016-06-27 20:30:00+00:00,633.40076,28494.188,7.320577
4293,2016-06-27 21:30:00+00:00,573.9338,22858.592,7.078656
4294,2016-06-27 22:30:00+00:00,375.32556,11910.35,6.333494
4295,2016-06-27 23:30:00+00:00,384.5909,7411.3657,6.2730865
4296,2016-06-28 00:30:00+00:00,286.61978,7207.78,6.125466
4297,2016-06-28 01:30:00+00:00,170.72694,7405.3804,5.4258795
4298,2016-06-28 02:30:00+00:00,137.55602,7376.2383,5.0527315
4299,2016-06-28 03:30:00+00:00,561.75116,7222.6133,7.134644
4300,2016-06-28 04:30:00+00:00,951.42084,7245.5693,8.599719
4301,2016-06-28 05:30:00+00:00,336.2231,7197.3145,5.976189
4302,2016-06-28 06:30:00+00:00,336.2912,7230.2817,6.325378
4303,2016-06-28 07:30:00+00:00,115.77711,7208.7783,4.608588
4304,2016-06-28 08:30:00+00:00,39.8221,7214.1987,3.8148832
4305,2016-06-28 09:30:00+00:00,216.83261,7322.352,5.597514
4306,2016-06-28 10:30:00+00:00,133.54745,8618.8,5.494527
4307,2016-06-28 11:30:00+00:00,488.86688,12746.367,7.1146917
4308,2016-06-28 12:30:00+00:00,162.18343,25130.451,5.781378
4309,2016-06-28 13:30:00+00:00,80.008415,26834.895,4.7159486
4310,2016-06-28 14:30:00+00:00,73.67774,29545.855,4.300892
4311,2016-06-28 15:30:00+00:00,159.81213,32279.734,5.135472
4312,2016-06-28 16:30:00+00:00,273.1773,26766.645,6.0454307
4313,2016-06-28 17:30:00+00:00,233.7322,30868.508,5.9274187
4314,2016-06-28 18:30:00+00:00,349.32748,33764.367,6.206591
4315,2016-06-28 19:30:00+00:00,364.61227,31936.496,6.2556467
4316,2016-06-28 20:30:00+00:00,476.2303,28496.932,6.675727
4317,2016-06-28 21:30:00+00:00,486.44162,21682.244,6.734421
4318,2016-06-28 22:30:00+00:00,292.50757,11137.872,5.9639955
4319,2016-06-28 23:30:00+00:00,331.3841,7195.8447,6.0066504
4320,2016-06-29 00:30:00+00:00,505.69092,7259.3545,6.8274174
4321,2016-06-29 01:30:00+00:00,518.10614,7379.7417,7.3692636
4322,2016-06-29 02:30:00+00:00,347.62296,7359.1533,6.804457
4323,2016-06-29 03:30:00+00:00,235.97116,7368.8667,6.0407057
4324,2016-06-29 04:30:00+00:00,706.3881,7340.803,7.786914
4325,2016-06-29 05:30:00+00:00,957.629,7176.1235,8.7925
4326,2016-06-29 06:30:00+00:00,828.75446,7245.8774,8.721982
4327,2016-06-29 07:30:00+00:00,581.6921,7373.374,7.851653
4328,2016-06-29 08:30:00+00:00,524.1424,7208.908,7.4307384
4329,2016-06-29 09:30:00+00:00,507.7706,7512.306,7.437571
4330,2016-06-29 10:30:00+00:00,325.7228,8645.673,6.7549577
4331,2016-06-29 11:30:00+00:00,413.5997,12861.957,7.0453343
4332,2016-06-29 12:30:00+00:00,134.1274,24370.744,5.726796
4333,2016-06-29 13:30:00+00:00,60.01143,25816.738,4.542259
4334,2016-06-29 14:30:00+00:00,153.50833,28420.979,5.1006455
4335,2016-06-29 15:30:00+00:00,225.815,31874.459,5.7443643
4336,2016-06-29 16:30:00+00:00,196.00769,26681.219,5.609563
4337,2016-06-29 17:30:00+00:00,198.5905,30940.035,5.5617137
4338,2016-06-29 18:30:00+00:00,162.70737,33598.09,5.38811
4339,2016-06-29 19:30:00+00:00,88.33812,32022.148,4.899594
4340,2016-06-29 20:30:00+00:00,64.09308,28874.914,4.7028513
4341,2016-06-29 21:30:00+00:00,114.98822,22324.871,4.8583827
4342,2016-06-29 22:30:00+00:00,128.89798,11280.152,4.8012686
4343,2016-06-29 23:30:00+00:00,113.04763,7104.1675,4.5334044
4344,2016-06-30 00:30:00+00:00,67.50107,7119.3716,4.0101132
4345,2016-06-30 01:30:00+00:00,35.951622,7229.5684,3.476499
4346,2016-06-30 02:30:00+00:00,6.6976337,7279.499,2.684129
4347,2016-06-30 03:30:00+00:00,0,7401.149,1.7137349
4348,2016-06-30 04:30:00+00:00,25.627047,7430.3325,2.567331
4349,2016-06-30 05:30:00+00:00,26.013779,7357.784,2.8955142
4350,2016-06-30 06:30:00+00:00,18.186981,7593.991,2.7668996
4351,2016-06-30 07:30:00+00:00,37.565056,7589.231,3.283286
4352,2016-06-30 08:30:00+00:00,80.10418,7464.7783,4.0899057
4353,2016-06-30 09:30:00+00:00,180.44754,7756.4365,5.282742
4354,2016-06-30 10:30:00+00:00,125.64575,9185.956,5.000206
4355,2016-06-30 11:30:00+00:00,257.17395,13390.201,5.8825374
4356,2016-06-30 12:30:00+00:00,161.28452,24816.506,5.3528695
4357,2016-06-30 13:30:00+00:00,5.732156,26436.846,3.0890052
4358,2016-06-30 14:30:00+00:00,118.31419,28650.229,4.4090843
4359,2016-06-30 15:30:00+00:00,116.47036,30925.838,4.48849
4360,2016-06-30 16:30:00+00:00,126.39012,26056.447,4.8522024
4361,2016-06-30 17:30:00+00:00,132.6523,29969.496,5.102006
4362,2016-06-30 18:30:00+00:00,169.93706,32805.27,5.4937925
4363,2016-06-30 19:30:00+00:00,189.82318,31498.041,5.816075
4364,2016-06-30 20:30:00+00:00,94.95046,28284.182,5.0578413
4365,2016-06-30 21:30:00+00:00,67.15105,21673.29,4.6840706
4366,2016-06-30 22:30:00+00:00,110.15835,10641.973,4.319292
4367,2016-06-30 23:30:00+00:00,212.56557,6880.209,4.863239
4368,2016-07-01 00:30:00+00:00,233.76904,6842.576,5.5800824
4369,2016-07-01 01:30:00+00:00,196.02753,6838.734,5.698393
4370,2016-07-01 02:30:00+00:00,234.63281,6972.209,5.8137536
4371,2016-07-01 03:30:00+00:00,1871.0953,6997.9077,11.598446
4372,2016-07-01 04:30:00+00:00,1313.4899,6870.037,10.820962
4373,2016-07-01 05:30:00+00:00,1663.7382,6990.5366,11.201363
4374,2016-07-01 06:30:00+00:00,1567.9933,7010.0186,11.022824
4375,2016-07-01 07:30:00+00:00,1887.3938,7215.7925,11.664174
4376,2016-07-01 08:30:00+00:00,2012.5254,7164.851,12.094317
4377,2016-07-01 09:30:00+00:00,2027.228,7303.015,12.418792
4378,2016-07-01 10:30:00+00:00,1277.974,7304.726,10.071233
4379,2016-07-01 11:30:00+00:00,827.77057,7187.9976,8.049974
4380,2016-07-01 12:30:00+00:00,372.3228,7082.8965,5.8313694
4381,2016-07-01 13:30:00+00:00,43.378628,7190.665,2.964127
4382,2016-07-01 14:30:00+00:00,36.54716,7264.7495,2.768794
4383,2016-07-01 15:30:00+00:00,50.38823,7180.704,4.3431253
4384,2016-07-01 16:30:00+00:00,273.71576,7138.4297,5.829575
4385,2016-07-01 17:30:00+00:00,571.45374,7185.266,6.8451705
4386,2016-07-01 18:30:00+00:00,1020.66907,7190.7427,8.2850685
4387,2016-07-01 19:30:00+00:00,1706.0789,7203.735,10.180898
4388,2016-07-01 20:30:00+00:00,1746.8441,7103.5864,10.335855
4389,2016-07-01 21:30:00+00:00,1426.8701,7107.57,9.625431
4390,2016-07-01 22:30:00+00:00,1233.9802,7170.482,9.1400585
4391,2016-07-01 23:30:00+00:00,1090.4889,7093.1494,8.823233
4392,2016-07-02 00:30:00+00:00,1052.436,6997.1904,8.93572
4393,2016-07-02 01:30:00+00:00,1345.0092,6975.303,9.920464
4394,2016-07-02 02:30:00+00:00,2062.771,7088.1772,12.191384
4395,2016-07-02 03:30:00+00:00,1875.7542,7071.3833,11.737029
4396,2016-07-02 04:30:00+00:00,1440.2903,7115.2856,10.569533
4397,2016-07-02 05:30:00+00:00,1942.713,7085.582,11.397108
4398,2016-07-02 06:30:00+00:00,1750.3671,6994.455,11.148207
4399,2016-07-02 07:30:00+00:00,1953.1978,7117.5884,11.471392
4400,2016-07-02 08:30:00+00:00,1804.0265,7053.3354,11.140818
4401,2016-07-02 09:30:00+00:00,988.46783,7111.6475,8.994675
4402,2016-07-02 10:30:00+00:00,1030.2493,7127.635,8.769578
4403,2016-07-02 11:30:00+00:00,1113.643,7134.101,9.087424
4404,2016-07-02 12:30:00+00:00,468.81448,6965.4014,7.213831
4405,2016-07-02 13:30:00+00:00,489.5171,6933.742,7.211344
4406,2016-07-02 14:30:00+00:00,872.9543,6968.7964,8.586128
4407,2016-07-02 15:30:00+00:00,904.25757,6710.253,8.865434
4408,2016-07-02 16:30:00+00:00,764.561,6780.738,8.501997
4409,2016-07-02 17:30:00+00:00,662.21185,6920.6704,8.034733
4410,2016-07-02 18:30:00+00:00,730.9187,6971.169,7.9825244
4411,2016-07-02 19:30:00+00:00,516.73755,6783.509,7.372495
4412,2016-07-02 20:30:00+00:00,319.09647,6726.548,6.5685062
4413,2016-07-02 21:30:00+00:00,341.78427,6773.5815,6.2902822
4414,2016-07-02 22:30:00+00:00,303.8373,6708.334,5.957246
4415,2016-07-02 23:30:00+00:00,163.18605,6829.465,4.9935703
4416,2016-07-03 00:30:00+00:00,73.317345,6789.021,4.0755477
4417,2016-07-03 01:30:00+00:00,98.429565,6712.3076,4.268878
4418,2016-07-03 02:30:00+00:00,166.79738,6738.671,5.312477
4419,2016-07-03 03:30:00+00:00,140.39264,6551.0845,5.325532
4420,2016-07-03 04:30:00+00:00,19.316137,6782.9785,3.345275
4421,2016-07-03 05:30:00+00:00,14.574307,6986.8965,2.8376913
4422,2016-07-03 06:30:00+00:00,21.74331,6994.334,2.683784
4423,2016-07-03 07:30:00+00:00,22.982054,7000.984,2.9683545
4424,2016-07-03 08:30:00+00:00,34.339367,6968.555,2.9343812
4425,2016-07-03 09:30:00+00:00,0,7126.0684,1.8232771
4426,2016-07-03 10:30:00+00:00,0,7347.569,1.5963148
4427,2016-07-03 11:30:00+00:00,0,7368.247,0.9734955
4428,2016-07-03 12:30:00+00:00,7.940258,7304.2314,2.0715876
4429,2016-07-03 13:30:00+00:00,8.397061,7267.7144,2.2720785
4430,2016-07-03 14:30:00+00:00,36.832737,7099.506,2.7751715
4431,2016-07-03 15:30:00+00:00,64.48431,6986.6167,3.4149635
4432,2016-07-03 16:30:00+00:00,90.40995,7094.5366,4.0415473
4433,2016-07-03 17:30:00+00:00,136.67856,7187.344,4.6943464
4434,2016-07-03 18:30:00+00:00,112.96407,7035.7695,4.946154
4435,2016-07-03 19:30:00+00:00,83.38515,6964.425,5.0209117
4436,2016-07-03 20:30:00+00:00,70.101814,6935.6084,4.91585
4437,2016-07-03 21:30:00+00:00,63.90287,6967.308,4.5213327
4438,2016-07-03 22:30:00+00:00,51.46681,7176.4883,3.8530877
4439,2016-07-03 23:30:00+00:00,31.624199,7156.4214,3.3447096
4440,2016-07-04 00:30:00+00:00,18.429117,7012.1665,3.1045566
4441,2016-07-04 01:30:00+00:00,30.826357,6897.871,3.1019518
4442,2016-07-04 02:30:00+00:00,8.574431,6907.953,3.3710504
4443,2016-07-04 03:30:00+00:00,64.05797,6841.524,4.016871
4444,2016-07-04 04:30:00+00:00,107.07773,6968.664,4.495204
4445,2016-07-04 05:30:00+00:00,123.11271,7027.01,4.7848306
4446,2016-07-04 06:30:00+00:00,421.05847,7181.4395,6.5878396
4447,2016-07-04 07:30:00+00:00,560.49976,7287.006,7.5833063
4448,2016-07-04 08:30:00+00:00,450.67883,7112.801,7.286577
4449,2016-07-04 09:30:00+00:00,296.89606,7285.924,6.4522214
4450,2016-07-04 10:30:00+00:00,131.09625,8726.543,5.1294575
4451,2016-07-04 11:30:00+00:00,59.854065,12813.956,4.2101245
4452,2016-07-04 12:30:00+00:00,66.71446,24505.82,4.244582
4453,2016-07-04 13:30:00+00:00,43.897533,26967.143,3.8721213
4454,2016-07-04 14:30:00+00:00,27.11496,30087.322,3.2443173
4455,2016-07-04 15:30:00+00:00,120.76834,32794.35,4.4227996
4456,2016-07-04 16:30:00+00:00,180.30038,27345.799,5.0836844
4457,2016-07-04 17:30:00+00:00,61.517166,31752.336,4.2732167
4458,2016-07-04 18:30:00+00:00,218.92969,34453.61,5.335641
4459,2016-07-04 19:30:00+00:00,75.8525,32572.193,4.5257277
4460,2016-07-04 20:30:00+00:00,49.079628,29452.172,4.5307417
4461,2016-07-04 21:30:00+00:00,40.34488,22942.434,3.8250594
4462,2016-07-04 22:30:00+00:00,32.1506,11911.792,3.5449524
4463,2016-07-04 23:30:00+00:00,26.179745,7497.188,2.622054
4464,2016-07-05 00:30:00+00:00,69.44522,7288.8203,2.9546387
4465,2016-07-05 01:30:00+00:00,541.63104,7451.0576,6.622685
4466,2016-07-05 02:30:00+00:00,405.76196,7532.896,7.015861
4467,2016-07-05 03:30:00+00:00,228.51384,7527.3564,5.9740276
4468,2016-07-05 04:30:00+00:00,146.85637,7474.5664,4.6532598
4469,2016-07-05 05:30:00+00:00,40.395054,7560.269,3.36173
4470,2016-07-05 06:30:00+00:00,937.537,7587.0845,9.353335
4471,2016-07-05 07:30:00+00:00,675.6875,7667.246,8.65486
4472,2016-07-05 08:30:00+00:00,379.12128,7572.4316,7.1383233
4473,2016-07-05 09:30:00+00:00,306.50687,7647.4717,6.023056
4474,2016-07-05 10:30:00+00:00,468.0701,8827.994,7.0714736
4475,2016-07-05 11:30:00+00:00,140.36948,12930.301,4.9111824
4476,2016-07-05 12:30:00+00:00,174.8363,24634.76,5.1996107
4477,2016-07-05 13:30:00+00:00,90.86143,27529.498,4.4568925
4478,2016-07-05 14:30:00+00:00,183.08664,29961.496,5.2993813
4479,2016-07-05 15:30:00+00:00,176.25616,33183.387,5.208605
4480,2016-07-05 16:30:00+00:00,423.12772,27470.205,6.429146
4481,2016-07-05 17:30:00+00:00,311.5115,31756.53,6.118806
4482,2016-07-05 18:30:00+00:00,388.25296,34447.348,6.355567
4483,2016-07-05 19:30:00+00:00,497.77264,32402.092,6.6932335
4484,2016-07-05 20:30:00+00:00,321.74545,28833.768,6.1433578
4485,2016-07-05 21:30:00+00:00,116.71275,21921.81,4.773625
4486,2016-07-05 22:30:00+00:00,82.11624,11319.944,4.341201
4487,2016-07-05 23:30:00+00:00,92.94265,7290.754,4.243163
4488,2016-07-06 00:30:00+00:00,56.273376,7249.2095,3.4815252
4489,2016-07-06 01:30:00+00:00,76.27417,7411.3467,3.6736226
4490,2016-07-06 02:30:00+00:00,47.186047,7481.5034,3.6528068
4491,2016-07-06 03:30:00+00:00,40.71516,7480.7124,3.5363386
4492,2016-07-06 04:30:00+00:00,90.08484,7504.993,4.1084003
4493,2016-07-06 05:30:00+00:00,143.51797,7510.2373,4.750892
4494,2016-07-06 06:30:00+00:00,222.10341,7482.537,5.480693
4495,2016-07-06 07:30:00+00:00,294.17172,7529.3804,6.1268845
4496,2016-07-06 08:30:00+00:00,456.65015,7424.7993,7.037615
4497,2016-07-06 09:30:00+00:00,1076.9081,7805.487,9.48916
4498,2016-07-06 10:30:00+00:00,1129.3207,9157.184,9.683666
4499,2016-07-06 11:30:00+00:00,759.0649,13706.901,8.603257
4500,2016-07-06 12:30:00+00:00,241.261,25879.209,6.0192165
4501,2016-07-06 13:30:00+00:00,315.224,28093.191,5.882197
4502,2016-07-06 14:30:00+00:00,425.9492,30656.732,7.011463
4503,2016-07-06 15:30:00+00:00,1011.8867,33363.594,9.256058
4504,2016-07-06 16:30:00+00:00,647.36365,27760.45,8.276092
4505,2016-07-06 17:30:00+00:00,293.49188,32162.611,6.195602
4506,2016-07-06 18:30:00+00:00,473.34644,34995.39,6.6231146
4507,2016-07-06 19:30:00+00:00,911.45416,33085.156,8.092854
4508,2016-07-06 20:30:00+00:00,795.3245,29480.62,8.081931
4509,2016-07-06 21:30:00+00:00,517.504,22081.99,7.2536182
4510,2016-07-06 22:30:00+00:00,830.20514,11136.026,7.570732
4511,2016-07-06 23:30:00+00:00,910.297,7115.927,8.032526
4512,2016-07-07 00:30:00+00:00,2106.489,7232.6196,12.4407015
4513,2016-07-07 01:30:00+00:00,1966.3971,7340.9976,12.5035925
4514,2016-07-07 02:30:00+00:00,2057.147,7439.6445,12.412566
4515,2016-07-07 03:30:00+00:00,980.58075,7459.2344,9.465281
4516,2016-07-07 04:30:00+00:00,403.75476,7528.8447,7.0690346
4517,2016-07-07 05:30:00+00:00,279.90576,7557.4277,5.2369075
4518,2016-07-07 06:30:00+00:00,107.023575,7614.632,4.267673
4519,2016-07-07 07:30:00+00:00,46.1749,7526.48,4.244728
4520,2016-07-07 08:30:00+00:00,236.6124,7417.633,6.0107813
4521,2016-07-07 09:30:00+00:00,230.07396,7642.1807,6.2706523
4522,2016-07-07 10:30:00+00:00,73.81016,8929.146,5.2143803
4523,2016-07-07 11:30:00+00:00,26.616447,13614.591,4.0025845
4524,2016-07-07 12:30:00+00:00,128.39482,25616.828,4.805376
4525,2016-07-07 13:30:00+00:00,138.93622,27479.49,5.1644073
4526,2016-07-07 14:30:00+00:00,0,30468.855,2.9231403
4527,2016-07-07 15:30:00+00:00,56.780373,33809.496,3.2972755
4528,2016-07-07 16:30:00+00:00,279.45633,27629.578,5.760515
4529,2016-07-07 17:30:00+00:00,121.608795,32084.025,4.813743
4530,2016-07-07 18:30:00+00:00,139.53804,34863.855,4.495679
4531,2016-07-07 19:30:00+00:00,152.4388,33115.89,4.4575024
4532,2016-07-07 20:30:00+00:00,126.57829,29873.232,4.3800993
4533,2016-07-07 21:30:00+00:00,67.49401,23102.402,3.7769554
4534,2016-07-07 22:30:00+00:00,46.94122,11778.264,3.4291172
4535,2016-07-07 23:30:00+00:00,34.529366,7489.2837,2.802043
4536,2016-07-08 00:30:00+00:00,22.679949,7395.197,2.0684087
4537,2016-07-08 01:30:00+00:00,108.65864,7530.7847,3.6891596
4538,2016-07-08 02:30:00+00:00,523.7974,7487.0947,6.4808283
4539,2016-07-08 03:30:00+00:00,653.8634,7496.3657,7.6342964
4540,2016-07-08 04:30:00+00:00,360.52005,7510.4033,6.701272
4541,2016-07-08 05:30:00+00:00,228.60455,7408.9316,5.658776
4542,2016-07-08 06:30:00+00:00,132.11595,7548.794,4.704998
4543,2016-07-08 07:30:00+00:00,100.20322,7436.3843,4.5034027
4544,2016-07-08 08:30:00+00:00,258.48596,7442.39,6.117248
4545,2016-07-08 09:30:00+00:00,385.18643,7606.4263,6.964694
4546,2016-07-08 10:30:00+00:00,126.07941,8996.331,5.6694474
4547,2016-07-08 11:30:00+00:00,118.62961,13523.7705,5.0619674
4548,2016-07-08 12:30:00+00:00,34.15373,25531.164,3.9713469
4549,2016-07-08 13:30:00+00:00,48.76641,27075.76,3.7576995
4550,2016-07-08 14:30:00+00:00,79.31212,29963.006,3.97359
4551,2016-07-08 15:30:00+00:00,67.256485,32762.938,3.6442595
4552,2016-07-08 16:30:00+00:00,51.23101,27257.96,2.9017954
4553,2016-07-08 17:30:00+00:00,75.39314,31830.602,3.1282387
4554,2016-07-08 18:30:00+00:00,71.31135,34945.664,3.313006
4555,2016-07-08 19:30:00+00:00,49.240967,33442.4,3.695945
4556,2016-07-08 20:30:00+00:00,102.0359,30045.426,4.30917
4557,2016-07-08 21:30:00+00:00,721.887,23221.96,6.09628
4558,2016-07-08 22:30:00+00:00,2112.098,11861.841,9.878792
4559,2016-07-08 23:30:00+00:00,1261.4537,7433.2173,9.918461
4560,2016-07-09 00:30:00+00:00,328.0123,7258.945,7.2157636
4561,2016-07-09 01:30:00+00:00,1377.0138,7376.14,10.249436
4562,2016-07-09 02:30:00+00:00,1169.7025,7216.0786,10.468623
4563,2016-07-09 03:30:00+00:00,1017.7038,7323.5645,9.713948
4564,2016-07-09 04:30:00+00:00,1674.3002,7385.349,11.101089
4565,2016-07-09 05:30:00+00:00,1002.9343,7375.8877,9.552337
4566,2016-07-09 06:30:00+00:00,853.377,7382.8457,8.875769
4567,2016-07-09 07:30:00+00:00,399.8297,7463.617,6.7400646
4568,2016-07-09 08:30:00+00:00,35.118744,7580.2397,3.6018126
4569,2016-07-09 09:30:00+00:00,0,7604.32,1.7408061
4570,2016-07-09 10:30:00+00:00,0,7497.0654,2.2539701
4571,2016-07-09 11:30:00+00:00,0,7503.5547,2.3846953
4572,2016-07-09 12:30:00+00:00,0,7371.1807,2.2623513
4573,2016-07-09 13:30:00+00:00,0.462801,7391.9604,1.9068443
4574,2016-07-09 14:30:00+00:00,25.726301,7494.226,2.0461943
4575,2016-07-09 15:30:00+00:00,23.389633,7279.041,1.7537128
4576,2016-07-09 16:30:00+00:00,98.69652,7479.14,3.0269682
4577,2016-07-09 17:30:00+00:00,649.80426,7496.17,6.428387
4578,2016-07-09 18:30:00+00:00,503.96954,7587.1113,6.895024
4579,2016-07-09 19:30:00+00:00,620.3704,7709.9985,7.2024083
4580,2016-07-09 20:30:00+00:00,506.6041,7560.726,6.92454
4581,2016-07-09 21:30:00+00:00,664.4958,7473.4546,7.289578
4582,2016-07-09 22:30:00+00:00,575.42303,7568.8257,7.055132
4583,2016-07-09 23:30:00+00:00,375.91916,7544.938,6.44594
4584,2016-07-10 00:30:00+00:00,439.39175,7441.763,6.7781973
4585,2016-07-10 01:30:00+00:00,433.4144,7417.668,6.9579945
4586,2016-07-10 02:30:00+00:00,927.83405,7189.1724,8.601661
4587,2016-07-10 03:30:00+00:00,918.1529,7271.1914,8.924052
4588,2016-07-10 04:30:00+00:00,779.2599,7262.0786,8.599916
4589,2016-07-10 05:30:00+00:00,846.1982,7334.15,8.655505
4590,2016-07-10 06:30:00+00:00,753.45294,7273.949,8.42799
4591,2016-07-10 07:30:00+00:00,366.9538,7439.3354,6.8870335
4592,2016-07-10 08:30:00+00:00,301.42538,7408.075,6.333116
4593,2016-07-10 09:30:00+00:00,377.76166,7360.086,6.774241
4594,2016-07-10 10:30:00+00:00,129.68709,7214.516,5.705107
4595,2016-07-10 11:30:00+00:00,54.10798,7280.38,4.64656
4596,2016-07-10 12:30:00+00:00,0,7261.7974,3.0718234
4597,2016-07-10 13:30:00+00:00,0,7312.041,1.9167161
4598,2016-07-10 14:30:00+00:00,9.771224,7477.6313,2.4365947
4599,2016-07-10 15:30:00+00:00,43.509926,7400.081,3.251073
4600,2016-07-10 16:30:00+00:00,72.826355,7370.9297,3.3924575
4601,2016-07-10 17:30:00+00:00,255.732,7510.755,5.108681
4602,2016-07-10 18:30:00+00:00,245.76025,7341.606,5.342854
4603,2016-07-10 19:30:00+00:00,278.35452,7286.0386,5.6374364
4604,2016-07-10 20:30:00+00:00,138.0768,7394.296,5.163179
4605,2016-07-10 21:30:00+00:00,76.562454,7433.166,4.463951
4606,2016-07-10 22:30:00+00:00,41.953312,7275.088,3.6236446
4607,2016-07-10 23:30:00+00:00,23.582117,7362.478,2.9740312
4608,2016-07-11 00:30:00+00:00,23.284689,7193.899,2.7147925
4609,2016-07-11 01:30:00+00:00,12.82168,7054.5996,2.8714674
4610,2016-07-11 02:30:00+00:00,20.320969,7105.104,3.4209032
4611,2016-07-11 03:30:00+00:00,0,7135.205,1.5557382
4612,2016-07-11 04:30:00+00:00,23.99068,7132.6655,2.2049265
4613,2016-07-11 05:30:00+00:00,0,6641.6367,1.5687436
4614,2016-07-11 06:30:00+00:00,0,6504.512,1.6342385
4615,2016-07-11 07:30:00+00:00,13.51924,6430.5566,2.4209805
4616,2016-07-11 08:30:00+00:00,0,6356.024,2.3516526
4617,2016-07-11 09:30:00+00:00,0,6444.0625,2.3171122
4618,2016-07-11 10:30:00+00:00,0,7317.0503,1.7905008
4619,2016-07-11 11:30:00+00:00,0,10954.078,1.4795184
4620,2016-07-11 12:30:00+00:00,25.69777,20582.19,3.1151896
4621,2016-07-11 13:30:00+00:00,35.034313,22931.03,3.5500405
4622,2016-07-11 14:30:00+00:00,53.25644,24418.137,3.5535235
4623,2016-07-11 15:30:00+00:00,79.0068,27069.93,3.7327342
4624,2016-07-11 16:30:00+00:00,72.57117,22200.115,3.5653307
4625,2016-07-11 17:30:00+00:00,65.48909,25756.004,3.6225023
4626,2016-07-11 18:30:00+00:00,64.89361,28028.256,3.8673077
4627,2016-07-11 19:30:00+00:00,31.59972,27031.428,3.7536318
4628,2016-07-11 20:30:00+00:00,27.973286,24021.44,3.765776
4629,2016-07-11 21:30:00+00:00,31.49319,17990.52,3.977612
4630,2016-07-11 22:30:00+00:00,50.055664,8807.837,4.0176005
4631,2016-07-11 23:30:00+00:00,182.61125,5868.029,4.739466
4632,2016-07-12 00:30:00+00:00,138.1439,5907.2593,4.9665394
4633,2016-07-12 01:30:00+00:00,42.54851,5818.7505,3.8481095
4634,2016-07-12 02:30:00+00:00,1252.5692,5855.0176,9.803617
4635,2016-07-12 03:30:00+00:00,1278.3673,5859.723,10.534225
4636,2016-07-12 04:30:00+00:00,1703.7721,5824.3374,11.174766
4637,2016-07-12 05:30:00+00:00,1793.3673,5876.2534,11.506417
4638,2016-07-12 06:30:00+00:00,1847.7078,5817.762,11.548133
4639,2016-07-12 07:30:00+00:00,1963.5491,5717.93,11.965537
4640,2016-07-12 08:30:00+00:00,1972.9613,5836.5283,12.070195
4641,2016-07-12 09:30:00+00:00,2024.1189,5971.04,12.570688
4642,2016-07-12 10:30:00+00:00,2055.0925,7169.2886,12.744298
4643,2016-07-12 11:30:00+00:00,2069.3826,10449.552,12.251186
4644,2016-07-12 12:30:00+00:00,1465.6721,19730.29,10.109601
4645,2016-07-12 13:30:00+00:00,588.76733,21209.697,6.8775616
4646,2016-07-12 14:30:00+00:00,528.80426,23495.13,6.814361
4647,2016-07-12 15:30:00+00:00,440.78595,26023.44,7.112438
4648,2016-07-12 16:30:00+00:00,604.3747,21951.32,7.9924684
4649,2016-07-12 17:30:00+00:00,820.0225,25141.174,8.385771
4650,2016-07-12 18:30:00+00:00,1140.7808,27300.527,8.88962
4651,2016-07-12 19:30:00+00:00,1332.8988,26218.986,9.253791
4652,2016-07-12 20:30:00+00:00,1440.8514,23884.012,9.453781
4653,2016-07-12 21:30:00+00:00,1607.2725,18602.812,9.743547
4654,2016-07-12 22:30:00+00:00,1136.1748,9155.788,9.122857
4655,2016-07-12 23:30:00+00:00,1048.3898,5891.593,8.905614
4656,2016-07-13 00:30:00+00:00,1084.8015,5824.974,9.317376
4657,2016-07-13 01:30:00+00:00,1728.6755,5738.5933,11.282158
4658,2016-07-13 02:30:00+00:00,2150.7517,5707.76,13.028486
4659,2016-07-13 03:30:00+00:00,1995.001,5760.5537,12.678057
4660,2016-07-13 04:30:00+00:00,1979.2908,5881.269,12.257991
4661,2016-07-13 05:30:00+00:00,1982.0515,5869.483,12.740194
4662,2016-07-13 06:30:00+00:00,1981.3927,5863.381,11.832442
4663,2016-07-13 07:30:00+00:00,1218.1897,5605.1987,10.0048485
4664,2016-07-13 08:30:00+00:00,720.74536,5687.4443,7.993875
4665,2016-07-13 09:30:00+00:00,594.6017,5923.807,6.8707047
4666,2016-07-13 10:30:00+00:00,978.2693,7199.5264,8.7695055
4667,2016-07-13 11:30:00+00:00,1241.565,10756.204,9.787532
4668,2016-07-13 12:30:00+00:00,448.06726,19925.531,7.1181054
4669,2016-07-13 13:30:00+00:00,374.36588,21424.436,6.520294
4670,2016-07-13 14:30:00+00:00,386.1076,24138.012,6.686368
4671,2016-07-13 15:30:00+00:00,217.25656,26681.027,6.2440434
4672,2016-07-13 16:30:00+00:00,261.13922,22505.697,6.124015
4673,2016-07-13 17:30:00+00:00,389.65436,25990.408,6.481711
4674,2016-07-13 18:30:00+00:00,502.8783,28143.71,6.900565
4675,2016-07-13 19:30:00+00:00,344.18713,26875.213,6.4426622
4676,2016-07-13 20:30:00+00:00,252.32292,23986.832,6.0365696
4677,2016-07-13 21:30:00+00:00,294.6547,18206.838,5.9275365
4678,2016-07-13 22:30:00+00:00,314.42715,8807.092,5.800403
4679,2016-07-13 23:30:00+00:00,311.32376,5902.6006,5.722292
4680,2016-07-14 00:30:00+00:00,428.92493,5936.889,6.3796926
4681,2016-07-14 01:30:00+00:00,845.92413,5849.1084,8.233681
4682,2016-07-14 02:30:00+00:00,1914.8397,5824.777,11.50416
4683,2016-07-14 03:30:00+00:00,1716.6781,5872.0684,11.930807
4684,2016-07-14 04:30:00+00:00,1760.5217,5911.7183,11.607477
4685,2016-07-14 05:30:00+00:00,2184.1453,5739.5225,17.417915
4686,2016-07-14 06:30:00+00:00,1891.4485,5730.2856,13.075364
4687,2016-07-14 07:30:00+00:00,2032.7401,5640.179,14.021243
4688,2016-07-14 08:30:00+00:00,2079.077,5675.6963,15.314133
4689,2016-07-14 09:30:00+00:00,1373.9067,5882.492,10.698503
4690,2016-07-14 10:30:00+00:00,2027.6808,7119.069,13.439379
4691,2016-07-14 11:30:00+00:00,573.65967,10916.5625,6.31612
4692,2016-07-14 12:30:00+00:00,175.42247,20245.008,3.5901425
4693,2016-07-14 13:30:00+00:00,664.6831,21528.445,7.8470154
4694,2016-07-14 14:30:00+00:00,419.61862,24093.377,7.7804565
4695,2016-07-14 15:30:00+00:00,1524.8536,26794.006,10.399464
4696,2016-07-14 16:30:00+00:00,1649.0006,22284.674,10.803675
4697,2016-07-14 17:30:00+00:00,1357.4291,25193.316,10.04207
4698,2016-07-14 18:30:00+00:00,1651.9104,27635.93,10.389163
4699,2016-07-14 19:30:00+00:00,1981.3793,25938.273,10.979906
4700,2016-07-14 20:30:00+00:00,2041.7698,23053.545,11.175373
4701,2016-07-14 21:30:00+00:00,2060.6807,17443.383,11.629846
4702,2016-07-14 22:30:00+00:00,2074.4026,8610.8125,11.697028
4703,2016-07-14 23:30:00+00:00,2122.7495,5748.4233,12.081141
4704,2016-07-15 00:30:00+00:00,2124.7712,5711.722,12.252384
4705,2016-07-15 01:30:00+00:00,1320.3147,5613.6743,10.91502
4706,2016-07-15 02:30:00+00:00,1558.0316,5659.6973,11.040823
4707,2016-07-15 03:30:00+00:00,1406.8036,5751.456,10.553213
4708,2016-07-15 04:30:00+00:00,809.45056,5708.143,8.687614
4709,2016-07-15 05:30:00+00:00,673.9057,5644.559,7.9182715
4710,2016-07-15 06:30:00+00:00,538.9662,5559.645,7.387681
4711,2016-07-15 07:30:00+00:00,232.85547,5575.528,6.0741234
4712,2016-07-15 08:30:00+00:00,283.6104,5755.396,6.3170877
4713,2016-07-15 09:30:00+00:00,256.90518,5880.7705,6.381997
4714,2016-07-15 10:30:00+00:00,127.693375,6886.8906,5.6782665
4715,2016-07-15 11:30:00+00:00,66.83961,10507.531,4.774411
4716,2016-07-15 12:30:00+00:00,84.39808,19583.672,4.6501203
4717,2016-07-15 13:30:00+00:00,111.443535,21132.441,4.853246
4718,2016-07-15 14:30:00+00:00,117.18736,24172.162,4.871015
4719,2016-07-15 15:30:00+00:00,275.14072,25858.146,6.0992985
4720,2016-07-15 16:30:00+00:00,741.3105,21984.828,8.130082
4721,2016-07-15 17:30:00+00:00,1085.1661,25286.2,8.955531
4722,2016-07-15 18:30:00+00:00,879.5859,27861.797,8.600301
4723,2016-07-15 19:30:00+00:00,925.61865,26395.785,8.382367
4724,2016-07-15 20:30:00+00:00,691.9792,23775.729,7.612291
4725,2016-07-15 21:30:00+00:00,236.74713,18232.701,5.5210166
4726,2016-07-15 22:30:00+00:00,127.805855,9222.327,4.673162
4727,2016-07-15 23:30:00+00:00,293.26294,5999.6616,5.6020455
4728,2016-07-16 00:30:00+00:00,306.47897,6000.385,6.1101995
4729,2016-07-16 01:30:00+00:00,495.34756,5926.3447,7.0415096
4730,2016-07-16 02:30:00+00:00,652.5226,5925.014,7.7435503
4731,2016-07-16 03:30:00+00:00,372.74667,5948.2554,6.730413
4732,2016-07-16 04:30:00+00:00,331.54962,6006.1323,6.4959817
4733,2016-07-16 05:30:00+00:00,270.56555,6023.7935,6.085267
4734,2016-07-16 06:30:00+00:00,48.740246,5975.869,4.199049
4735,2016-07-16 07:30:00+00:00,0,6073.051,2.4572403
4736,2016-07-16 08:30:00+00:00,0,6161.8276,2.1105015
4737,2016-07-16 09:30:00+00:00,0,6057.8647,1.7046062
4738,2016-07-16 10:30:00+00:00,2.4769201,5996.4346,2.713126
4739,2016-07-16 11:30:00+00:00,0,6018.0034,2.611715
4740,2016-07-16 12:30:00+00:00,0,5736.436,1.7301046
4741,2016-07-16 13:30:00+00:00,4.241757,5723.265,1.7067381
4742,2016-07-16 14:30:00+00:00,8.650936,5766.6626,2.0520856
4743,2016-07-16 15:30:00+00:00,55.59219,5644.171,3.1557665
4744,2016-07-16 16:30:00+00:00,132.15482,5602.5537,4.2447267
4745,2016-07-16 17:30:00+00:00,98.38784,5724.1675,4.175717
4746,2016-07-16 18:30:00+00:00,63.194366,5715.507,3.9771483
4747,2016-07-16 19:30:00+00:00,38.12624,5666.325,3.8089945
4748,2016-07-16 20:30:00+00:00,36.98429,5775.3965,3.9431612
4749,2016-07-16 21:30:00+00:00,38.748905,5842.0947,3.9578068
4750,2016-07-16 22:30:00+00:00,41.20379,5903.404,3.9238782
4751,2016-07-16 23:30:00+00:00,48.988876,5934.155,3.9405303
4752,2016-07-17 00:30:00+00:00,80.76424,5877.2905,4.37081
4753,2016-07-17 01:30:00+00:00,31.415247,5863.148,3.4653747
4754,2016-07-17 02:30:00+00:00,0,5949.732,2.5050235
4755,2016-07-17 03:30:00+00:00,0,6022.524,1.6701236
4756,2016-07-17 04:30:00+00:00,2.13978,6241.5205,1.8051366
4757,2016-07-17 05:30:00+00:00,9.560156,6370.311,2.1035726
4758,2016-07-17 06:30:00+00:00,51.21463,6350.157,3.4402735
4759,2016-07-17 07:30:00+00:00,50.599743,6383.324,3.3394592
4760,2016-07-17 08:30:00+00:00,99.13158,6296.434,4.201194
4761,2016-07-17 09:30:00+00:00,189.80115,6329.1494,5.211233
4762,2016-07-17 10:30:00+00:00,103.853645,6261.575,4.6607475
4763,2016-07-17 11:30:00+00:00,330.7147,6181.008,6.135408
4764,2016-07-17 12:30:00+00:00,317.0638,5993.348,6.2851253
4765,2016-07-17 13:30:00+00:00,55.6777,5946.2554,3.8467422
4766,2016-07-17 14:30:00+00:00,144.48161,5903.8223,4.87272
4767,2016-07-17 15:30:00+00:00,119.67204,5695.1406,4.891268
4768,2016-07-17 16:30:00+00:00,131.43422,5762.938,5.169085
4769,2016-07-17 17:30:00+00:00,225.363,5864.752,5.7840424
4770,2016-07-17 18:30:00+00:00,404.45938,5860.5977,6.6808963
4771,2016-07-17 19:30:00+00:00,646.66156,5627.543,7.4895616
4772,2016-07-17 20:30:00+00:00,868.5826,5641.633,8.02925
4773,2016-07-17 21:30:00+00:00,1560.3281,5725.133,9.305642
4774,2016-07-17 22:30:00+00:00,2192.9216,5885.356,11.230398
4775,2016-07-17 23:30:00+00:00,2095.0151,5966.4736,11.825947
4776,2016-07-18 00:30:00+00:00,2139.0786,5943.1626,12.840249
4777,2016-07-18 01:30:00+00:00,2145.4915,5807.8716,15.00352
4778,2016-07-18 02:30:00+00:00,2145.0376,5940.3755,16.164167
4779,2016-07-18 03:30:00+00:00,2096.3337,6053.662,15.156143
4780,2016-07-18 04:30:00+00:00,2061.682,6137.087,13.683315
4781,2016-07-18 05:30:00+00:00,1820.2772,5989.893,11.658737
4782,2016-07-18 06:30:00+00:00,1668.5876,6142.812,11.118401
4783,2016-07-18 07:30:00+00:00,1450.8485,6061.9575,10.524201
4784,2016-07-18 08:30:00+00:00,2044.7922,6016.8193,12.924152
4785,2016-07-18 09:30:00+00:00,1677.4008,6053.3716,11.087611
4786,2016-07-18 10:30:00+00:00,1355.9949,7246.744,10.048116
4787,2016-07-18 11:30:00+00:00,1044.3129,10931.348,9.0655775
4788,2016-07-18 12:30:00+00:00,371.07993,20549.627,6.510749
4789,2016-07-18 13:30:00+00:00,417.62167,22239.605,6.561657
4790,2016-07-18 14:30:00+00:00,454.10034,25050.186,7.1988177
4791,2016-07-18 15:30:00+00:00,634.18823,27373.846,7.9287305
4792,2016-07-18 16:30:00+00:00,1133.0641,22457.914,9.013526
4793,2016-07-18 17:30:00+00:00,1019.4702,26014.195,8.862691
4794,2016-07-18 18:30:00+00:00,1081.0219,28261.56,8.770314
4795,2016-07-18 19:30:00+00:00,698.7815,26795.234,7.93775
4796,2016-07-18 20:30:00+00:00,580.6694,23873.2,7.407158
4797,2016-07-18 21:30:00+00:00,394.29144,18149.201,6.6811957
4798,2016-07-18 22:30:00+00:00,358.79407,8927.049,6.338985
4799,2016-07-18 23:30:00+00:00,524.7566,5928.4146,6.7380643
4800,2016-07-19 00:30:00+00:00,472.18643,6060.1655,6.9909306
4801,2016-07-19 01:30:00+00:00,744.92175,6028.1094,8.051817
4802,2016-07-19 02:30:00+00:00,728.98065,6024.9727,8.283776
4803,2016-07-19 03:30:00+00:00,1165.4557,6105.066,9.380977
4804,2016-07-19 04:30:00+00:00,2030.2396,6126.8086,12.267236
4805,2016-07-19 05:30:00+00:00,1697.9546,6239.77,11.341052
4806,2016-07-19 06:30:00+00:00,1813.5701,6291.6006,11.06206
4807,2016-07-19 07:30:00+00:00,1198.6678,6242.4004,9.918973
4808,2016-07-19 08:30:00+00:00,1204.1746,6286.2915,9.565717
4809,2016-07-19 09:30:00+00:00,722.94763,6496.154,8.184969
4810,2016-07-19 10:30:00+00:00,278.0154,7713.4985,6.300665
4811,2016-07-19 11:30:00+00:00,242.6049,11189.198,5.6170897
4812,2016-07-19 12:30:00+00:00,56.236725,20217.42,4.837093
4813,2016-07-19 13:30:00+00:00,0,21696.162,2.5279899
4814,2016-07-19 14:30:00+00:00,7.3355937,24516.367,1.7278886
4815,2016-07-19 15:30:00+00:00,0,26516.422,1.8677156
4816,2016-07-19 16:30:00+00:00,25.35237,22176.277,2.921186
4817,2016-07-19 17:30:00+00:00,14.476099,25711.479,3.1037393
4818,2016-07-19 18:30:00+00:00,52.27314,28031.621,3.7128367
4819,2016-07-19 19:30:00+00:00,98.03867,26684.797,4.6757374
4820,2016-07-19 20:30:00+00:00,117.89484,23656.59,5.1657104
4821,2016-07-19 21:30:00+00:00,124.70702,17597.832,5.2965794
4822,2016-07-19 22:30:00+00:00,84.18693,8503.63,4.5950255
4823,2016-07-19 23:30:00+00:00,29.697989,5853.508,3.565594
4824,2016-07-20 00:30:00+00:00,17.290932,6062.8765,3.2596803
4825,2016-07-20 01:30:00+00:00,115.636765,5893.4595,4.673765
4826,2016-07-20 02:30:00+00:00,73.75763,5939.7666,4.9650865
4827,2016-07-20 03:30:00+00:00,2.6855893,6136.6006,3.045562
4828,2016-07-20 04:30:00+00:00,73.186806,6201.3477,3.8573294
4829,2016-07-20 05:30:00+00:00,29.905655,6249.551,3.532469
4830,2016-07-20 06:30:00+00:00,0,6251.0654,2.8530579
4831,2016-07-20 07:30:00+00:00,0,6100.1807,1.9506065
4832,2016-07-20 08:30:00+00:00,2.2279122,6034.838,2.5005636
4833,2016-07-20 09:30:00+00:00,0,6205.8086,2.7588995
4834,2016-07-20 10:30:00+00:00,1.1158154,7238.978,3.0536554
4835,2016-07-20 11:30:00+00:00,1.7297931,10681.379,3.0646718
4836,2016-07-20 12:30:00+00:00,0,19797.34,2.8391645
4837,2016-07-20 13:30:00+00:00,0,21042.2,1.8376082
4838,2016-07-20 14:30:00+00:00,2.1698198,23103.639,1.693898
4839,2016-07-20 15:30:00+00:00,11.256216,25434.1,1.9762228
4840,2016-07-20 16:30:00+00:00,25.76047,21392.738,2.5637722
4841,2016-07-20 17:30:00+00:00,3.900804,24744.027,2.6214952
4842,2016-07-20 18:30:00+00:00,0,27045.979,3.1260545
4843,2016-07-20 19:30:00+00:00,10.0331955,25791.633,3.5877757
4844,2016-07-20 20:30:00+00:00,9.880691,23231.502,3.386782
4845,2016-07-20 21:30:00+00:00,4.0251536,17763.545,3.0449784
4846,2016-07-20 22:30:00+00:00,5.5980897,8839.264,2.2865767
4847,2016-07-20 23:30:00+00:00,0,5946.1587,1.4614313
4848,2016-07-21 00:30:00+00:00,36.628147,5991.006,2.5852547
4849,2016-07-21 01:30:00+00:00,183.83961,5859.26,5.4529777
4850,2016-07-21 02:30:00+00:00,293.2204,5849.2524,6.5126734
4851,2016-07-21 03:30:00+00:00,664.417,5742.8413,7.868756
4852,2016-07-21 04:30:00+00:00,1477.6455,5714.653,10.256491
4853,2016-07-21 05:30:00+00:00,1575.2307,5857.211,10.976613
4854,2016-07-21 06:30:00+00:00,2036.9518,5851.24,12.219086
4855,2016-07-21 07:30:00+00:00,1702.8798,5876.9146,11.357114
4856,2016-07-21 08:30:00+00:00,1967.8455,5879.4756,11.647026
4857,2016-07-21 09:30:00+00:00,1961.4786,5902.939,11.828579
4858,2016-07-21 10:30:00+00:00,1984.4424,7114.198,11.494527
4859,2016-07-21 11:30:00+00:00,2011.1501,10497.853,12.185446
4860,2016-07-21 12:30:00+00:00,1803.9114,19548.57,10.843355
4861,2016-07-21 13:30:00+00:00,909.5695,21633.37,8.306767
4862,2016-07-21 14:30:00+00:00,633.7258,24416.037,7.5910296
4863,2016-07-21 15:30:00+00:00,1032.663,27161.764,9.006545
4864,2016-07-21 16:30:00+00:00,1528.6326,22778.453,10.216885
4865,2016-07-21 17:30:00+00:00,1732.2263,25974.494,10.5977545
4866,2016-07-21 18:30:00+00:00,1303.3004,28193.969,9.934043
4867,2016-07-21 19:30:00+00:00,1634.8179,26958.28,10.08446
4868,2016-07-21 20:30:00+00:00,1697.362,24122.928,10.145153
4869,2016-07-21 21:30:00+00:00,1441.8314,18331.473,9.766824
4870,2016-07-21 22:30:00+00:00,1220.2625,8922.804,9.300427
4871,2016-07-21 23:30:00+00:00,2077.3772,5876.915,11.310254
4872,2016-07-22 00:30:00+00:00,1495.3848,5893.695,11.298577
4873,2016-07-22 01:30:00+00:00,2153.436,5802.919,13.781031
4874,2016-07-22 02:30:00+00:00,2203.9753,5771.205,15.770176
4875,2016-07-22 03:30:00+00:00,1013.1818,5919.7397,9.902758
4876,2016-07-22 04:30:00+00:00,1744.7144,5845.613,11.440796
4877,2016-07-22 05:30:00+00:00,1942.3589,5785.2046,12.317705
4878,2016-07-22 06:30:00+00:00,2079.0635,5696.9717,14.952344
4879,2016-07-22 07:30:00+00:00,1992.9872,5727.7163,14.878021
4880,2016-07-22 08:30:00+00:00,1921.9069,5920.9414,12.0781355
4881,2016-07-22 09:30:00+00:00,1144.0781,6036.2437,9.789933
4882,2016-07-22 10:30:00+00:00,840.21027,7239.0386,8.519552
4883,2016-07-22 11:30:00+00:00,1754.535,11090.303,11.074245
4884,2016-07-22 12:30:00+00:00,933.58264,20750.754,8.762653
4885,2016-07-22 13:30:00+00:00,328.71146,22340.623,6.739087
4886,2016-07-22 14:30:00+00:00,593.30396,24934.68,7.289639
4887,2016-07-22 15:30:00+00:00,801.67206,26937.342,8.5713215
4888,2016-07-22 16:30:00+00:00,689.7507,22815.006,8.425612
4889,2016-07-22 17:30:00+00:00,855.3617,26383.646,8.510408
4890,2016-07-22 18:30:00+00:00,648.67896,28702.523,7.7884917
4891,2016-07-22 19:30:00+00:00,471.66406,26872.9,6.9757304
4892,2016-07-22 20:30:00+00:00,512.9448,23807.408,6.934579
4893,2016-07-22 21:30:00+00:00,469.4617,18086.24,6.691925
4894,2016-07-22 22:30:00+00:00,263.85794,8957.598,5.6647825
4895,2016-07-22 23:30:00+00:00,153.57072,5976.327,4.936764
4896,2016-07-23 00:30:00+00:00,223.36786,5960.392,5.254392
4897,2016-07-23 01:30:00+00:00,418.8115,5907.523,6.49326
4898,2016-07-23 02:30:00+00:00,612.7146,5932.2573,7.582771
4899,2016-07-23 03:30:00+00:00,440.47366,5978.334,7.357411
4900,2016-07-23 04:30:00+00:00,565.57935,6014.681,7.6178017
4901,2016-07-23 05:30:00+00:00,669.86774,5935.0547,7.9806046
4902,2016-07-23 06:30:00+00:00,464.32202,5944.773,7.452566
4903,2016-07-23 07:30:00+00:00,250.49942,5980.7847,6.3081274
4904,2016-07-23 08:30:00+00:00,86.90468,6001.6167,4.9455714
4905,2016-07-23 09:30:00+00:00,210.04591,5907.097,5.6802793
4906,2016-07-23 10:30:00+00:00,259.29172,5811.7363,6.3105507
4907,2016-07-23 11:30:00+00:00,175.09657,5731.53,5.9410806
4908,2016-07-23 12:30:00+00:00,82.31286,5702.808,5.05465
4909,2016-07-23 13:30:00+00:00,131.00066,5835.769,5.091476
4910,2016-07-23 14:30:00+00:00,185.86658,5925.8706,5.458842
4911,2016-07-23 15:30:00+00:00,273.80902,5778.0405,6.0298767
4912,2016-07-23 16:30:00+00:00,202.48141,5824.077,5.384073
4913,2016-07-23 17:30:00+00:00,250.6496,6123.5337,5.5971904
4914,2016-07-23 18:30:00+00:00,228.65617,6169.5073,5.4911513
4915,2016-07-23 19:30:00+00:00,153.9413,5987.663,5.2454534
4916,2016-07-23 20:30:00+00:00,213.32028,5925.645,5.5417666
4917,2016-07-23 21:30:00+00:00,147.29016,5998.109,5.3310413
4918,2016-07-23 22:30:00+00:00,106.363556,6176.066,4.7124624
4919,2016-07-23 23:30:00+00:00,79.4433,6215.893,4.210126
4920,2016-07-24 00:30:00+00:00,72.631485,5996.897,4.097906
4921,2016-07-24 01:30:00+00:00,150.4322,5824.0396,4.9156313
4922,2016-07-24 02:30:00+00:00,82.952576,5857.6187,4.9644985
4923,2016-07-24 03:30:00+00:00,293.43576,5889.5205,6.062842
4924,2016-07-24 04:30:00+00:00,111.47246,5998.038,4.897226
4925,2016-07-24 05:30:00+00:00,135.1891,6203.066,4.9069347
4926,2016-07-24 06:30:00+00:00,305.67365,6154.185,6.1049747
4927,2016-07-24 07:30:00+00:00,523.6088,6202.4995,7.383712
4928,2016-07-24 08:30:00+00:00,992.414,6182.1313,9.206255
4929,2016-07-24 09:30:00+00:00,1118.06,6134.1987,9.60632
4930,2016-07-24 10:30:00+00:00,1866.6877,6206.273,11.950973
4931,2016-07-24 11:30:00+00:00,1844.4977,6098.1987,11.978296
4932,2016-07-24 12:30:00+00:00,1949.7578,6045.6846,11.201414
4933,2016-07-24 13:30:00+00:00,2000.424,6102.125,11.694753
4934,2016-07-24 14:30:00+00:00,1693.7196,6040.774,10.835124
4935,2016-07-24 15:30:00+00:00,823.664,5867.7173,8.210772
4936,2016-07-24 16:30:00+00:00,1319.7173,5957.6772,9.861933
4937,2016-07-24 17:30:00+00:00,1393.1571,6095.466,9.838949
4938,2016-07-24 18:30:00+00:00,1983.6096,6019.687,11.086418
4939,2016-07-24 19:30:00+00:00,1141.7985,5966.3145,9.563561
4940,2016-07-24 20:30:00+00:00,1010.9434,5934.706,8.935173
4941,2016-07-24 21:30:00+00:00,814.94257,5894.9814,8.279331
4942,2016-07-24 22:30:00+00:00,696.8904,5960.628,7.718751
4943,2016-07-24 23:30:00+00:00,1127.0295,5800.8833,8.795934
4944,2016-07-25 00:30:00+00:00,1272.7842,5764.086,9.671126
4945,2016-07-25 01:30:00+00:00,1350.8308,5804.723,10.188179
4946,2016-07-25 02:30:00+00:00,2014.0533,5915.6797,12.34233
4947,2016-07-25 03:30:00+00:00,1896.1918,6055.8896,11.809981
4948,2016-07-25 04:30:00+00:00,1907.2588,6109.8926,11.483699
4949,2016-07-25 05:30:00+00:00,1988.9207,6029.0356,12.843765
4950,2016-07-25 06:30:00+00:00,1029.5024,6051.1895,9.217713
4951,2016-07-25 07:30:00+00:00,308.1163,6064.2065,6.5934286
4952,2016-07-25 08:30:00+00:00,1574.8469,5975.9575,10.897071
4953,2016-07-25 09:30:00+00:00,1643.2491,6221.237,11.277871
4954,2016-07-25 10:30:00+00:00,1136.1321,7309.724,9.931957
4955,2016-07-25 11:30:00+00:00,1654.0719,11014.233,10.533941
4956,2016-07-25 12:30:00+00:00,573.9504,21262.367,7.0250835
4957,2016-07-25 13:30:00+00:00,541.26086,23599.629,7.008986
4958,2016-07-25 14:30:00+00:00,315.98477,25628.227,6.2909584
4959,2016-07-25 15:30:00+00:00,513.0201,28251.324,7.557623
4960,2016-07-25 16:30:00+00:00,488.548,23305.658,7.557396
4961,2016-07-25 17:30:00+00:00,619.25745,27008.643,7.711003
4962,2016-07-25 18:30:00+00:00,876.1449,28993.139,8.088032
4963,2016-07-25 19:30:00+00:00,962.14624,27410.324,8.252675
4964,2016-07-25 20:30:00+00:00,585.7688,24128.64,7.379076
4965,2016-07-25 21:30:00+00:00,467.3472,18171.775,6.80251
4966,2016-07-25 22:30:00+00:00,604.46216,9114.342,6.923295
4967,2016-07-25 23:30:00+00:00,721.5036,6016.3135,7.3519254
4968,2016-07-26 00:30:00+00:00,705.2786,6085.6753,7.782215
4969,2016-07-26 01:30:00+00:00,556.7704,6081.986,7.732584
4970,2016-07-26 02:30:00+00:00,320.50897,6064.46,6.5028753
4971,2016-07-26 03:30:00+00:00,77.84776,6124.6943,4.7471604
4972,2016-07-26 04:30:00+00:00,188.42358,6156.44,5.2165003
4973,2016-07-26 05:30:00+00:00,379.4372,6097.3604,6.6503105
4974,2016-07-26 06:30:00+00:00,916.7275,6138.566,8.756834
4975,2016-07-26 07:30:00+00:00,1284.8577,5966.843,9.879422
4976,2016-07-26 08:30:00+00:00,752.24164,5940.1143,8.684756
4977,2016-07-26 09:30:00+00:00,695.21814,6039.282,8.188996
4978,2016-07-26 10:30:00+00:00,436.6568,7220.0854,7.112272
4979,2016-07-26 11:30:00+00:00,194.93146,10782.526,5.8476954
4980,2016-07-26 12:30:00+00:00,33.4148,19954.314,4.303015
4981,2016-07-26 13:30:00+00:00,22.989954,21544.098,3.6334689
4982,2016-07-26 14:30:00+00:00,184.65106,23975.414,5.490622
4983,2016-07-26 15:30:00+00:00,201.06006,26299.348,5.62933
4984,2016-07-26 16:30:00+00:00,229.18846,21982.77,5.63758
4985,2016-07-26 17:30:00+00:00,216.64322,25264.88,5.452969
4986,2016-07-26 18:30:00+00:00,216.82466,27588.877,5.4508553
4987,2016-07-26 19:30:00+00:00,167.41801,26377.482,5.3428125
4988,2016-07-26 20:30:00+00:00,94.10991,23893.627,4.896303
4989,2016-07-26 21:30:00+00:00,64.14005,18426.982,4.457646
4990,2016-07-26 22:30:00+00:00,51.194595,9394.952,3.9755447
4991,2016-07-26 23:30:00+00:00,42.60326,5995.795,3.5216343
4992,2016-07-27 00:30:00+00:00,26.298483,6027.2754,3.0687556
4993,2016-07-27 01:30:00+00:00,18.946472,5914.531,2.9673696
4994,2016-07-27 02:30:00+00:00,128.50484,5917.709,4.695188
4995,2016-07-27 03:30:00+00:00,99.53805,5966.332,4.8171263
4996,2016-07-27 04:30:00+00:00,218.18163,6019.5728,5.4785123
4997,2016-07-27 05:30:00+00:00,527.7099,5984.1914,7.065094
4998,2016-07-27 06:30:00+00:00,441.902,6114.411,7.2103376
4999,2016-07-27 07:30:00+00:00,674.3729,5952.167,8.030481
5000,2016-07-27 08:30:00+00:00,1321.5677,5954.214,10.084657
5001,2016-07-27 09:30:00+00:00,955.7363,6111.7974,9.35568
5002,2016-07-27 10:30:00+00:00,820.18256,7304.777,8.65451
5003,2016-07-27 11:30:00+00:00,587.27576,10899.217,7.685563
5004,2016-07-27 12:30:00+00:00,135.13818,20424.229,5.18164
5005,2016-07-27 13:30:00+00:00,0,22237.152,2.9644408
5006,2016-07-27 14:30:00+00:00,41.93957,24515.092,2.6199477
5007,2016-07-27 15:30:00+00:00,76.7452,27548.127,4.2550955
5008,2016-07-27 16:30:00+00:00,297.0964,22678.86,5.7397532
5009,2016-07-27 17:30:00+00:00,250.4429,26022.87,5.755166
5010,2016-07-27 18:30:00+00:00,519.3736,28184.152,6.626383
5011,2016-07-27 19:30:00+00:00,431.32767,26682.643,6.5890055
5012,2016-07-27 20:30:00+00:00,209.15828,23695.55,5.7052903
5013,2016-07-27 21:30:00+00:00,132.26813,17901.865,5.279239
5014,2016-07-27 22:30:00+00:00,130.01413,8526.083,4.8294806
5015,2016-07-27 23:30:00+00:00,56.382706,5781.6025,3.5019464
5016,2016-07-28 00:30:00+00:00,36.28729,5832.572,2.9548767
5017,2016-07-28 01:30:00+00:00,11.623422,5775.5825,2.243319
5018,2016-07-28 02:30:00+00:00,18.868553,5817.6357,3.1165373
5019,2016-07-28 03:30:00+00:00,14.409182,5983.758,3.4160135
5020,2016-07-28 04:30:00+00:00,0,6034.5347,2.3577244
5021,2016-07-28 05:30:00+00:00,0,6092.4653,1.3356135
5022,2016-07-28 06:30:00+00:00,58.39876,6058.677,3.0188046
5023,2016-07-28 07:30:00+00:00,66.604996,5879.506,4.0164504
5024,2016-07-28 08:30:00+00:00,0,5854.37,1.3277303
5025,2016-07-28 09:30:00+00:00,118.19309,5965.3955,4.539104
5026,2016-07-28 10:30:00+00:00,604.3123,7214.55,7.8099785
5027,2016-07-28 11:30:00+00:00,491.56326,10522.936,7.506666
5028,2016-07-28 12:30:00+00:00,53.977245,19834.49,4.180356
5029,2016-07-28 13:30:00+00:00,162.22612,21743.39,4.4946632
5030,2016-07-28 14:30:00+00:00,20.021135,24287.652,3.4369023
5031,2016-07-28 15:30:00+00:00,0,26797.791,2.587982
5032,2016-07-28 16:30:00+00:00,2.0011811,22337.355,1.8141488
5033,2016-07-28 17:30:00+00:00,40.349747,25695.705,2.2047007
5034,2016-07-28 18:30:00+00:00,56.68496,28082.559,2.6519458
5035,2016-07-28 19:30:00+00:00,74.31413,26784.955,3.5356817
5036,2016-07-28 20:30:00+00:00,72.603874,24205.762,3.9934459
5037,2016-07-28 21:30:00+00:00,48.161415,18688.965,3.781942
5038,2016-07-28 22:30:00+00:00,78.19896,9445.939,3.981461
5039,2016-07-28 23:30:00+00:00,538.57544,6058.8535,5.8915105
5040,2016-07-29 00:30:00+00:00,1179.8162,6091.3667,8.378571
5041,2016-07-29 01:30:00+00:00,1829.6624,6014.6343,10.811133
5042,2016-07-29 02:30:00+00:00,1098.3082,5973.4507,10.046474
5043,2016-07-29 03:30:00+00:00,999.98474,6066.289,9.454203
5044,2016-07-29 04:30:00+00:00,875.3917,6078.303,8.846773
5045,2016-07-29 05:30:00+00:00,975.67645,5957.9424,9.058437
5046,2016-07-29 06:30:00+00:00,1231.8119,5892.648,9.764783
5047,2016-07-29 07:30:00+00:00,1331.2485,5939.0356,10.181966
5048,2016-07-29 08:30:00+00:00,1540.8997,5978.194,10.617758
5049,2016-07-29 09:30:00+00:00,1306.6414,6076.587,10.135466
5050,2016-07-29 10:30:00+00:00,1377.3778,7221.7153,10.029968
5051,2016-07-29 11:30:00+00:00,1033.3168,10925.333,9.164365
5052,2016-07-29 12:30:00+00:00,617.2162,20575.15,7.8126354
5053,2016-07-29 13:30:00+00:00,209.19395,22458.24,5.6283703
5054,2016-07-29 14:30:00+00:00,198.67307,25248.918,5.232264
5055,2016-07-29 15:30:00+00:00,126.46055,27484.977,4.985204
5056,2016-07-29 16:30:00+00:00,53.55261,22858.742,4.4272385
5057,2016-07-29 17:30:00+00:00,37.245464,26462.322,4.052549
5058,2016-07-29 18:30:00+00:00,57.97656,28713.729,4.225392
5059,2016-07-29 19:30:00+00:00,43.475277,27046.246,4.3642645
5060,2016-07-29 20:30:00+00:00,93.5872,24212.713,4.7414784
5061,2016-07-29 21:30:00+00:00,308.4382,18294.549,5.534507
5062,2016-07-29 22:30:00+00:00,503.71893,8984.651,6.2763176
5063,2016-07-29 23:30:00+00:00,354.7593,5991.2876,6.1018357
5064,2016-07-30 00:30:00+00:00,940.13135,6043.0425,8.011547
5065,2016-07-30 01:30:00+00:00,1418.9083,5956.769,9.987428
5066,2016-07-30 02:30:00+00:00,1656.4172,5940.9126,11.088329
5067,2016-07-30 03:30:00+00:00,1617.1403,5986.4346,11.2049
5068,2016-07-30 04:30:00+00:00,998.23206,6064.1675,9.772821
5069,2016-07-30 05:30:00+00:00,674.3912,6063.765,8.30334
5070,2016-07-30 06:30:00+00:00,969.6327,5999.463,8.807743
5071,2016-07-30 07:30:00+00:00,1138.1655,6038.016,9.547746
5072,2016-07-30 08:30:00+00:00,1238.7307,5987.897,9.96611
5073,2016-07-30 09:30:00+00:00,1296.6227,6123.055,10.081411
5074,2016-07-30 10:30:00+00:00,1578.1685,5987.055,10.502926
5075,2016-07-30 11:30:00+00:00,1948.7311,5923.867,12.126719
5076,2016-07-30 12:30:00+00:00,1429.6655,5834.491,10.241709
5077,2016-07-30 13:30:00+00:00,676.88916,5860.6484,7.7702017
5078,2016-07-30 14:30:00+00:00,419.56342,5946.1587,6.497081
5079,2016-07-30 15:30:00+00:00,342.28967,5766.9414,6.294807
5080,2016-07-30 16:30:00+00:00,281.51535,5761.6367,6.4146614
5081,2016-07-30 17:30:00+00:00,170.35298,6025.9663,5.8126683
5082,2016-07-30 18:30:00+00:00,108.054276,6166.0054,5.2403407
5083,2016-07-30 19:30:00+00:00,56.85946,6187.235,4.7071733
5084,2016-07-30 20:30:00+00:00,46.52359,6056.5293,4.4346266
5085,2016-07-30 21:30:00+00:00,49.057987,5970,4.282819
5086,2016-07-30 22:30:00+00:00,55.494427,6214.6797,4.054206
5087,2016-07-30 23:30:00+00:00,68.21583,6358.0156,4.015846
5088,2016-07-31 00:30:00+00:00,213.3076,6176.43,5.0874987
5089,2016-07-31 01:30:00+00:00,1221.6055,6219.0977,8.999467
5090,2016-07-31 02:30:00+00:00,1725.3297,6212.971,10.882554
5091,2016-07-31 03:30:00+00:00,848.6581,6184.6465,8.881719
5092,2016-07-31 04:30:00+00:00,1121.7295,6202.999,9.623937
5093,2016-07-31 05:30:00+00:00,1384.1077,6256.108,10.154667
5094,2016-07-31 06:30:00+00:00,2014.0901,6293.355,12.235621
5095,2016-07-31 07:30:00+00:00,1907.8042,6331.094,12.441047
5096,2016-07-31 08:30:00+00:00,1980.5947,6325.912,12.679488
5097,2016-07-31 09:30:00+00:00,2006.036,6362.0435,12.451723
5098,2016-07-31 10:30:00+00:00,1765.8494,6205.174,10.839689
5099,2016-07-31 11:30:00+00:00,1786.6393,6357.05,10.691718
5100,2016-07-31 12:30:00+00:00,1148.6194,6388.4893,9.426908
5101,2016-07-31 13:30:00+00:00,666.647,6358.118,7.7928185
5102,2016-07-31 14:30:00+00:00,294.28653,6211.375,6.1417265
5103,2016-07-31 15:30:00+00:00,245.01901,6101.6367,5.906212
5104,2016-07-31 16:30:00+00:00,85.69736,6405.4536,5.1216507
5105,2016-07-31 17:30:00+00:00,73.525604,6359.6133,5.016593
5106,2016-07-31 18:30:00+00:00,99.054756,6000.367,5.0702286
5107,2016-07-31 19:30:00+00:00,38.854687,5848.995,4.1097856
5108,2016-07-31 20:30:00+00:00,12.803199,5968.554,3.6906834
5109,2016-07-31 21:30:00+00:00,14.221136,6160.2607,3.2570395
5110,2016-07-31 22:30:00+00:00,160.00256,6175.207,4.058492
5111,2016-07-31 23:30:00+00:00,87.24387,6092.6743,4.179656
5112,2016-08-01 00:30:00+00:00,27.352127,6086.53,3.3832307
5113,2016-08-01 01:30:00+00:00,775.7843,6172.879,7.7095017
5114,2016-08-01 02:30:00+00:00,660.7414,6174.8916,8.395588
5115,2016-08-01 03:30:00+00:00,748.834,6142.0327,8.473231
5116,2016-08-01 04:30:00+00:00,203.5061,6199.6904,5.5477686
5117,2016-08-01 05:30:00+00:00,438.75592,6384.9126,6.692396
5118,2016-08-01 06:30:00+00:00,256.90802,6583.1,5.9869475
5119,2016-08-01 07:30:00+00:00,99.80683,6807.6836,5.2848587
5120,2016-08-01 08:30:00+00:00,114.3559,6820.8135,5.016865
5121,2016-08-01 09:30:00+00:00,0,7179.083,3.5760913
5122,2016-08-01 10:30:00+00:00,51.127884,8620.8955,4.1295867
5123,2016-08-01 11:30:00+00:00,71.53407,13031.689,4.477744
5124,2016-08-01 12:30:00+00:00,15.880473,24195.97,3.917857
5125,2016-08-01 13:30:00+00:00,30.288738,26004.762,3.7302585
5126,2016-08-01 14:30:00+00:00,16.553066,29962.578,3.448363
5127,2016-08-01 15:30:00+00:00,71.24136,33023.82,4.0350914
5128,2016-08-01 16:30:00+00:00,168.11891,27558.566,4.9909573
5129,2016-08-01 17:30:00+00:00,215.73256,31687.23,5.425231
5130,2016-08-01 18:30:00+00:00,105.61934,34137.363,4.883346
5131,2016-08-01 19:30:00+00:00,40.978943,32028.395,3.9344587
5132,2016-08-01 20:30:00+00:00,17.286037,28736.967,3.4234638
5133,2016-08-01 21:30:00+00:00,10.366498,22103.02,2.9885426
5134,2016-08-01 22:30:00+00:00,10.772183,11218.835,2.75138
5135,2016-08-01 23:30:00+00:00,311.98776,7147.335,4.942888
5136,2016-08-02 00:30:00+00:00,493.77118,7242.081,6.7836018
5137,2016-08-02 01:30:00+00:00,740.62305,7347.556,8.20605
5138,2016-08-02 02:30:00+00:00,389.71475,7227.7817,7.05192
5139,2016-08-02 03:30:00+00:00,452.3898,7337.0425,7.063244
5140,2016-08-02 04:30:00+00:00,224.22609,7409.798,6.0509067
5141,2016-08-02 05:30:00+00:00,308.72534,7450.527,6.4467735
5142,2016-08-02 06:30:00+00:00,98.65606,7510.762,5.0681067
5143,2016-08-02 07:30:00+00:00,0,7441.2017,3.34948
5144,2016-08-02 08:30:00+00:00,13.497143,7350.619,2.4828486
5145,2016-08-02 09:30:00+00:00,0,7654.073,1.9957936
5146,2016-08-02 10:30:00+00:00,0,9072.232,1.404113
5147,2016-08-02 11:30:00+00:00,0,13764.472,0.9883079
5148,2016-08-02 12:30:00+00:00,0,25854.213,1.4962322
5149,2016-08-02 13:30:00+00:00,17.569336,27561.674,2.477869
5150,2016-08-02 14:30:00+00:00,8.994914,29886.693,2.008796
5151,2016-08-02 15:30:00+00:00,18.630323,33313.562,2.102648
5152,2016-08-02 16:30:00+00:00,31.230406,27750.422,2.653392
5153,2016-08-02 17:30:00+00:00,19.804892,32231.184,2.9474173
5154,2016-08-02 18:30:00+00:00,0,35227.68,2.555701
5155,2016-08-02 19:30:00+00:00,3.2857208,33608.707,2.004355
5156,2016-08-02 20:30:00+00:00,1.2147092,30592.31,1.7154912
5157,2016-08-02 21:30:00+00:00,0,23652.688,1.7014172
5158,2016-08-02 22:30:00+00:00,301.03558,11906.707,4.121313
5159,2016-08-02 23:30:00+00:00,159.3874,7368.2534,4.9274845
5160,2016-08-03 00:30:00+00:00,195.28409,7279.043,5.474501
5161,2016-08-03 01:30:00+00:00,263.54398,7438.255,6.0015
5162,2016-08-03 02:30:00+00:00,183.35527,7428.4023,6.0930176
5163,2016-08-03 03:30:00+00:00,150.68033,7523.8267,5.5327344
5164,2016-08-03 04:30:00+00:00,200.19792,7595.316,5.618175
5165,2016-08-03 05:30:00+00:00,332.84692,7590.2417,6.2728724
5166,2016-08-03 06:30:00+00:00,774.9568,7565.397,8.234605
5167,2016-08-03 07:30:00+00:00,1136.7874,7699.899,9.559165
5168,2016-08-03 08:30:00+00:00,896.7374,7567.5376,9.13486
5169,2016-08-03 09:30:00+00:00,834.981,7739.0234,8.718061
5170,2016-08-03 10:30:00+00:00,810.49854,9121.691,8.457681
5171,2016-08-03 11:30:00+00:00,565.53894,13627.687,7.6586814
5172,2016-08-03 12:30:00+00:00,282.37534,25701.814,6.3645844
5173,2016-08-03 13:30:00+00:00,25.994347,27808.77,3.8835897
5174,2016-08-03 14:30:00+00:00,30.433643,30451.072,3.0383518
5175,2016-08-03 15:30:00+00:00,15.864425,33840.76,2.9063747
5176,2016-08-03 16:30:00+00:00,0,28118.81,2.4056997
5177,2016-08-03 17:30:00+00:00,0,32781.16,2.0097926
5178,2016-08-03 18:30:00+00:00,0,35823.992,2.1333475
5179,2016-08-03 19:30:00+00:00,0,34057.363,2.526686
5180,2016-08-03 20:30:00+00:00,3.5836961,30441.812,3.0154998
5181,2016-08-03 21:30:00+00:00,8.426536,23704.545,2.811819
5182,2016-08-03 22:30:00+00:00,5.437008,11798.826,2.4161708
5183,2016-08-03 23:30:00+00:00,1.3253756,7535.366,2.1600466
5184,2016-08-04 00:30:00+00:00,33.253025,7423.975,2.6439512
5185,2016-08-04 01:30:00+00:00,0,7588.146,2.4506707
5186,2016-08-04 02:30:00+00:00,0,7596.015,2.1280828
5187,2016-08-04 03:30:00+00:00,0,7614.153,1.7966902
5188,2016-08-04 04:30:00+00:00,0,7658.892,1.6704967
5189,2016-08-04 05:30:00+00:00,6.2319884,7520.3076,1.7655004
5190,2016-08-04 06:30:00+00:00,39.35255,7442.852,2.5046117
5191,2016-08-04 07:30:00+00:00,42.59841,7593.1396,3.6417167
5192,2016-08-04 08:30:00+00:00,53.065437,7459.952,3.8970766
5193,2016-08-04 09:30:00+00:00,72.90323,7566.8745,4.2337084
5194,2016-08-04 10:30:00+00:00,22.552368,9119.251,3.6454935
5195,2016-08-04 11:30:00+00:00,134.44054,13352.971,4.9856195
5196,2016-08-04 12:30:00+00:00,238.62914,25239.355,5.912404
5197,2016-08-04 13:30:00+00:00,6.2664323,28249.102,3.8383775
5198,2016-08-04 14:30:00+00:00,21.587198,30745.998,3.0780408
5199,2016-08-04 15:30:00+00:00,51.623604,34002.805,3.1023355
5200,2016-08-04 16:30:00+00:00,47.50444,27431.348,3.1735613
5201,2016-08-04 17:30:00+00:00,41.154606,32082.105,3.2435403
5202,2016-08-04 18:30:00+00:00,21.934114,35391.105,3.1999764
5203,2016-08-04 19:30:00+00:00,14.823684,33862.586,3.096313
5204,2016-08-04 20:30:00+00:00,13.305267,30428.951,3.2891507
5205,2016-08-04 21:30:00+00:00,48.92069,23812.773,3.9138038
5206,2016-08-04 22:30:00+00:00,130.24425,12357.612,4.45649
5207,2016-08-04 23:30:00+00:00,82.22816,7608.0654,4.1168714
5208,2016-08-05 00:30:00+00:00,153.7097,7483.1763,4.5298095
5209,2016-08-05 01:30:00+00:00,105.30847,7622.323,4.6517076
5210,2016-08-05 02:30:00+00:00,65.43816,7642.644,4.4938436
5211,2016-08-05 03:30:00+00:00,1032.2368,7651.58,9.073199
5212,2016-08-05 04:30:00+00:00,2275.4097,7525.378,12.914053
5213,2016-08-05 05:30:00+00:00,1871.58,7391.7065,13.633093
5214,2016-08-05 06:30:00+00:00,1959.8329,7495.636,12.431887
5215,2016-08-05 07:30:00+00:00,1986.8896,7420.4014,12.870932
5216,2016-08-05 08:30:00+00:00,1993.7479,7447.5195,12.180599
5217,2016-08-05 09:30:00+00:00,1982.5172,7601.504,11.696108
5218,2016-08-05 10:30:00+00:00,1984.0558,8960.237,11.791035
5219,2016-08-05 11:30:00+00:00,1610.7405,13884.213,10.681097
5220,2016-08-05 12:30:00+00:00,1359.2224,26369.295,9.998329
5221,2016-08-05 13:30:00+00:00,912.6424,28820.832,8.997946
5222,2016-08-05 14:30:00+00:00,1378.1509,31935.828,10.057851
5223,2016-08-05 15:30:00+00:00,622.86145,33833.91,7.8225145
5224,2016-08-05 16:30:00+00:00,833.3262,28040.602,8.4139185
5225,2016-08-05 17:30:00+00:00,1883.1614,32982.336,10.913277
5226,2016-08-05 18:30:00+00:00,1149.148,35548.098,9.315487
5227,2016-08-05 19:30:00+00:00,988.0526,33862.06,8.879336
5228,2016-08-05 20:30:00+00:00,720.8934,30459.596,7.953591
5229,2016-08-05 21:30:00+00:00,646.1732,23499.035,7.4209337
5230,2016-08-05 22:30:00+00:00,952.6436,12307.602,8.049875
5231,2016-08-05 23:30:00+00:00,526.4132,7734.0225,6.9250736
5232,2016-08-06 00:30:00+00:00,533.88574,7395.1543,7.329272
5233,2016-08-06 01:30:00+00:00,730.8549,7565.1475,7.9204364
5234,2016-08-06 02:30:00+00:00,765.90204,7575.274,8.32258
5235,2016-08-06 03:30:00+00:00,690.57007,7574.15,8.260713
5236,2016-08-06 04:30:00+00:00,758.7063,7726.4087,8.384398
5237,2016-08-06 05:30:00+00:00,607.5778,7672.947,7.978839
5238,2016-08-06 06:30:00+00:00,970.5073,7593.9624,8.921151
5239,2016-08-06 07:30:00+00:00,1295.2642,7652.4434,9.916208
5240,2016-08-06 08:30:00+00:00,1378.3557,7769.0044,10.2796755
5241,2016-08-06 09:30:00+00:00,1036.3391,7825.1553,9.5320015
5242,2016-08-06 10:30:00+00:00,1103.6223,7705.2983,9.374992
5243,2016-08-06 11:30:00+00:00,945.29395,7827.1675,8.911624
5244,2016-08-06 12:30:00+00:00,424.0997,7568.087,7.1717105
5245,2016-08-06 13:30:00+00:00,277.77692,7666.5024,6.129397
5246,2016-08-06 14:30:00+00:00,313.10675,7783.454,6.3310404
5247,2016-08-06 15:30:00+00:00,233.9116,7693.316,6.0753107
5248,2016-08-06 16:30:00+00:00,373.30856,7787.2466,6.5692773
5249,2016-08-06 17:30:00+00:00,446.33258,7952.644,6.7564197
5250,2016-08-06 18:30:00+00:00,533.601,7934.2656,7.022295
5251,2016-08-06 19:30:00+00:00,639.22125,7972.526,7.3076997
5252,2016-08-06 20:30:00+00:00,476.41666,7804.408,6.960783
5253,2016-08-06 21:30:00+00:00,282.04132,7889.9863,6.081302
5254,2016-08-06 22:30:00+00:00,180.77577,7775.4526,5.379356
5255,2016-08-06 23:30:00+00:00,257.69736,7790.1543,5.538334
5256,2016-08-07 00:30:00+00:00,210.70668,7691.369,5.474773
5257,2016-08-07 01:30:00+00:00,394.05777,7761.869,6.483999
5258,2016-08-07 02:30:00+00:00,357.8544,7654.8115,6.6966257
5259,2016-08-07 03:30:00+00:00,406.26016,7565.3955,6.9836626
5260,2016-08-07 04:30:00+00:00,388.1554,7451.897,6.958224
5261,2016-08-07 05:30:00+00:00,534.4521,7250.697,7.4521255
5262,2016-08-07 06:30:00+00:00,384.5966,7237.851,7.0731654
5263,2016-08-07 07:30:00+00:00,578.60455,7273.2246,7.7385106
5264,2016-08-07 08:30:00+00:00,1004.4834,7355.5493,9.109128
5265,2016-08-07 09:30:00+00:00,761.96936,7344.483,8.689785
5266,2016-08-07 10:30:00+00:00,504.5425,7537.0986,7.7259893
5267,2016-08-07 11:30:00+00:00,444.4024,7477.0605,7.106645
5268,2016-08-07 12:30:00+00:00,265.59796,7302.5483,6.3668613
5269,2016-08-07 13:30:00+00:00,34.760918,7306.758,4.3851414
5270,2016-08-07 14:30:00+00:00,211.30467,7403.374,5.535231
5271,2016-08-07 15:30:00+00:00,185.16566,7344.5503,5.4971943
5272,2016-08-07 16:30:00+00:00,294.12347,7451.037,6.0699887
5273,2016-08-07 17:30:00+00:00,306.52783,7569.006,6.0599174
5274,2016-08-07 18:30:00+00:00,228.87717,7648.808,5.69595
5275,2016-08-07 19:30:00+00:00,140.96657,7550.5757,5.241649
5276,2016-08-07 20:30:00+00:00,89.581955,7498.952,4.8386965
5277,2016-08-07 21:30:00+00:00,97.9769,7662.063,4.790865
5278,2016-08-07 22:30:00+00:00,108.69175,7683.146,4.707689
5279,2016-08-07 23:30:00+00:00,77.534134,7485.455,4.0698013
5280,2016-08-08 00:30:00+00:00,49.522842,7431.5566,3.895811
5281,2016-08-08 01:30:00+00:00,234.65605,7329.3574,5.3949947
5282,2016-08-08 02:30:00+00:00,162.0263,7439.5083,5.693236
5283,2016-08-08 03:30:00+00:00,70.37828,7394.444,4.836325
5284,2016-08-08 04:30:00+00:00,53.27224,7330.956,4.1246862
5285,2016-08-08 05:30:00+00:00,0.76376647,7259.3467,3.2857966
5286,2016-08-08 06:30:00+00:00,0,7123.5527,2.397479
5287,2016-08-08 07:30:00+00:00,0,7226.3755,2.1882584
5288,2016-08-08 08:30:00+00:00,0,7334.3545,2.2944899
5289,2016-08-08 09:30:00+00:00,0,7237.762,2.287267
5290,2016-08-08 10:30:00+00:00,4.991823,7335.1465,2.916922
5291,2016-08-08 11:30:00+00:00,0,7480.751,2.7017443
5292,2016-08-08 12:30:00+00:00,0,7286.329,1.7019562
5293,2016-08-08 13:30:00+00:00,0.10309219,7165.212,1.3956736
5294,2016-08-08 14:30:00+00:00,2.93165,7150.046,1.2619271
5295,2016-08-08 15:30:00+00:00,27.654497,6920.6924,2.3509848
5296,2016-08-08 16:30:00+00:00,33.053173,7001.614,2.5749478
5297,2016-08-08 17:30:00+00:00,27.08032,7193.7793,2.5441408
5298,2016-08-08 18:30:00+00:00,0,7215.5273,2.257203
5299,2016-08-08 19:30:00+00:00,0.64478886,7172.1714,2.5286484
5300,2016-08-08 20:30:00+00:00,6.022565,7067.9062,2.2671354
5301,2016-08-08 21:30:00+00:00,0,7013.489,2.2960591
5302,2016-08-08 22:30:00+00:00,21.719397,7153.2773,2.4744718
5303,2016-08-08 23:30:00+00:00,297.7236,7136.5347,4.7650642
5304,2016-08-09 00:30:00+00:00,425.61963,7021.174,6.656031
5305,2016-08-09 01:30:00+00:00,571.38477,7169.902,7.8112097
5306,2016-08-09 02:30:00+00:00,685.2175,7119.6094,8.237015
5307,2016-08-09 03:30:00+00:00,718.15796,7118.801,8.414256
5308,2016-08-09 04:30:00+00:00,902.8362,7168.89,8.956602
5309,2016-08-09 05:30:00+00:00,305.72745,7037.509,6.196356
5310,2016-08-09 06:30:00+00:00,538.5545,6869.158,7.380958
5311,2016-08-09 07:30:00+00:00,1092.9432,7103.964,9.312268
5312,2016-08-09 08:30:00+00:00,910.83685,6875.7065,9.173415
5313,2016-08-09 09:30:00+00:00,1806.1793,6827.286,11.310297
5314,2016-08-09 10:30:00+00:00,1861.8287,7127.5327,12.010829
5315,2016-08-09 11:30:00+00:00,2001.5367,6948.4604,12.525358
5316,2016-08-09 12:30:00+00:00,1761.9795,6921.034,10.630105
5317,2016-08-09 13:30:00+00:00,995.9964,6941.448,8.691339
5318,2016-08-09 14:30:00+00:00,527.9583,6934.897,7.127007
5319,2016-08-09 15:30:00+00:00,504.68646,6809.6567,7.1217523
5320,2016-08-09 16:30:00+00:00,406.59918,7133.6714,7.179404
5321,2016-08-09 17:30:00+00:00,214.51814,7221.065,6.419764
5322,2016-08-09 18:30:00+00:00,318.07898,7167.352,6.609852
5323,2016-08-09 19:30:00+00:00,179.41356,7122.268,5.991805
5324,2016-08-09 20:30:00+00:00,116.319305,6965.5635,5.3802176
5325,2016-08-09 21:30:00+00:00,278.6414,7084.8135,5.6891556
5326,2016-08-09 22:30:00+00:00,385.65665,7289.2266,6.113727
5327,2016-08-09 23:30:00+00:00,271.93716,7337.5195,5.854538
5328,2016-08-10 00:30:00+00:00,165.12624,7278.2134,5.4795065
5329,2016-08-10 01:30:00+00:00,247.39482,7211.0405,5.807501
5330,2016-08-10 02:30:00+00:00,53.89967,7407.156,3.9781454
5331,2016-08-10 03:30:00+00:00,100.930466,7285.1973,4.5145154
5332,2016-08-10 04:30:00+00:00,603.36176,7079.6064,7.4404464
5333,2016-08-10 05:30:00+00:00,1060.3955,7122.86,9.05367
5334,2016-08-10 06:30:00+00:00,822.7778,7241.0107,8.856648
5335,2016-08-10 07:30:00+00:00,494.5708,7208.919,7.6675267
5336,2016-08-10 08:30:00+00:00,354.34515,7383.397,6.54259
5337,2016-08-10 09:30:00+00:00,535.5936,7393.4663,7.398822
5338,2016-08-10 10:30:00+00:00,170.32297,7319.6953,5.671291
5339,2016-08-10 11:30:00+00:00,167.20337,7142.6094,5.584623
5340,2016-08-10 12:30:00+00:00,0,7040.1436,3.5903127
5341,2016-08-10 13:30:00+00:00,0,7013.6084,2.5186625
5342,2016-08-10 14:30:00+00:00,38.659317,7068.192,3.381437
5343,2016-08-10 15:30:00+00:00,61.709793,7017.074,3.8554823
5344,2016-08-10 16:30:00+00:00,98.85234,7313.1484,4.1492915
5345,2016-08-10 17:30:00+00:00,145.88205,7525.1675,4.572396
5346,2016-08-10 18:30:00+00:00,222.78598,7611.596,5.1951146
5347,2016-08-10 19:30:00+00:00,134.38673,7606.593,5.126841
5348,2016-08-10 20:30:00+00:00,79.07146,7466.2886,4.802141
5349,2016-08-10 21:30:00+00:00,50.08315,7468.5503,4.345851
5350,2016-08-10 22:30:00+00:00,30.816631,7404.3345,3.5232437
5351,2016-08-10 23:30:00+00:00,12.082358,7504.398,2.6040056
5352,2016-08-11 00:30:00+00:00,36.87431,7288.595,2.5926454
5353,2016-08-11 01:30:00+00:00,5.5784597,7326.818,2.7849288
5354,2016-08-11 02:30:00+00:00,0,7309.6597,1.2147415
5355,2016-08-11 03:30:00+00:00,54.335926,7198.0986,2.391444
5356,2016-08-11 04:30:00+00:00,0.47878063,7172.2935,2.6928837
5357,2016-08-11 05:30:00+00:00,74.97498,7075.628,4.194965
5358,2016-08-11 06:30:00+00:00,0,6927.211,2.8425865
5359,2016-08-11 07:30:00+00:00,71.068756,7058.5913,3.748499
5360,2016-08-11 08:30:00+00:00,238.38957,7168.735,5.6174655
5361,2016-08-11 09:30:00+00:00,252.40442,7148.631,6.074691
5362,2016-08-11 10:30:00+00:00,70.28602,7222.921,4.856724
5363,2016-08-11 11:30:00+00:00,88.32391,7254.3164,4.515048
5364,2016-08-11 12:30:00+00:00,36.81267,7057.155,4.0386624
5365,2016-08-11 13:30:00+00:00,120.103966,7133.899,4.9929338
5366,2016-08-11 14:30:00+00:00,56.14472,7216.0444,4.3458333
5367,2016-08-11 15:30:00+00:00,184.90231,7183.0693,5.2056594
5368,2016-08-11 16:30:00+00:00,225.7892,7302.957,5.484266
5369,2016-08-11 17:30:00+00:00,259.18445,7393.5845,5.694613
5370,2016-08-11 18:30:00+00:00,313.87592,7432.292,6.000394
5371,2016-08-11 19:30:00+00:00,498.89035,7408.016,6.727469
5372,2016-08-11 20:30:00+00:00,909.43774,7358.382,7.9264317
5373,2016-08-11 21:30:00+00:00,1105.0848,7358.9707,8.671643
5374,2016-08-11 22:30:00+00:00,828.77625,7231.751,8.426341
5375,2016-08-11 23:30:00+00:00,1339.8999,7220.7134,9.6592655
5376,2016-08-12 00:30:00+00:00,884.8557,7274.0576,9.330483
5377,2016-08-12 01:30:00+00:00,672.85516,7184.6733,8.575423
5378,2016-08-12 02:30:00+00:00,693.98315,7162.7427,8.313176
5379,2016-08-12 03:30:00+00:00,1267.325,7130.435,9.843068
5380,2016-08-12 04:30:00+00:00,1389.8339,6919.9106,10.378826
5381,2016-08-12 05:30:00+00:00,1702.8373,6895.662,11.039066
5382,2016-08-12 06:30:00+00:00,1926.0109,6951.46,11.637329
5383,2016-08-12 07:30:00+00:00,1907.6537,6900.7393,11.775819
5384,2016-08-12 08:30:00+00:00,1406.3188,6876.283,10.575037
5385,2016-08-12 09:30:00+00:00,1984.1133,7003.499,11.548616
5386,2016-08-12 10:30:00+00:00,1078.3456,6995.1514,9.008355
5387,2016-08-12 11:30:00+00:00,136.64493,6988.4136,5.1043773
5388,2016-08-12 12:30:00+00:00,687.0276,6988.5747,7.74837
5389,2016-08-12 13:30:00+00:00,696.1426,7002.6777,8.423917
5390,2016-08-12 14:30:00+00:00,444.49338,7113.9,7.862582
5391,2016-08-12 15:30:00+00:00,788.33997,7112.6367,8.358711
5392,2016-08-12 16:30:00+00:00,946.21643,7436.967,8.982443
5393,2016-08-12 17:30:00+00:00,922.97864,7599.778,8.74371
5394,2016-08-12 18:30:00+00:00,764.7648,7608.75,8.157693
5395,2016-08-12 19:30:00+00:00,1420.8842,7524.3276,9.468511
5396,2016-08-12 20:30:00+00:00,970.77,7588.6904,8.662731
5397,2016-08-12 21:30:00+00:00,698.5896,7428.7876,7.8358164
5398,2016-08-12 22:30:00+00:00,346.5015,7403.2773,5.935387
5399,2016-08-12 23:30:00+00:00,188.98254,7457.0933,4.994851
5400,2016-08-13 00:30:00+00:00,192.56174,7363.53,4.897671
5401,2016-08-13 01:30:00+00:00,194.98119,7364.6104,5.4060616
5402,2016-08-13 02:30:00+00:00,58.035267,7122.25,3.4618404
5403,2016-08-13 03:30:00+00:00,585.49304,7082.8564,7.380461
5404,2016-08-13 04:30:00+00:00,103.122505,7116.6987,3.9618657
5405,2016-08-13 05:30:00+00:00,384.64526,7005.2754,6.691517
5406,2016-08-13 06:30:00+00:00,403.9549,6937.18,6.8061485
5407,2016-08-13 07:30:00+00:00,280.7232,6985.6973,6.5982857
5408,2016-08-13 08:30:00+00:00,575.7068,6904.9077,7.6578603
5409,2016-08-13 09:30:00+00:00,580.8691,7032.697,7.9081454
5410,2016-08-13 10:30:00+00:00,95.96678,6961.3667,4.7467217
5411,2016-08-13 11:30:00+00:00,603.9311,6962.258,7.8868527
5412,2016-08-13 12:30:00+00:00,662.28156,7045.216,8.195252
5413,2016-08-13 13:30:00+00:00,501.63885,7021.4126,7.693992
5414,2016-08-13 14:30:00+00:00,1469.3875,7103.117,10.635058
5415,2016-08-13 15:30:00+00:00,699.27216,7116.417,8.099678
5416,2016-08-13 16:30:00+00:00,858.90625,7395.3857,8.59002
5417,2016-08-13 17:30:00+00:00,584.6642,7584.499,7.681615
5418,2016-08-13 18:30:00+00:00,1015.0506,7562.429,8.8433895
5419,2016-08-13 19:30:00+00:00,1194.4421,7635.016,9.234713
5420,2016-08-13 20:30:00+00:00,1848.6578,7409.8325,10.659445
5421,2016-08-13 21:30:00+00:00,1942.3868,7265.4707,10.983733
5422,2016-08-13 22:30:00+00:00,1335.843,7318.8955,9.86126
5423,2016-08-13 23:30:00+00:00,881.9984,7400.8193,8.792617
5424,2016-08-14 00:30:00+00:00,1000.547,7342.544,8.978052
5425,2016-08-14 01:30:00+00:00,567.766,7300.256,7.309067
5426,2016-08-14 02:30:00+00:00,832.75366,7159.0674,8.333428
5427,2016-08-14 03:30:00+00:00,389.35962,7195.1133,6.5374484
5428,2016-08-14 04:30:00+00:00,1117.3739,7137.8716,9.268577
5429,2016-08-14 05:30:00+00:00,1183.6699,7089.925,9.737828
5430,2016-08-14 06:30:00+00:00,706.7035,7069.228,8.646544
5431,2016-08-14 07:30:00+00:00,391.56183,7141.9185,7.199688
5432,2016-08-14 08:30:00+00:00,906.2939,7326.9863,8.682508
5433,2016-08-14 09:30:00+00:00,534.34454,7335.4165,7.936085
5434,2016-08-14 10:30:00+00:00,1202.481,7212.073,9.68807
5435,2016-08-14 11:30:00+00:00,546.48615,7004.4224,7.5912437
5436,2016-08-14 12:30:00+00:00,666.01245,7077.051,7.7973323
5437,2016-08-14 13:30:00+00:00,279.99976,7119.2993,6.4522905
5438,2016-08-14 14:30:00+00:00,316.86557,7368.368,6.6301327
5439,2016-08-14 15:30:00+00:00,97.30866,7265.322,5.029721
5440,2016-08-14 16:30:00+00:00,179.37468,7349.9873,5.246201
5441,2016-08-14 17:30:00+00:00,302.90625,7506.0024,5.8158183
5442,2016-08-14 18:30:00+00:00,107.81199,7522.497,4.8068347
5443,2016-08-14 19:30:00+00:00,95.61931,7678.046,4.461386
5444,2016-08-14 20:30:00+00:00,155.66025,7438.4614,4.7808943
5445,2016-08-14 21:30:00+00:00,100.765526,7320.01,4.620778
5446,2016-08-14 22:30:00+00:00,216.78737,7349.274,5.2908034
5447,2016-08-14 23:30:00+00:00,92.974075,7420.4663,4.0319324
5448,2016-08-15 00:30:00+00:00,20.330257,7350.949,2.7928183
5449,2016-08-15 01:30:00+00:00,0,7189.462,1.7065685
5450,2016-08-15 02:30:00+00:00,3.759849,7364.2246,2.383645
5451,2016-08-15 03:30:00+00:00,0,7279.932,1.741166
5452,2016-08-15 04:30:00+00:00,9.689321,7145.8286,2.2383757
5453,2016-08-15 05:30:00+00:00,5.636329,6982.8613,2.4250588
5454,2016-08-15 06:30:00+00:00,1.4213562,6866.619,2.4343648
5455,2016-08-15 07:30:00+00:00,49.746063,6807.661,3.7269597
5456,2016-08-15 08:30:00+00:00,152.06184,6699.432,5.1668296
5457,2016-08-15 09:30:00+00:00,2.5864215,6684.7725,3.9004626
5458,2016-08-15 10:30:00+00:00,35.26739,6777.9604,3.8356593
5459,2016-08-15 11:30:00+00:00,282.51764,6752.9316,6.1051617
5460,2016-08-15 12:30:00+00:00,214.09312,6654.8174,5.9811144
5461,2016-08-15 13:30:00+00:00,0.5030114,6711.2925,4.2016783
5462,2016-08-15 14:30:00+00:00,10.626713,6672.4717,3.251457
5463,2016-08-15 15:30:00+00:00,29.189297,6484.874,3.1947155
5464,2016-08-15 16:30:00+00:00,117.02076,6583.7314,4.601281
5465,2016-08-15 17:30:00+00:00,41.19419,6859.4155,3.8935726
5466,2016-08-15 18:30:00+00:00,13.747617,6914.493,3.50767
5467,2016-08-15 19:30:00+00:00,7.038784,6997.393,3.2727056
5468,2016-08-15 20:30:00+00:00,5.3708186,7044.7627,2.9385862
5469,2016-08-15 21:30:00+00:00,56.82541,6970.658,3.8433392
5470,2016-08-15 22:30:00+00:00,555.8302,6949.734,6.0153537
5471,2016-08-15 23:30:00+00:00,307.66516,6961.982,6.1257877
5472,2016-08-16 00:30:00+00:00,39.47247,7080.095,4.529061
5473,2016-08-16 01:30:00+00:00,319.8656,6906.6055,5.8153863
5474,2016-08-16 02:30:00+00:00,527.9349,6799.6133,7.4509544
5475,2016-08-16 03:30:00+00:00,383.65527,6732.0176,7.344199
5476,2016-08-16 04:30:00+00:00,649.02625,6709.8394,7.9512377
5477,2016-08-16 05:30:00+00:00,900.9851,6816.6475,8.748905
5478,2016-08-16 06:30:00+00:00,750.79504,6822.378,8.605467
5479,2016-08-16 07:30:00+00:00,576.398,6764.318,7.978422
5480,2016-08-16 08:30:00+00:00,1092.5852,6863.4424,9.403829
5481,2016-08-16 09:30:00+00:00,1964.2119,7003.6646,12.697172
5482,2016-08-16 10:30:00+00:00,1766.5931,6996.7446,11.37683
5483,2016-08-16 11:30:00+00:00,1965.0582,6817.32,12.399314
5484,2016-08-16 12:30:00+00:00,1987.6863,6837.682,12.7592125
5485,2016-08-16 13:30:00+00:00,2177.6587,6913.4443,16.393307
5486,2016-08-16 14:30:00+00:00,930.7273,6883.8867,19.142431
5487,2016-08-16 15:30:00+00:00,775.6476,6853.6636,18.80535
5488,2016-08-16 16:30:00+00:00,1893.7925,6889.5356,16.563128
5489,2016-08-16 17:30:00+00:00,1093.0972,7141.76,10.346107
5490,2016-08-16 18:30:00+00:00,411.90588,7061.051,7.9570737
5491,2016-08-16 19:30:00+00:00,644.7136,7071.8594,7.7945843
5492,2016-08-16 20:30:00+00:00,1756.1553,6855.073,13.038935
5493,2016-08-16 21:30:00+00:00,2108.1895,6897.561,15.938831
5494,2016-08-16 22:30:00+00:00,2084.18,6995.079,15.01604
5495,2016-08-16 23:30:00+00:00,2024.0634,7022.182,13.588064
5496,2016-08-17 00:30:00+00:00,1947.487,7005.339,11.742337
5497,2016-08-17 01:30:00+00:00,1477.8888,6944.6074,10.704212
5498,2016-08-17 02:30:00+00:00,1286.5616,6725.134,10.023529
5499,2016-08-17 03:30:00+00:00,1036.0968,6872.832,9.12485
5500,2016-08-17 04:30:00+00:00,706.8538,6791.843,8.004722
5501,2016-08-17 05:30:00+00:00,269.94824,6746.3564,6.1720715
5502,2016-08-17 06:30:00+00:00,16.426926,6788.0557,4.3103924
5503,2016-08-17 07:30:00+00:00,0,6833.7246,2.8416538
5504,2016-08-17 08:30:00+00:00,0,6879.9165,3.0838034
5505,2016-08-17 09:30:00+00:00,11.712942,6798.9214,3.744214
5506,2016-08-17 10:30:00+00:00,0,6603.376,3.458709
5507,2016-08-17 11:30:00+00:00,35.944733,6716.1377,3.8559797
5508,2016-08-17 12:30:00+00:00,80.78217,6662.643,4.4549594
5509,2016-08-17 13:30:00+00:00,66.26472,6730.6636,4.4244356
5510,2016-08-17 14:30:00+00:00,131.00322,6728.6304,5.1178145
5511,2016-08-17 15:30:00+00:00,203.35654,6615.3184,5.5766563
5512,2016-08-17 16:30:00+00:00,269.09335,6693.016,5.8715854
5513,2016-08-17 17:30:00+00:00,436.8553,6891.7876,6.657159
5514,2016-08-17 18:30:00+00:00,357.47,6875.5195,6.478403
5515,2016-08-17 19:30:00+00:00,295.85156,6808.8755,6.296407
5516,2016-08-17 20:30:00+00:00,258.8734,6650.6313,6.0821037
5517,2016-08-17 21:30:00+00:00,333.77222,6715.415,6.2225637
5518,2016-08-17 22:30:00+00:00,237.28253,6664.999,5.623259
5519,2016-08-17 23:30:00+00:00,734.8917,6721.951,7.3628216
5520,2016-08-18 00:30:00+00:00,764.0991,6758.906,8.368504
5521,2016-08-18 01:30:00+00:00,219.68307,6815.2676,5.7606854
5522,2016-08-18 02:30:00+00:00,0,6704.7114,3.0344293
5523,2016-08-18 03:30:00+00:00,414.33423,6668.6724,6.6665263
5524,2016-08-18 04:30:00+00:00,1383.561,6791.1035,9.86215
5525,2016-08-18 05:30:00+00:00,946.85956,6746.0674,9.391401
5526,2016-08-18 06:30:00+00:00,372.22903,6630.9087,6.921096
5527,2016-08-18 07:30:00+00:00,639.72797,6728.8906,7.5695066
5528,2016-08-18 08:30:00+00:00,638.99786,6750.9087,7.946587
5529,2016-08-18 09:30:00+00:00,328.0027,6551.871,7.139497
5530,2016-08-18 10:30:00+00:00,863.608,6397.994,8.752647
5531,2016-08-18 11:30:00+00:00,371.97467,6464.184,7.170913
5532,2016-08-18 12:30:00+00:00,464.29633,6490.0903,7.2107205
5533,2016-08-18 13:30:00+00:00,71.39606,6580.8843,4.6188755
5534,2016-08-18 14:30:00+00:00,90.12384,6682.8467,4.431668
5535,2016-08-18 15:30:00+00:00,90.16113,6559.036,4.4742465
5536,2016-08-18 16:30:00+00:00,0,6703.637,3.169185
5537,2016-08-18 17:30:00+00:00,55.107662,6999.207,3.4246938
5538,2016-08-18 18:30:00+00:00,107.593666,7075.5776,3.9762855
5539,2016-08-18 19:30:00+00:00,180.46346,7007.3657,4.648166
5540,2016-08-18 20:30:00+00:00,116.88626,6929.1235,4.6443896
5541,2016-08-18 21:30:00+00:00,75.08489,7016.052,4.2525496
5542,2016-08-18 22:30:00+00:00,36.20325,7027.414,3.2143397
5543,2016-08-18 23:30:00+00:00,9.644236,6973.3423,2.1494973
5544,2016-08-19 00:30:00+00:00,8.900955,6920.5703,1.732242
5545,2016-08-19 01:30:00+00:00,0,6873.9873,1.6998895
5546,2016-08-19 02:30:00+00:00,0,6867.787,1.5647773
5547,2016-08-19 03:30:00+00:00,7.2407103,6870.2476,2.1187882
5548,2016-08-19 04:30:00+00:00,64.53071,6944.787,3.7933035
5549,2016-08-19 05:30:00+00:00,0,6793.4414,2.2871494
5550,2016-08-19 06:30:00+00:00,0,6605.6997,1.5726248
5551,2016-08-19 07:30:00+00:00,19.416256,6655.7344,1.9859756
5552,2016-08-19 08:30:00+00:00,14.998183,6814.6855,2.5373077
5553,2016-08-19 09:30:00+00:00,65.85086,6803.223,4.033398
5554,2016-08-19 10:30:00+00:00,39.00818,6716.5103,3.7862287
5555,2016-08-19 11:30:00+00:00,0,6781.518,2.6133673
5556,2016-08-19 12:30:00+00:00,42.068897,6751.3477,3.3845754
5557,2016-08-19 13:30:00+00:00,26.299168,6820.4453,3.3463833
5558,2016-08-19 14:30:00+00:00,0,6694.898,2.3302782
5559,2016-08-19 15:30:00+00:00,16.3257,6529.607,2.193906
5560,2016-08-19 16:30:00+00:00,58.321274,6588.1206,2.8129466
5561,2016-08-19 17:30:00+00:00,101.773346,6878.7744,3.6563928
5562,2016-08-19 18:30:00+00:00,208.05779,6907.0757,4.701275
5563,2016-08-19 19:30:00+00:00,163.2221,7029.173,4.7621427
5564,2016-08-19 20:30:00+00:00,133.6889,6980.2603,4.784883
5565,2016-08-19 21:30:00+00:00,178.01408,7039.605,4.9822574
5566,2016-08-19 22:30:00+00:00,114.69742,6969.752,4.618855
5567,2016-08-19 23:30:00+00:00,132.12512,7027.7583,4.4612203
5568,2016-08-20 00:30:00+00:00,217.90634,6991.2515,4.8999615
5569,2016-08-20 01:30:00+00:00,1361.5848,6823.983,9.43066
5570,2016-08-20 02:30:00+00:00,379.44418,6751.021,5.0896716
5571,2016-08-20 03:30:00+00:00,574.9789,6675.7075,8.165623
5572,2016-08-20 04:30:00+00:00,1341.5099,6696.062,9.824293
5573,2016-08-20 05:30:00+00:00,1520.2881,6546.24,10.656499
5574,2016-08-20 06:30:00+00:00,930.0216,6611.4634,9.376158
5575,2016-08-20 07:30:00+00:00,795.6169,6700.346,8.648077
5576,2016-08-20 08:30:00+00:00,630.1476,6943.2256,7.895535
5577,2016-08-20 09:30:00+00:00,417.50598,6971.4966,7.2037044
5578,2016-08-20 10:30:00+00:00,312.29724,6886.522,6.618037
5579,2016-08-20 11:30:00+00:00,138.4882,6782.8877,5.507047
5580,2016-08-20 12:30:00+00:00,82.95619,6665.811,4.745061
5581,2016-08-20 13:30:00+00:00,31.60612,6751.896,4.08027
5582,2016-08-20 14:30:00+00:00,67.76648,6785.2417,4.179028
5583,2016-08-20 15:30:00+00:00,123.18614,6621.9385,4.6142087
5584,2016-08-20 16:30:00+00:00,152.99107,6872.2954,4.6684914
5585,2016-08-20 17:30:00+00:00,312.36572,7030.7397,5.5246954
5586,2016-08-20 18:30:00+00:00,681.968,7088.8145,7.0905113
5587,2016-08-20 19:30:00+00:00,1167.9451,7092.9893,8.6362095
5588,2016-08-20 20:30:00+00:00,1494.7605,6980.598,9.67697
5589,2016-08-20 21:30:00+00:00,1902.5167,6933.127,10.749424
5590,2016-08-20 22:30:00+00:00,1866.0966,7031.598,10.947385
5591,2016-08-20 23:30:00+00:00,2124.3843,6957.1396,12.227378
5592,2016-08-21 00:30:00+00:00,2133.9912,7037.4175,13.088227
5593,2016-08-21 01:30:00+00:00,2115.3184,6773.5186,13.388968
5594,2016-08-21 02:30:00+00:00,2097.512,6733.44,14.229168
5595,2016-08-21 03:30:00+00:00,2093.417,6556.503,14.480816
5596,2016-08-21 04:30:00+00:00,1572.3884,6547.23,11.417178
5597,2016-08-21 05:30:00+00:00,2064.8652,6745.2393,14.263546
5598,2016-08-21 06:30:00+00:00,2053.3901,6727.621,14.062561
5599,2016-08-21 07:30:00+00:00,2030.2413,6848.6553,13.189359
5600,2016-08-21 08:30:00+00:00,2039.6193,6948.931,14.1076975
5601,2016-08-21 09:30:00+00:00,2035.6859,7092.467,13.809651
5602,2016-08-21 10:30:00+00:00,2040.947,7144.3706,13.640508
5603,2016-08-21 11:30:00+00:00,2006.2278,7080.562,12.569525
5604,2016-08-21 12:30:00+00:00,1997.685,7173.05,12.043488
5605,2016-08-21 13:30:00+00:00,2033.3083,7219.8335,12.6191225
5606,2016-08-21 14:30:00+00:00,2034.1085,7169.349,12.155618
5607,2016-08-21 15:30:00+00:00,1923.312,7048.68,11.468411
5608,2016-08-21 16:30:00+00:00,2101.7905,7161.1006,12.503298
5609,2016-08-21 17:30:00+00:00,1855.785,7199.6777,11.295056
5610,2016-08-21 18:30:00+00:00,1889.9197,7093.66,10.830201
5611,2016-08-21 19:30:00+00:00,1307.0082,7000.7207,9.639683
5612,2016-08-21 20:30:00+00:00,1135.5917,6978.5547,8.914942
5613,2016-08-21 21:30:00+00:00,1375.3934,7027.207,9.23461
5614,2016-08-21 22:30:00+00:00,1019.40686,7127.6416,8.596637
5615,2016-08-21 23:30:00+00:00,646.3197,7245.9165,7.598543
5616,2016-08-22 00:30:00+00:00,412.3883,7173.6,6.655167
5617,2016-08-22 01:30:00+00:00,311.6316,7218.38,6.099939
5618,2016-08-22 02:30:00+00:00,168.85968,7162.4766,5.362076
5619,2016-08-22 03:30:00+00:00,193.48183,7126.3423,5.692833
5620,2016-08-22 04:30:00+00:00,54.96454,7071.1753,4.150359
5621,2016-08-22 05:30:00+00:00,70.42402,6763.2314,4.5471487
5622,2016-08-22 06:30:00+00:00,4.557717,6861.4863,3.3818634
5623,2016-08-22 07:30:00+00:00,5.515595,6857.0796,3.3500326
5624,2016-08-22 08:30:00+00:00,39.737293,6721.312,3.7720268
5625,2016-08-22 09:30:00+00:00,5.6370487,6996.187,3.3982117
5626,2016-08-22 10:30:00+00:00,68.33833,8113.618,4.288787
5627,2016-08-22 11:30:00+00:00,227.38353,11906.057,5.7447677
5628,2016-08-22 12:30:00+00:00,509.5547,22681.477,7.175619
5629,2016-08-22 13:30:00+00:00,429.53238,24925.316,7.106001
5630,2016-08-22 14:30:00+00:00,220.56819,27383.668,5.7913566
5631,2016-08-22 15:30:00+00:00,269.12216,29741.121,5.7648606
5632,2016-08-22 16:30:00+00:00,262.59357,24494.135,5.7628613
5633,2016-08-22 17:30:00+00:00,352.10672,28420.416,6.3741636
5634,2016-08-22 18:30:00+00:00,297.3813,31069.316,6.3085485
5635,2016-08-22 19:30:00+00:00,193.39,29472.893,5.8915076
5636,2016-08-22 20:30:00+00:00,127.44997,26247.26,5.2788115
5637,2016-08-22 21:30:00+00:00,99.87154,19700.553,4.9253488
5638,2016-08-22 22:30:00+00:00,89.04785,9944.5,4.620811
5639,2016-08-22 23:30:00+00:00,171.50049,6420.236,5.1745515
5640,2016-08-23 00:30:00+00:00,246.58575,6637.407,5.9117246
5641,2016-08-23 01:30:00+00:00,150.54547,6567.9946,5.5379415
5642,2016-08-23 02:30:00+00:00,265.71136,6592.5356,6.1116066
5643,2016-08-23 03:30:00+00:00,310.92447,6694.735,6.449376
5644,2016-08-23 04:30:00+00:00,365.08002,6695.461,6.8023095
5645,2016-08-23 05:30:00+00:00,683.0304,6609.9756,7.896523
5646,2016-08-23 06:30:00+00:00,904.3937,6753.607,8.719374
5647,2016-08-23 07:30:00+00:00,1116.4352,6675.0254,9.407349
5648,2016-08-23 08:30:00+00:00,1402.1609,6520.525,10.125722
5649,2016-08-23 09:30:00+00:00,1526.3083,6677.9727,10.43957
5650,2016-08-23 10:30:00+00:00,1229.6545,7914.0874,9.799861
5651,2016-08-23 11:30:00+00:00,1229.6652,11686.419,9.558317
5652,2016-08-23 12:30:00+00:00,892.4117,22082.934,8.716256
5653,2016-08-23 13:30:00+00:00,205.08806,24294.451,5.5735536
5654,2016-08-23 14:30:00+00:00,327.50568,27442.117,5.9083686
5655,2016-08-23 15:30:00+00:00,577.0884,29915.576,7.5042777
5656,2016-08-23 16:30:00+00:00,303.7257,24663.684,6.988132
5657,2016-08-23 17:30:00+00:00,431.41937,28586.244,7.075345
5658,2016-08-23 18:30:00+00:00,511.01965,31177.31,7.2391467
5659,2016-08-23 19:30:00+00:00,497.89835,29624.459,7.211086
5660,2016-08-23 20:30:00+00:00,469.02905,26577.242,7.088131
5661,2016-08-23 21:30:00+00:00,456.85345,19892.865,6.901699
5662,2016-08-23 22:30:00+00:00,524.7706,10028.98,6.9643455
5663,2016-08-23 23:30:00+00:00,459.19113,6496.52,7.008757
5664,2016-08-24 00:30:00+00:00,433.20428,6683.4976,7.17963
5665,2016-08-24 01:30:00+00:00,461.88318,6689.016,7.406153
5666,2016-08-24 02:30:00+00:00,406.02512,6606.245,7.324681
5667,2016-08-24 03:30:00+00:00,684.0385,6743.4233,8.161114
5668,2016-08-24 04:30:00+00:00,980.02094,6707.0923,9.025598
5669,2016-08-24 05:30:00+00:00,1601.4995,6601.2183,10.640628
5670,2016-08-24 06:30:00+00:00,990.2603,6607.465,9.493808
5671,2016-08-24 07:30:00+00:00,1382.5436,6450.2695,10.210743
5672,2016-08-24 08:30:00+00:00,1875.8529,6534.6123,11.314203
5673,2016-08-24 09:30:00+00:00,1763.6948,6840.8257,11.143239
5674,2016-08-24 10:30:00+00:00,1857.2311,8053.1123,11.107672
5675,2016-08-24 11:30:00+00:00,1954.8372,12054.584,11.2425585
5676,2016-08-24 12:30:00+00:00,1566.9689,21981.53,10.433647
5677,2016-08-24 13:30:00+00:00,639.2467,24068.686,7.474685
5678,2016-08-24 14:30:00+00:00,389.7162,26621.879,6.2711906
5679,2016-08-24 15:30:00+00:00,867.1298,29701.598,8.487176
5680,2016-08-24 16:30:00+00:00,1240.9878,24032.14,9.614607
5681,2016-08-24 17:30:00+00:00,1061.6841,28021.436,9.335352
5682,2016-08-24 18:30:00+00:00,1337.3721,30616.824,9.581252
5683,2016-08-24 19:30:00+00:00,1560.8556,28908.785,9.939557
5684,2016-08-24 20:30:00+00:00,1215.1243,25924.486,9.356789
5685,2016-08-24 21:30:00+00:00,1162.8628,19446.412,9.136545
5686,2016-08-24 22:30:00+00:00,977.6396,9937.904,8.839757
5687,2016-08-24 23:30:00+00:00,1268.9908,6375.762,9.6528635
5688,2016-08-25 00:30:00+00:00,1869.8568,6432.905,11.530521
5689,2016-08-25 01:30:00+00:00,2173.0898,6456.289,12.70688
5690,2016-08-25 02:30:00+00:00,2077.3926,6383.679,13.090065
5691,2016-08-25 03:30:00+00:00,2009.7806,6345.045,12.167949
5692,2016-08-25 04:30:00+00:00,2116.0999,6231.766,14.447132
5693,2016-08-25 05:30:00+00:00,1638.0575,6150.152,11.3534355
5694,2016-08-25 06:30:00+00:00,1178.4474,6155.8203,9.922627
5695,2016-08-25 07:30:00+00:00,780.22626,6110.5645,8.54718
5696,2016-08-25 08:30:00+00:00,469.33353,6233.469,7.156932
5697,2016-08-25 09:30:00+00:00,388.30853,6385.0093,6.85489
5698,2016-08-25 10:30:00+00:00,205.90303,7588.862,6.2890534
5699,2016-08-25 11:30:00+00:00,220.71016,11649.231,6.2533507
5700,2016-08-25 12:30:00+00:00,130.7562,22662.148,5.6142125
5701,2016-08-25 13:30:00+00:00,0,24678.84,3.825382
5702,2016-08-25 14:30:00+00:00,122.980484,27174.766,4.700457
5703,2016-08-25 15:30:00+00:00,160.89688,30448.498,5.140596
5704,2016-08-25 16:30:00+00:00,124.01293,25326.607,4.8858533
5705,2016-08-25 17:30:00+00:00,45.458225,29389.484,3.8431637
5706,2016-08-25 18:30:00+00:00,129.48563,31761.662,4.1970167
5707,2016-08-25 19:30:00+00:00,139.07018,29698.666,4.350552
5708,2016-08-25 20:30:00+00:00,171.44383,26619.604,4.70988
5709,2016-08-25 21:30:00+00:00,140.87465,20127.822,4.7339
5710,2016-08-25 22:30:00+00:00,102.54167,10008.365,4.4626994
5711,2016-08-25 23:30:00+00:00,65.331665,6408.8335,3.6533494
5712,2016-08-26 00:30:00+00:00,28.95447,6526.995,2.6775703
5713,2016-08-26 01:30:00+00:00,4.8401666,6546.9565,2.1023934
5714,2016-08-26 02:30:00+00:00,0,6541.624,2.1287723
5715,2016-08-26 03:30:00+00:00,4.330532,6609.5024,2.8068855
5716,2016-08-26 04:30:00+00:00,59.945385,6593.972,3.9886177
5717,2016-08-26 05:30:00+00:00,26.58226,6491.501,3.6378934
5718,2016-08-26 06:30:00+00:00,0,6531.0503,2.025794
5719,2016-08-26 07:30:00+00:00,11.931156,6392.781,1.9554287
5720,2016-08-26 08:30:00+00:00,32.870285,6485.2305,3.2323983
5721,2016-08-26 09:30:00+00:00,0,6683.417,1.7159505
5722,2016-08-26 10:30:00+00:00,1.2057639,7932.113,2.33108
5723,2016-08-26 11:30:00+00:00,6.395863,11957.194,2.9026558
5724,2016-08-26 12:30:00+00:00,75.71241,22336.812,4.123586
5725,2016-08-26 13:30:00+00:00,3.1924822,23995.014,3.3362672
5726,2016-08-26 14:30:00+00:00,21.048431,26312.887,3.2801595
5727,2016-08-26 15:30:00+00:00,199.86124,28412.824,5.2897377
5728,2016-08-26 16:30:00+00:00,413.506,23838.775,6.3741107
5729,2016-08-26 17:30:00+00:00,458.36264,27777.336,6.745962
5730,2016-08-26 18:30:00+00:00,325.03802,30583.54,6.2780395
5731,2016-08-26 19:30:00+00:00,232.62039,28774.025,5.8028545
5732,2016-08-26 20:30:00+00:00,135.56769,25722.006,5.2405024
5733,2016-08-26 21:30:00+00:00,75.164505,19563.242,4.3723645
5734,2016-08-26 22:30:00+00:00,46.54513,10084.714,3.8408723
5735,2016-08-26 23:30:00+00:00,29.947083,6576.718,3.1327775
5736,2016-08-27 00:30:00+00:00,13.14231,6580.436,2.566098
5737,2016-08-27 01:30:00+00:00,0.25421754,6590.313,2.002752
5738,2016-08-27 02:30:00+00:00,11.436653,6608.6724,2.801557
5739,2016-08-27 03:30:00+00:00,79.68749,6610.6616,4.40035
5740,2016-08-27 04:30:00+00:00,60.683277,6505.274,4.4397044
5741,2016-08-27 05:30:00+00:00,58.613445,6496.493,4.2287955
5742,2016-08-27 06:30:00+00:00,40.811604,6564.55,3.62435
5743,2016-08-27 07:30:00+00:00,40.919186,6568.538,3.5270705
5744,2016-08-27 08:30:00+00:00,49.613014,6559.6235,3.9285865
5745,2016-08-27 09:30:00+00:00,24.394575,6559.8774,3.7380226
5746,2016-08-27 10:30:00+00:00,73.38936,6650.844,4.489624
5747,2016-08-27 11:30:00+00:00,143.99919,6567.0083,5.180309
5748,2016-08-27 12:30:00+00:00,274.27182,6562.4497,6.0138507
5749,2016-08-27 13:30:00+00:00,391.63327,6476.4077,6.7186527
5750,2016-08-27 14:30:00+00:00,91.88277,6480.7476,4.814143
5751,2016-08-27 15:30:00+00:00,280.741,6337.469,5.885413
5752,2016-08-27 16:30:00+00:00,212.36603,6459.028,5.7059927
5753,2016-08-27 17:30:00+00:00,151.58032,6791.6006,5.389316
5754,2016-08-27 18:30:00+00:00,131.78767,6740.5293,5.2672515
5755,2016-08-27 19:30:00+00:00,49.9154,6749.722,4.251582
5756,2016-08-27 20:30:00+00:00,26.914688,6654.0303,4.1322002
5757,2016-08-27 21:30:00+00:00,79.9635,6615.832,4.351999
5758,2016-08-27 22:30:00+00:00,59.603123,6677.576,3.9559324
5759,2016-08-27 23:30:00+00:00,341.9673,6651.381,5.858631
5760,2016-08-28 00:30:00+00:00,77.88507,6674.187,3.6645257
5761,2016-08-28 01:30:00+00:00,487.7831,6608.8555,7.2416945
5762,2016-08-28 02:30:00+00:00,1313.5583,6599.65,9.704168
5763,2016-08-28 03:30:00+00:00,2138.655,6512.179,11.898537
5764,2016-08-28 04:30:00+00:00,2178.9084,6492.0283,14.923325
5765,2016-08-28 05:30:00+00:00,1474.7463,6643.055,11.225615
5766,2016-08-28 06:30:00+00:00,1931.9359,6615.0786,11.491667
5767,2016-08-28 07:30:00+00:00,2027.1666,6521.9844,11.975341
5768,2016-08-28 08:30:00+00:00,1748.2422,6606.308,11.244324
5769,2016-08-28 09:30:00+00:00,1144.6914,6450.7827,9.728539
5770,2016-08-28 10:30:00+00:00,1226.9299,6469.499,9.52926
5771,2016-08-28 11:30:00+00:00,1047.7509,6564.6294,9.144411
5772,2016-08-28 12:30:00+00:00,662.40857,6616.623,8.229376
5773,2016-08-28 13:30:00+00:00,457.6176,6642.7905,7.47281
5774,2016-08-28 14:30:00+00:00,140.08195,6612.5645,5.6391225
5775,2016-08-28 15:30:00+00:00,189.28674,6529.6475,5.606134
5776,2016-08-28 16:30:00+00:00,222.88422,6530.57,5.8623605
5777,2016-08-28 17:30:00+00:00,322.5956,6786.675,6.206669
5778,2016-08-28 18:30:00+00:00,414.14493,6810.839,6.517834
5779,2016-08-28 19:30:00+00:00,372.36502,6575.956,6.4187922
5780,2016-08-28 20:30:00+00:00,207.30902,6667.0156,5.8313413
5781,2016-08-28 21:30:00+00:00,117.4099,6605.215,5.0304
5782,2016-08-28 22:30:00+00:00,145.59122,6695.5396,5.0970507
5783,2016-08-28 23:30:00+00:00,80.76521,6578.58,4.316223
5784,2016-08-29 00:30:00+00:00,77.87631,6483.0493,4.516274
5785,2016-08-29 01:30:00+00:00,48.62831,6645.14,4.3542566
5786,2016-08-29 02:30:00+00:00,125.294334,6634.489,5.268665
5787,2016-08-29 03:30:00+00:00,348.73157,6801.3667,6.4837103
5788,2016-08-29 04:30:00+00:00,221.04376,6718.277,6.19626
5789,2016-08-29 05:30:00+00:00,183.28453,6759.9844,5.830682
5790,2016-08-29 06:30:00+00:00,197.29709,6835.255,5.6808524
5791,2016-08-29 07:30:00+00:00,137.05643,6737.9604,5.418474
5792,2016-08-29 08:30:00+00:00,0,6790.4053,3.1128843
5793,2016-08-29 09:30:00+00:00,0,7158.5405,1.5645735
5794,2016-08-29 10:30:00+00:00,0,8457.747,1.3481956
5795,2016-08-29 11:30:00+00:00,0,12797.328,1.5064992
5796,2016-08-29 12:30:00+00:00,17.631481,23667.725,2.0757024
5797,2016-08-29 13:30:00+00:00,24.427101,25406.967,2.948609
5798,2016-08-29 14:30:00+00:00,0,28331.963,2.106028
5799,2016-08-29 15:30:00+00:00,0,31217.908,1.5967762
5800,2016-08-29 16:30:00+00:00,0,25371.252,1.2108496
5801,2016-08-29 17:30:00+00:00,3.8728974,29563.703,2.0981276
5802,2016-08-29 18:30:00+00:00,0,32447.229,2.2484758
5803,2016-08-29 19:30:00+00:00,0,30680.594,2.3021538
5804,2016-08-29 20:30:00+00:00,137.4057,27383.059,4.082654
5805,2016-08-29 21:30:00+00:00,99.17909,20641.172,4.737686
5806,2016-08-29 22:30:00+00:00,57.729847,10413.874,4.238864
5807,2016-08-29 23:30:00+00:00,5.3068233,6671.987,3.2618375
5808,2016-08-30 00:30:00+00:00,28.359419,6773.7734,2.8185148
5809,2016-08-30 01:30:00+00:00,0,6927.094,2.2916675
5810,2016-08-30 02:30:00+00:00,0,6839.9907,2.4504008
5811,2016-08-30 03:30:00+00:00,0,6926.7676,2.419765
5812,2016-08-30 04:30:00+00:00,0,7009.217,1.780865
5813,2016-08-30 05:30:00+00:00,59.4942,6749.027,3.7701473
5814,2016-08-30 06:30:00+00:00,162.45131,6793.696,5.130597
5815,2016-08-30 07:30:00+00:00,494.28278,6740.637,7.02187
5816,2016-08-30 08:30:00+00:00,672.86786,6797.5493,7.9776073
5817,2016-08-30 09:30:00+00:00,434.19046,6983.6084,7.3713593
5818,2016-08-30 10:30:00+00:00,612.7678,8194.058,7.7428327
5819,2016-08-30 11:30:00+00:00,720.07837,11989.095,8.190806
5820,2016-08-30 12:30:00+00:00,333.24545,22956.508,6.940705
5821,2016-08-30 13:30:00+00:00,89.18775,24866.682,5.0625224
5822,2016-08-30 14:30:00+00:00,262.86755,27640.703,5.8225155
5823,2016-08-30 15:30:00+00:00,471.05496,30599.451,7.107474
5824,2016-08-30 16:30:00+00:00,523.8903,24905.205,7.4944835
5825,2016-08-30 17:30:00+00:00,504.5116,28861.502,7.357866
5826,2016-08-30 18:30:00+00:00,397.23788,31516.814,6.888715
5827,2016-08-30 19:30:00+00:00,295.41266,30146.7,6.3644843
5828,2016-08-30 20:30:00+00:00,279.57227,27114.53,6.141269
5829,2016-08-30 21:30:00+00:00,182.53963,20844.168,5.604288
5830,2016-08-30 22:30:00+00:00,203.55072,10731.993,5.628327
5831,2016-08-30 23:30:00+00:00,402.99213,6700.3906,6.5393114
5832,2016-08-31 00:30:00+00:00,309.77286,6771.0947,6.546078
5833,2016-08-31 01:30:00+00:00,693.165,6822.8936,7.9958777
5834,2016-08-31 02:30:00+00:00,855.24146,6733.7744,8.73054
5835,2016-08-31 03:30:00+00:00,1409.9548,6794.8726,10.183512
5836,2016-08-31 04:30:00+00:00,977.6433,6895.4136,9.567226
5837,2016-08-31 05:30:00+00:00,536.718,6854.2734,7.6499467
5838,2016-08-31 06:30:00+00:00,192.27878,6960.89,5.7887344
5839,2016-08-31 07:30:00+00:00,423.4466,6752.8604,6.576803
5840,2016-08-31 08:30:00+00:00,532.06946,6831.341,7.7336564
5841,2016-08-31 09:30:00+00:00,131.78255,7022.817,5.3153496
5842,2016-08-31 10:30:00+00:00,73.494896,8165.027,4.5141034
5843,2016-08-31 11:30:00+00:00,12.266763,12283.693,3.3615828
5844,2016-08-31 12:30:00+00:00,67.29583,23261.955,4.471964
5845,2016-08-31 13:30:00+00:00,0,25168.988,3.4431221
5846,2016-08-31 14:30:00+00:00,21.555445,27905.475,3.2661455
5847,2016-08-31 15:30:00+00:00,84.89178,30695.424,3.9565408
5848,2016-08-31 16:30:00+00:00,112.541565,25454.691,4.2695384
5849,2016-08-31 17:30:00+00:00,224.65048,29209.12,5.0928288
5850,2016-08-31 18:30:00+00:00,131.06657,31889.332,4.682398
5851,2016-08-31 19:30:00+00:00,115.32649,30318.154,4.7839017
5852,2016-08-31 20:30:00+00:00,301.07684,27187.379,5.6098614
5853,2016-08-31 21:30:00+00:00,656.67096,20921.516,6.8353558
5854,2016-08-31 22:30:00+00:00,872.7806,10466.791,7.753673
5855,2016-08-31 23:30:00+00:00,678.2919,6694.8447,7.8932195
5856,2016-09-01 00:30:00+00:00,1375.8773,6905.1846,9.811418
5857,2016-09-01 01:30:00+00:00,1231.1493,6838.1733,10.1456785
5858,2016-09-01 02:30:00+00:00,1269.151,6826.832,10.1876135
5859,2016-09-01 03:30:00+00:00,891.3498,6873.5957,9.249462
5860,2016-09-01 04:30:00+00:00,492.98288,6895.138,7.599144
5861,2016-09-01 05:30:00+00:00,336.58917,6773.1953,6.6244946
5862,2016-09-01 06:30:00+00:00,1028.1824,6788.1724,9.08424
5863,2016-09-01 07:30:00+00:00,633.37067,6797.1777,8.334255
5864,2016-09-01 08:30:00+00:00,824.5547,6916.65,8.800258
5865,2016-09-01 09:30:00+00:00,968.71075,7039.1284,9.05387
5866,2016-09-01 10:30:00+00:00,784.305,8419.319,8.659936
5867,2016-09-01 11:30:00+00:00,750.6031,12481.195,8.351075
5868,2016-09-01 12:30:00+00:00,1540.3857,23351.678,10.424385
5869,2016-09-01 13:30:00+00:00,656.8087,25407.727,7.6056104
5870,2016-09-01 14:30:00+00:00,426.9313,28173.764,6.847999
5871,2016-09-01 15:30:00+00:00,224.79388,30825.42,5.3949523
5872,2016-09-01 16:30:00+00:00,374.254,25179.834,6.5377736
5873,2016-09-01 17:30:00+00:00,206.26967,29137.992,5.5953918
5874,2016-09-01 18:30:00+00:00,94.76361,31979.719,4.892091
5875,2016-09-01 19:30:00+00:00,589.96967,30464.717,6.9455986
5876,2016-09-01 20:30:00+00:00,734.3869,27384.639,7.5626736
5877,2016-09-01 21:30:00+00:00,838.50134,21027.818,7.8959155
5878,2016-09-01 22:30:00+00:00,849.8296,10630.862,8.065595
5879,2016-09-01 23:30:00+00:00,809.40094,6755.115,8.1993265
5880,2016-09-02 00:30:00+00:00,954.94696,6949.96,8.797338
5881,2016-09-02 01:30:00+00:00,975.2547,6970.525,9.027924
5882,2016-09-02 02:30:00+00:00,1352.8516,6929.443,9.972491
5883,2016-09-02 03:30:00+00:00,551.2647,6972.06,7.2739325
5884,2016-09-02 04:30:00+00:00,533.977,6965.8877,7.415352
5885,2016-09-02 05:30:00+00:00,1227.0553,6903.4277,9.446023
5886,2016-09-02 06:30:00+00:00,1831.1257,7068.8066,11.115448
5887,2016-09-02 07:30:00+00:00,1418.0642,7097.1694,10.594069
5888,2016-09-02 08:30:00+00:00,995.70734,7162.2812,9.3722725
5889,2016-09-02 09:30:00+00:00,911.1537,7387.7773,8.74183
5890,2016-09-02 10:30:00+00:00,658.4952,8762.163,7.9199343
5891,2016-09-02 11:30:00+00:00,482.94904,13199.981,7.314237
5892,2016-09-02 12:30:00+00:00,290.77756,23677.762,6.5280685
5893,2016-09-02 13:30:00+00:00,26.761267,25325.893,4.2493353
5894,2016-09-02 14:30:00+00:00,23.947668,28196.562,3.3741972
5895,2016-09-02 15:30:00+00:00,115.86293,30177.768,4.832841
5896,2016-09-02 16:30:00+00:00,321.40494,25086.889,6.2196116
5897,2016-09-02 17:30:00+00:00,176.97423,29273.738,5.686064
5898,2016-09-02 18:30:00+00:00,76.57634,31952.418,4.8119683
5899,2016-09-02 19:30:00+00:00,71.00136,30521.47,4.7138286
5900,2016-09-02 20:30:00+00:00,53.0215,27201.385,4.516888
5901,2016-09-02 21:30:00+00:00,69.61122,21134.756,4.575039
5902,2016-09-02 22:30:00+00:00,93.68819,10862.048,4.6097736
5903,2016-09-02 23:30:00+00:00,142.93298,7058.1396,5.0808024
5904,2016-09-03 00:30:00+00:00,496.2157,6994.1104,6.8857293
5905,2016-09-03 01:30:00+00:00,653.3332,6974.807,7.94725
5906,2016-09-03 02:30:00+00:00,345.49347,7063.0986,6.7827945
5907,2016-09-03 03:30:00+00:00,159.21979,7140.8345,5.628467
5908,2016-09-03 04:30:00+00:00,101.189445,7071.102,4.6758485
5909,2016-09-03 05:30:00+00:00,105.05244,7141.5522,4.76028
5910,2016-09-03 06:30:00+00:00,111.88896,7198.6797,4.978254
5911,2016-09-03 07:30:00+00:00,162.49364,7262.6104,5.5069723
5912,2016-09-03 08:30:00+00:00,203.45541,7196.09,5.8814034
5913,2016-09-03 09:30:00+00:00,132.66809,7133.4326,5.4094605
5914,2016-09-03 10:30:00+00:00,162.0314,7157.4863,5.514749
5915,2016-09-03 11:30:00+00:00,178.2985,7185.588,5.562698
5916,2016-09-03 12:30:00+00:00,0,7214.959,3.7071962
5917,2016-09-03 13:30:00+00:00,0,7042.036,2.9221957
5918,2016-09-03 14:30:00+00:00,0,6921.2485,1.4640918
5919,2016-09-03 15:30:00+00:00,0,6684.6455,1.7036812
5920,2016-09-03 16:30:00+00:00,0,6626.0215,2.1784518
5921,2016-09-03 17:30:00+00:00,0,6831.1284,1.6253878
5922,2016-09-03 18:30:00+00:00,0,6841.2173,2.373485
5923,2016-09-03 19:30:00+00:00,0,6814.2827,2.041379
5924,2016-09-03 20:30:00+00:00,0,6789.2236,1.7843596
5925,2016-09-03 21:30:00+00:00,0,6934.418,1.578106
5926,2016-09-03 22:30:00+00:00,4.978328,7041.5386,1.7105082
5927,2016-09-03 23:30:00+00:00,0,6978.9126,1.4448729
5928,2016-09-04 00:30:00+00:00,119.256645,6936.903,3.4573715
5929,2016-09-04 01:30:00+00:00,653.8333,6862.7163,7.6870112
5930,2016-09-04 02:30:00+00:00,278.0445,6814.8916,6.4342904
5931,2016-09-04 03:30:00+00:00,677.85516,6786.3286,7.9466295
5932,2016-09-04 04:30:00+00:00,232.70827,6848.087,5.465258
5933,2016-09-04 05:30:00+00:00,35.159664,6971.0273,4.1548605
5934,2016-09-04 06:30:00+00:00,416.5067,6818.899,6.4642625
5935,2016-09-04 07:30:00+00:00,133.65572,6881.2485,5.433079
5936,2016-09-04 08:30:00+00:00,18.654984,6714.9336,4.491639
5937,2016-09-04 09:30:00+00:00,93.94814,6746.8784,4.61258
5938,2016-09-04 10:30:00+00:00,46.39493,6716.6387,4.331781
5939,2016-09-04 11:30:00+00:00,3.6854002,6993.5684,3.6055253
5940,2016-09-04 12:30:00+00:00,15.81616,6919.7354,3.3907125
5941,2016-09-04 13:30:00+00:00,23.034628,6888.5903,3.7293842
5942,2016-09-04 14:30:00+00:00,0,6850.109,2.5548413
5943,2016-09-04 15:30:00+00:00,0,6758.74,1.8164111
5944,2016-09-04 16:30:00+00:00,0,6911.861,2.0453768
5945,2016-09-04 17:30:00+00:00,13.543394,7037.603,3.0531874
5946,2016-09-04 18:30:00+00:00,0,7041.2656,3.1973546
5947,2016-09-04 19:30:00+00:00,0.24832264,6978.5293,3.1440463
5948,2016-09-04 20:30:00+00:00,0.08066073,6775.404,2.33224
5949,2016-09-04 21:30:00+00:00,17.698997,6863.6045,2.761041
5950,2016-09-04 22:30:00+00:00,22.163126,6835.175,2.8298087
5951,2016-09-04 23:30:00+00:00,127.478035,6790.8677,4.3771195
5952,2016-09-05 00:30:00+00:00,61.11883,6811.6865,4.8594685
5953,2016-09-05 01:30:00+00:00,391.97168,6885.6533,6.785659
5954,2016-09-05 02:30:00+00:00,446.95044,6801.979,7.3740325
5955,2016-09-05 03:30:00+00:00,345.12283,6769.4204,7.006529
5956,2016-09-05 04:30:00+00:00,809.35345,6690.1787,8.311081
5957,2016-09-05 05:30:00+00:00,1609.4054,6531.4443,10.718944
5958,2016-09-05 06:30:00+00:00,992.979,6235.894,9.424002
5959,2016-09-05 07:30:00+00:00,850.09753,6158.3013,8.886853
5960,2016-09-05 08:30:00+00:00,1100.0914,6001.8906,9.292397
5961,2016-09-05 09:30:00+00:00,569.2063,5883.694,7.814804
5962,2016-09-05 10:30:00+00:00,458.32828,5895.754,7.3178406
5963,2016-09-05 11:30:00+00:00,392.08963,5742.4854,6.852939
5964,2016-09-05 12:30:00+00:00,403.9231,5553.563,7.0713882
5965,2016-09-05 13:30:00+00:00,190.09787,5696.005,6.154079
5966,2016-09-05 14:30:00+00:00,3.5712638,5640.4316,3.5543141
5967,2016-09-05 15:30:00+00:00,168.8237,5380.999,5.0402756
5968,2016-09-05 16:30:00+00:00,100.36925,5286.412,4.9948244
5969,2016-09-05 17:30:00+00:00,141.31578,5601.7856,5.322237
5970,2016-09-05 18:30:00+00:00,160.85922,5681.168,5.431866
5971,2016-09-05 19:30:00+00:00,214.09868,5626.6226,5.7577925
5972,2016-09-05 20:30:00+00:00,351.28543,5680.32,6.3605027
5973,2016-09-05 21:30:00+00:00,283.74692,5707.118,6.086601
5974,2016-09-05 22:30:00+00:00,390.67856,5821.4463,6.440861
5975,2016-09-05 23:30:00+00:00,396.6573,5673.615,6.7232685
5976,2016-09-06 00:30:00+00:00,395.96198,5649.5483,7.0621862
5977,2016-09-06 01:30:00+00:00,451.0147,5658.8022,7.3939567
5978,2016-09-06 02:30:00+00:00,863.9782,5863.0854,8.701191
5979,2016-09-06 03:30:00+00:00,1825.3275,5817.11,11.197464
5980,2016-09-06 04:30:00+00:00,1603.241,5908.833,11.243412
5981,2016-09-06 05:30:00+00:00,1831.1432,5843.1987,11.419329
5982,2016-09-06 06:30:00+00:00,1755.1335,5890.833,11.254875
5983,2016-09-06 07:30:00+00:00,1624.6573,5760.7124,10.908164
5984,2016-09-06 08:30:00+00:00,1812.8352,5850.5537,11.221037
5985,2016-09-06 09:30:00+00:00,1876.4048,5953.624,11.365583
5986,2016-09-06 10:30:00+00:00,1577.0343,6906.606,10.718929
5987,2016-09-06 11:30:00+00:00,1205.4181,10230.861,9.662917
5988,2016-09-06 12:30:00+00:00,731.1432,19536.607,8.07009
5989,2016-09-06 13:30:00+00:00,188.60632,21443.043,5.4167576
5990,2016-09-06 14:30:00+00:00,77.40221,23196.643,3.915667
5991,2016-09-06 15:30:00+00:00,18.446331,25995.795,3.3476434
5992,2016-09-06 16:30:00+00:00,0,22124.844,3.0532284
5993,2016-09-06 17:30:00+00:00,11.641818,25069.781,3.2508726
5994,2016-09-06 18:30:00+00:00,89.91646,27063.465,4.1218657
5995,2016-09-06 19:30:00+00:00,291.58282,26008.47,5.464973
5996,2016-09-06 20:30:00+00:00,384.01135,22992.807,6.2379875
5997,2016-09-06 21:30:00+00:00,304.63916,17269.873,6.1900616
5998,2016-09-06 22:30:00+00:00,214.30075,8240.087,5.55672
5999,2016-09-06 23:30:00+00:00,270.19272,5535.5674,5.7533255
6000,2016-09-07 00:30:00+00:00,417.6946,5426.0835,6.732843
6001,2016-09-07 01:30:00+00:00,493.35468,5298.808,7.5130014
6002,2016-09-07 02:30:00+00:00,614.561,5286.6025,8.052721
6003,2016-09-07 03:30:00+00:00,719.7151,5290.632,8.441667
6004,2016-09-07 04:30:00+00:00,544.4233,5373.1807,7.9678
6005,2016-09-07 05:30:00+00:00,1069.8154,5391.727,9.261407
6006,2016-09-07 06:30:00+00:00,1037.5675,5410.086,9.420375
6007,2016-09-07 07:30:00+00:00,825.1969,5307.473,8.971372
6008,2016-09-07 08:30:00+00:00,729.1668,5342.9404,8.577305
6009,2016-09-07 09:30:00+00:00,207.45674,5388.2637,5.833265
6010,2016-09-07 10:30:00+00:00,0,6543.4985,3.1820478
6011,2016-09-07 11:30:00+00:00,270.62778,10024.328,5.9632077
6012,2016-09-07 12:30:00+00:00,23.37725,18915.47,4.7225504
6013,2016-09-07 13:30:00+00:00,9.401499,20368.215,1.0049081
6014,2016-09-07 14:30:00+00:00,96.04291,22402.855,3.60059
6015,2016-09-07 15:30:00+00:00,45.973,24622.129,3.5979207
6016,2016-09-07 16:30:00+00:00,110.14314,20845.48,4.21599
6017,2016-09-07 17:30:00+00:00,254.00784,23933.275,5.222768
6018,2016-09-07 18:30:00+00:00,452.16318,26447.29,6.227797
6019,2016-09-07 19:30:00+00:00,405.9491,24993.443,6.446215
6020,2016-09-07 20:30:00+00:00,404.49948,22310.09,6.5740767
6021,2016-09-07 21:30:00+00:00,406.71454,16963.574,6.472651
6022,2016-09-07 22:30:00+00:00,169.16396,8215.331,4.7980514
6023,2016-09-07 23:30:00+00:00,265.60892,5539.2144,5.523764
6024,2016-09-08 00:30:00+00:00,289.35025,5437.536,5.9690924
6025,2016-09-08 01:30:00+00:00,1315.2607,5249.3506,9.648386
6026,2016-09-08 02:30:00+00:00,344.30612,5234.9937,5.432658
6027,2016-09-08 03:30:00+00:00,161.27103,5314.3545,4.8265767
6028,2016-09-08 04:30:00+00:00,440.5531,5276.3716,6.0541425
6029,2016-09-08 05:30:00+00:00,1365.1915,5247.652,10.017446
6030,2016-09-08 06:30:00+00:00,771.50977,5180.461,8.737505
6031,2016-09-08 07:30:00+00:00,54.330116,5197.578,4.3338675
6032,2016-09-08 08:30:00+00:00,257.30844,5167.369,4.7214837
6033,2016-09-08 09:30:00+00:00,810.4701,5359.8047,8.591938
6034,2016-09-08 10:30:00+00:00,383.84802,6355.3384,7.5234404
6035,2016-09-08 11:30:00+00:00,614.897,9576.678,7.8275676
6036,2016-09-08 12:30:00+00:00,724.4483,17956.482,8.104884
6037,2016-09-08 13:30:00+00:00,1223.7393,20049.814,9.641282
6038,2016-09-08 14:30:00+00:00,2045.18,22233.574,13.73427
6039,2016-09-08 15:30:00+00:00,1457.0111,24779.82,10.837794
6040,2016-09-08 16:30:00+00:00,1085.9413,20059.545,9.23964
6041,2016-09-08 17:30:00+00:00,1673.0845,22913.334,10.90956
6042,2016-09-08 18:30:00+00:00,1260.6721,24922.887,9.752176
6043,2016-09-08 19:30:00+00:00,1444.8604,23943.256,9.960765
6044,2016-09-08 20:30:00+00:00,1353.8401,21470.387,9.640429
6045,2016-09-08 21:30:00+00:00,819.64355,16507.646,8.211819
6046,2016-09-08 22:30:00+00:00,411.63184,8395.488,6.4032187
6047,2016-09-08 23:30:00+00:00,403.75168,5673.385,6.386794
6048,2016-09-09 00:30:00+00:00,434.64334,5424.241,6.6997204
6049,2016-09-09 01:30:00+00:00,323.00806,5271.4595,6.633768
6050,2016-09-09 02:30:00+00:00,187.71167,5290.636,5.8555484
6051,2016-09-09 03:30:00+00:00,77.621635,5274.2285,4.7640615
6052,2016-09-09 04:30:00+00:00,127.76872,5330.58,5.0831046
6053,2016-09-09 05:30:00+00:00,85.06179,5289.8315,4.8943324
6054,2016-09-09 06:30:00+00:00,159.20158,5230.0444,5.500101
6055,2016-09-09 07:30:00+00:00,35.443512,5273.1323,4.2593946
6056,2016-09-09 08:30:00+00:00,80.4192,5408.003,4.4821587
6057,2016-09-09 09:30:00+00:00,98.482346,5510.1753,4.7143664
6058,2016-09-09 10:30:00+00:00,58.633392,6418.838,4.449439
6059,2016-09-09 11:30:00+00:00,0,10088.253,3.3654907
6060,2016-09-09 12:30:00+00:00,0,18570.807,2.0490208
6061,2016-09-09 13:30:00+00:00,0,19939.398,0.95114
6062,2016-09-09 14:30:00+00:00,0,21828.588,1.0359889
6063,2016-09-09 15:30:00+00:00,0,23848.43,1.1825869
6064,2016-09-09 16:30:00+00:00,18.271292,20268.438,1.4990708
6065,2016-09-09 17:30:00+00:00,43.80512,23233.754,2.030234
6066,2016-09-09 18:30:00+00:00,37.46373,25564.041,2.5276787
6067,2016-09-09 19:30:00+00:00,17.180916,24538.32,2.626825
6068,2016-09-09 20:30:00+00:00,46.031796,21900.121,3.3766851
6069,2016-09-09 21:30:00+00:00,92.77091,16835.617,3.9823933
6070,2016-09-09 22:30:00+00:00,47.927433,8323.465,3.2835462
6071,2016-09-09 23:30:00+00:00,43.986847,5537.6675,3.0455744
6072,2016-09-10 00:30:00+00:00,165.48758,5480.286,4.609426
6073,2016-09-10 01:30:00+00:00,119.98086,5384.451,5.1310167
6074,2016-09-10 02:30:00+00:00,223.10037,5346.861,5.777744
6075,2016-09-10 03:30:00+00:00,710.34845,5310.94,7.7463574
6076,2016-09-10 04:30:00+00:00,1264.9916,5257.108,9.573423
6077,2016-09-10 05:30:00+00:00,1614.9252,5183.188,10.735094
6078,2016-09-10 06:30:00+00:00,1885.4822,5181.269,11.513285
6079,2016-09-10 07:30:00+00:00,2036.7339,5303.211,12.476288
6080,2016-09-10 08:30:00+00:00,2051.5654,5420.721,12.660517
6081,2016-09-10 09:30:00+00:00,2064.0613,5319.027,11.940063
6082,2016-09-10 10:30:00+00:00,2127.1404,5406.9937,12.819824
6083,2016-09-10 11:30:00+00:00,2103.4072,5272.6445,12.549348
6084,2016-09-10 12:30:00+00:00,2122.87,5463.412,13.220999
6085,2016-09-10 13:30:00+00:00,2083.9507,5507.85,12.442886
6086,2016-09-10 14:30:00+00:00,1442.4066,5534.7686,10.325774
6087,2016-09-10 15:30:00+00:00,1741.2773,5446.077,11.043121
6088,2016-09-10 16:30:00+00:00,2127.727,5466.597,13.162184
6089,2016-09-10 17:30:00+00:00,2164.1125,5561.5415,13.656003
6090,2016-09-10 18:30:00+00:00,2204.096,5508.318,15.314353
6091,2016-09-10 19:30:00+00:00,2157.6345,5275.3066,14.761747
6092,2016-09-10 20:30:00+00:00,2126.323,5263.191,13.809479
6093,2016-09-10 21:30:00+00:00,2095.5066,5254.1846,12.792249
6094,2016-09-10 22:30:00+00:00,2113.3474,5189.1343,13.403193
6095,2016-09-10 23:30:00+00:00,2156.1338,5271.358,15.205276
6096,2016-09-11 00:30:00+00:00,1241.9425,5449.17,10.66554
6097,2016-09-11 01:30:00+00:00,1910.967,5472.428,13.331626
6098,2016-09-11 02:30:00+00:00,2121.631,5532.449,15.03565
6099,2016-09-11 03:30:00+00:00,2092.0203,5532.607,13.834964
6100,2016-09-11 04:30:00+00:00,2013.5494,5605.738,12.609578
6101,2016-09-11 05:30:00+00:00,2036.6869,5829.6064,13.201407
6102,2016-09-11 06:30:00+00:00,2105.9883,5732.39,15.119326
6103,2016-09-11 07:30:00+00:00,2042.5819,5780.6807,13.613632
6104,2016-09-11 08:30:00+00:00,1992.0822,5787.7715,11.820881
6105,2016-09-11 09:30:00+00:00,1983.9744,5773.654,11.374226
6106,2016-09-11 10:30:00+00:00,1880.6843,5732.0894,11.112498
6107,2016-09-11 11:30:00+00:00,1286.555,5827.3994,9.794696
6108,2016-09-11 12:30:00+00:00,1109.0747,5901.5625,9.051994
6109,2016-09-11 13:30:00+00:00,408.74945,5882.8667,6.5657835
6110,2016-09-11 14:30:00+00:00,285.93796,5793.139,5.9165797
6111,2016-09-11 15:30:00+00:00,267.90234,5550.9033,5.974046
6112,2016-09-11 16:30:00+00:00,148.98306,5574.85,5.671081
6113,2016-09-11 17:30:00+00:00,140.29797,5698.4424,5.3387003
6114,2016-09-11 18:30:00+00:00,257.05896,5557.758,5.732925
6115,2016-09-11 19:30:00+00:00,297.6264,5298.537,6.101215
6116,2016-09-11 20:30:00+00:00,155.41386,5336.9126,5.354448
6117,2016-09-11 21:30:00+00:00,72.56013,5518.047,4.2599063
6118,2016-09-11 22:30:00+00:00,28.966816,5672.0513,3.1924386
6119,2016-09-11 23:30:00+00:00,18.435295,5602.379,2.7783632
6120,2016-09-12 00:30:00+00:00,137.80127,5762.5312,4.683057
6121,2016-09-12 01:30:00+00:00,364.24316,5796.41,6.5617204
6122,2016-09-12 02:30:00+00:00,604.80133,5951.951,7.6539764
6123,2016-09-12 03:30:00+00:00,886.6451,6024.5405,8.5584345
6124,2016-09-12 04:30:00+00:00,1061.7194,6076.772,9.1696615
6125,2016-09-12 05:30:00+00:00,937.2897,6186.072,9.143012
6126,2016-09-12 06:30:00+00:00,1277.163,6391.083,9.840028
6127,2016-09-12 07:30:00+00:00,1682.2065,6562.677,10.85699
6128,2016-09-12 08:30:00+00:00,1348.0118,6520.188,10.3158455
6129,2016-09-12 09:30:00+00:00,1218.2474,6813.0835,9.81945
6130,2016-09-12 10:30:00+00:00,1017.4995,8128.8555,9.103687
6131,2016-09-12 11:30:00+00:00,1078.7396,11665.152,9.133575
6132,2016-09-12 12:30:00+00:00,1133.016,21856.514,9.242983
6133,2016-09-12 13:30:00+00:00,734.48114,23695.783,8.447206
6134,2016-09-12 14:30:00+00:00,243.9641,26089.832,5.8010178
6135,2016-09-12 15:30:00+00:00,331.0293,28684.742,6.1226707
6136,2016-09-12 16:30:00+00:00,238.50124,23367.762,5.9860225
6137,2016-09-12 17:30:00+00:00,159.45715,27047.543,5.770917
6138,2016-09-12 18:30:00+00:00,316.3816,29681.727,6.368106
6139,2016-09-12 19:30:00+00:00,176.49304,28462.27,5.7014155
6140,2016-09-12 20:30:00+00:00,105.047264,25395.387,4.9221
6141,2016-09-12 21:30:00+00:00,463.30206,19323.125,6.320034
6142,2016-09-12 22:30:00+00:00,578.87384,9699.73,7.116458
6143,2016-09-12 23:30:00+00:00,359.4118,6195.074,6.56309
6144,2016-09-13 00:30:00+00:00,1781.7288,6410.4653,10.997503
6145,2016-09-13 01:30:00+00:00,1591.7518,6441.8965,11.437646
6146,2016-09-13 02:30:00+00:00,1620.4062,6389.6733,11.173142
6147,2016-09-13 03:30:00+00:00,1952.5366,6459.524,11.777111
6148,2016-09-13 04:30:00+00:00,2062.915,6481.97,12.428632
6149,2016-09-13 05:30:00+00:00,2043.4313,6440.2295,12.552013
6150,2016-09-13 06:30:00+00:00,2014.8153,6543.2393,11.861739
6151,2016-09-13 07:30:00+00:00,1816.5123,6339.068,11.224158
6152,2016-09-13 08:30:00+00:00,1532.0881,6316.384,10.625247
6153,2016-09-13 09:30:00+00:00,1662.72,6525.8843,10.764704
6154,2016-09-13 10:30:00+00:00,1492.908,7624.4585,10.436876
6155,2016-09-13 11:30:00+00:00,1623.7546,11391.362,10.592643
6156,2016-09-13 12:30:00+00:00,1546.7849,21534.777,10.456359
6157,2016-09-13 13:30:00+00:00,938.0207,22493.824,9.205694
6158,2016-09-13 14:30:00+00:00,462.61615,25429.44,7.4949374
6159,2016-09-13 15:30:00+00:00,667.3482,28428.031,7.8902216
6160,2016-09-13 16:30:00+00:00,971.4449,24152.318,8.846218
6161,2016-09-13 17:30:00+00:00,560.836,27916.793,7.8858194
6162,2016-09-13 18:30:00+00:00,750.6138,30489.057,8.095993
6163,2016-09-13 19:30:00+00:00,659.0622,28555.895,7.6719317
6164,2016-09-13 20:30:00+00:00,863.90314,25770.613,8.039333
6165,2016-09-13 21:30:00+00:00,826.07404,19167.207,8.017341
6166,2016-09-13 22:30:00+00:00,901.0628,9599.364,8.548467
6167,2016-09-13 23:30:00+00:00,1672.8042,6124.6094,10.702822
6168,2016-09-14 00:30:00+00:00,2250.2954,6303.754,12.885263
6169,2016-09-14 01:30:00+00:00,2186.5718,6219.0923,12.934513
6170,2016-09-14 02:30:00+00:00,962.69965,6175.3623,8.74527
6171,2016-09-14 03:30:00+00:00,942.9469,6441.561,9.186493
6172,2016-09-14 04:30:00+00:00,1679.5533,6378.975,10.901659
6173,2016-09-14 05:30:00+00:00,1029.2549,6342.512,9.066248
6174,2016-09-14 06:30:00+00:00,745.1583,6435.854,8.558862
6175,2016-09-14 07:30:00+00:00,805.94525,6265.992,8.462438
6176,2016-09-14 08:30:00+00:00,352.35745,6202.213,6.963619
6177,2016-09-14 09:30:00+00:00,1349.1044,6350.8447,10.218696
6178,2016-09-14 10:30:00+00:00,719.09296,7627.421,8.366126
6179,2016-09-14 11:30:00+00:00,335.36273,11301.261,6.8589683
6180,2016-09-14 12:30:00+00:00,809.7409,22122.186,7.893173
6181,2016-09-14 13:30:00+00:00,1049.6478,23867.81,9.081409
6182,2016-09-14 14:30:00+00:00,583.2825,26594.215,8.079755
6183,2016-09-14 15:30:00+00:00,264.11124,29789.068,6.3761992
6184,2016-09-14 16:30:00+00:00,224.96716,24375.53,5.5667887
6185,2016-09-14 17:30:00+00:00,275.40726,27954.143,5.883071
6186,2016-09-14 18:30:00+00:00,70.51216,30330.459,4.1836567
6187,2016-09-14 19:30:00+00:00,91.87636,28635.484,4.6665893
6188,2016-09-14 20:30:00+00:00,82.06898,25687.395,4.5515924
6189,2016-09-14 21:30:00+00:00,146.48062,19389.57,5.0097027
6190,2016-09-14 22:30:00+00:00,135.77055,9927.737,5.020288
6191,2016-09-14 23:30:00+00:00,295.80002,6465.489,6.002218
6192,2016-09-15 00:30:00+00:00,599.87317,6752.948,7.406883
6193,2016-09-15 01:30:00+00:00,401.71497,6799.721,7.0094514
6194,2016-09-15 02:30:00+00:00,473.14273,6826.0986,7.269571
6195,2016-09-15 03:30:00+00:00,157.27377,6850.578,5.368554
6196,2016-09-15 04:30:00+00:00,77.50903,6917.5483,4.604193
6197,2016-09-15 05:30:00+00:00,177.90327,6744.412,5.160284
6198,2016-09-15 06:30:00+00:00,149.54337,6967.986,5.4656706
6199,2016-09-15 07:30:00+00:00,95.58358,6856.15,5.102078
6200,2016-09-15 08:30:00+00:00,198.49632,6822.9233,5.6670985
6201,2016-09-15 09:30:00+00:00,98.46828,6988.985,5.0819244
6202,2016-09-15 10:30:00+00:00,446.09302,8127.7188,6.92369
6203,2016-09-15 11:30:00+00:00,239.74709,11741.933,6.249759
6204,2016-09-15 12:30:00+00:00,157.26411,22402.932,5.544736
6205,2016-09-15 13:30:00+00:00,168.19713,24114.373,5.3842354
6206,2016-09-15 14:30:00+00:00,0,26476.674,3.1431093
6207,2016-09-15 15:30:00+00:00,31.325281,28814.535,3.4444795
6208,2016-09-15 16:30:00+00:00,27.389158,23590.623,3.6274476
6209,2016-09-15 17:30:00+00:00,0,27032.771,2.6924713
6210,2016-09-15 18:30:00+00:00,0,29905.379,2.6817284
6211,2016-09-15 19:30:00+00:00,0,28771.113,2.1644208
6212,2016-09-15 20:30:00+00:00,0,25930.502,1.8562131
6213,2016-09-15 21:30:00+00:00,0,20127.06,1.2525735
6214,2016-09-15 22:30:00+00:00,21.386951,10024.428,1.8225367
6215,2016-09-15 23:30:00+00:00,32.67421,6487.16,2.601348
6216,2016-09-16 00:30:00+00:00,64.783775,6665.54,4.0486164
6217,2016-09-16 01:30:00+00:00,195.15097,6576.3564,5.789308
6218,2016-09-16 02:30:00+00:00,196.0651,6649.375,5.9086084
6219,2016-09-16 03:30:00+00:00,346.02167,6743.181,6.3735876
6220,2016-09-16 04:30:00+00:00,846.5479,6712.7246,8.334074
6221,2016-09-16 05:30:00+00:00,1559.8954,6617.8286,10.449283
6222,2016-09-16 06:30:00+00:00,1289.1863,6627.1343,10.236998
6223,2016-09-16 07:30:00+00:00,970.5808,6691.6973,9.307592
6224,2016-09-16 08:30:00+00:00,946.32544,6720.637,8.917395
6225,2016-09-16 09:30:00+00:00,1282.4738,6741.9214,9.7573
6226,2016-09-16 10:30:00+00:00,978.7953,7845.201,9.208729
6227,2016-09-16 11:30:00+00:00,610.29083,11666.735,8.010911
6228,2016-09-16 12:30:00+00:00,800.5695,22062.2,8.280737
6229,2016-09-16 13:30:00+00:00,308.6097,23704.59,6.500367
6230,2016-09-16 14:30:00+00:00,26.167475,26993.312,4.171986
6231,2016-09-16 15:30:00+00:00,101.90626,28713.934,3.9765408
6232,2016-09-16 16:30:00+00:00,97.71433,23612.287,4.687553
6233,2016-09-16 17:30:00+00:00,112.19702,27566.682,5.0174203
6234,2016-09-16 18:30:00+00:00,148.31339,30366.31,5.3003473
6235,2016-09-16 19:30:00+00:00,180.0298,28934.668,5.486338
6236,2016-09-16 20:30:00+00:00,188.09694,25926.54,5.605958
6237,2016-09-16 21:30:00+00:00,256.94458,20011.64,5.7539754
6238,2016-09-16 22:30:00+00:00,98.2029,10248.949,3.9894454
6239,2016-09-16 23:30:00+00:00,497.47617,6553.3823,6.5509086
6240,2016-09-17 00:30:00+00:00,555.786,6559.1416,7.4759374
6241,2016-09-17 01:30:00+00:00,1307.1575,6510.848,9.838504
6242,2016-09-17 02:30:00+00:00,1802.7499,6399.7183,11.2151985
6243,2016-09-17 03:30:00+00:00,2254.0156,6355.122,13.8895035
6244,2016-09-17 04:30:00+00:00,2060.231,6383.117,14.083922
6245,2016-09-17 05:30:00+00:00,2070.16,6480.2896,13.714048
6246,2016-09-17 06:30:00+00:00,2094.1714,6327.879,14.328896
6247,2016-09-17 07:30:00+00:00,2092.281,6302.0786,13.423576
6248,2016-09-17 08:30:00+00:00,2073.2803,6404.0317,12.947497
6249,2016-09-17 09:30:00+00:00,2082.0857,6433.4663,13.477544
6250,2016-09-17 10:30:00+00:00,1062.5037,6455.5146,9.141329
6251,2016-09-17 11:30:00+00:00,1977.3423,6414.002,12.9435215
6252,2016-09-17 12:30:00+00:00,1613.7314,6320.7495,11.000073
6253,2016-09-17 13:30:00+00:00,640.6593,6307.166,7.4878397
6254,2016-09-17 14:30:00+00:00,1283.7034,6515.9185,9.9198475
6255,2016-09-17 15:30:00+00:00,743.0565,6441.96,8.446801
6256,2016-09-17 16:30:00+00:00,372.88385,6631.091,7.121365
6257,2016-09-17 17:30:00+00:00,252.72409,6843.755,5.891944
6258,2016-09-17 18:30:00+00:00,471.1549,6746.6084,6.77151
6259,2016-09-17 19:30:00+00:00,364.797,6681.7764,6.5355744
6260,2016-09-17 20:30:00+00:00,209.85425,6444.612,5.7223616
6261,2016-09-17 21:30:00+00:00,699.6912,6358.3604,7.418186
6262,2016-09-17 22:30:00+00:00,662.39545,6426.8687,7.6493077
6263,2016-09-17 23:30:00+00:00,686.39954,6479.7676,7.9737706
6264,2016-09-18 00:30:00+00:00,1216.786,6384.6123,9.544204
6265,2016-09-18 01:30:00+00:00,1277.2064,6421.2285,9.941279
6266,2016-09-18 02:30:00+00:00,1280.1133,6466.766,9.98418
6267,2016-09-18 03:30:00+00:00,1278.0681,6393.5176,9.939924
6268,2016-09-18 04:30:00+00:00,1572.8187,6415.0903,10.542465
6269,2016-09-18 05:30:00+00:00,1611.6886,6452.544,10.7205105
6270,2016-09-18 06:30:00+00:00,1048.749,6402.4023,9.58852
6271,2016-09-18 07:30:00+00:00,855.2649,6544.885,8.760773
6272,2016-09-18 08:30:00+00:00,774.7446,6494.3623,8.352556
6273,2016-09-18 09:30:00+00:00,652.19604,6539.272,8.153317
6274,2016-09-18 10:30:00+00:00,228.43755,6586.7603,6.1175222
6275,2016-09-18 11:30:00+00:00,197.45944,6581.6265,5.5583916
6276,2016-09-18 12:30:00+00:00,215.30522,6683.582,5.693773
6277,2016-09-18 13:30:00+00:00,78.75388,6755.482,5.0477586
6278,2016-09-18 14:30:00+00:00,81.786705,6776.6733,4.749341
6279,2016-09-18 15:30:00+00:00,119.41899,6516.203,4.762958
6280,2016-09-18 16:30:00+00:00,275.83716,6565.5186,5.690726
6281,2016-09-18 17:30:00+00:00,383.02505,6655.485,6.227467
6282,2016-09-18 18:30:00+00:00,404.15265,6615.6924,6.332843
6283,2016-09-18 19:30:00+00:00,388.58875,6588.3467,6.3023562
6284,2016-09-18 20:30:00+00:00,350.39905,6479.1045,6.2241917
6285,2016-09-18 21:30:00+00:00,191.10025,6462.2285,5.116776
6286,2016-09-18 22:30:00+00:00,204.01144,6585.972,5.1929502
6287,2016-09-18 23:30:00+00:00,112.61422,6586.656,3.9998527
6288,2016-09-19 00:30:00+00:00,40.56791,6434.114,3.1502082
6289,2016-09-19 01:30:00+00:00,5.2446866,6628.754,2.5198553
6290,2016-09-19 02:30:00+00:00,0,6630.3384,2.1375952
6291,2016-09-19 03:30:00+00:00,0,6682.5464,2.37797
6292,2016-09-19 04:30:00+00:00,24.615557,6744.16,2.9675555
6293,2016-09-19 05:30:00+00:00,16.529186,6395.0293,2.7782557
6294,2016-09-19 06:30:00+00:00,15.074629,6249.7837,2.5671015
6295,2016-09-19 07:30:00+00:00,55.929005,6228.533,3.6073709
6296,2016-09-19 08:30:00+00:00,92.30633,6118.021,4.313389
6297,2016-09-19 09:30:00+00:00,46.271755,6216.2056,3.8970788
6298,2016-09-19 10:30:00+00:00,62.81872,7215.69,3.9789665
6299,2016-09-19 11:30:00+00:00,55.53881,10631.336,3.9019368
6300,2016-09-19 12:30:00+00:00,41.761402,20147.623,3.7490854
6301,2016-09-19 13:30:00+00:00,33.36316,22498.395,3.555085
6302,2016-09-19 14:30:00+00:00,0,24071.736,2.7397072
6303,2016-09-19 15:30:00+00:00,71.83208,26498.443,3.892505
6304,2016-09-19 16:30:00+00:00,179.50395,21755.242,5.029923
6305,2016-09-19 17:30:00+00:00,181.24573,24787.379,5.0580244
6306,2016-09-19 18:30:00+00:00,264.47177,27232.059,5.60606
6307,2016-09-19 19:30:00+00:00,226.83252,26018.656,5.54069
6308,2016-09-19 20:30:00+00:00,353.4703,23021.846,6.1787395
6309,2016-09-19 21:30:00+00:00,619.124,17459.36,7.092785
6310,2016-09-19 22:30:00+00:00,994.51575,8509.259,8.327
6311,2016-09-19 23:30:00+00:00,1367.6915,5743.8584,9.757521
6312,2016-09-20 00:30:00+00:00,1870.6343,5769.637,11.443485
6313,2016-09-20 01:30:00+00:00,1644.8242,5687.0967,11.474018
6314,2016-09-20 02:30:00+00:00,1387.2651,5685.332,10.770146
6315,2016-09-20 03:30:00+00:00,1857.4998,5700.9844,11.539839
6316,2016-09-20 04:30:00+00:00,2084.2085,5736.5986,12.731612
6317,2016-09-20 05:30:00+00:00,1825.4604,5724.786,11.479066
6318,2016-09-20 06:30:00+00:00,2003.9725,5673.7017,11.661721
6319,2016-09-20 07:30:00+00:00,1530.755,5549.2554,10.820352
6320,2016-09-20 08:30:00+00:00,643.7355,5592.8765,7.542658
6321,2016-09-20 09:30:00+00:00,143.77734,5682.265,5.107462
6322,2016-09-20 10:30:00+00:00,233.59058,6815.2573,5.0110874
6323,2016-09-20 11:30:00+00:00,93.943825,10323.415,5.617022
6324,2016-09-20 12:30:00+00:00,0,19159.447,3.939467
6325,2016-09-20 13:30:00+00:00,11.54456,21079.855,3.1871371
6326,2016-09-20 14:30:00+00:00,0,23132.506,2.8923633
6327,2016-09-20 15:30:00+00:00,7.7609262,24971.627,2.9650877
6328,2016-09-20 16:30:00+00:00,32.286545,20951.096,3.2558434
6329,2016-09-20 17:30:00+00:00,103.98008,24269.992,4.291654
6330,2016-09-20 18:30:00+00:00,162.43929,26544.736,5.0662584
6331,2016-09-20 19:30:00+00:00,174.42152,25628.285,5.4054193
6332,2016-09-20 20:30:00+00:00,112.14595,23361.258,4.9131737
6333,2016-09-20 21:30:00+00:00,78.711784,18043.465,4.2877116
6334,2016-09-20 22:30:00+00:00,42.98703,8712.79,3.3374364
6335,2016-09-20 23:30:00+00:00,44.037502,5777.794,3.0150976
6336,2016-09-21 00:30:00+00:00,23.008923,5960.6055,3.5987017
6337,2016-09-21 01:30:00+00:00,4.034193,5923.352,3.7277577
6338,2016-09-21 02:30:00+00:00,62.61245,5870.8906,4.4057775
6339,2016-09-21 03:30:00+00:00,117.461525,5862.3887,5.0617366
6340,2016-09-21 04:30:00+00:00,139.35641,5890.0684,5.1497087
6341,2016-09-21 05:30:00+00:00,159.57181,5912.601,5.0434027
6342,2016-09-21 06:30:00+00:00,198.29051,5994.8193,5.163137
6343,2016-09-21 07:30:00+00:00,213.96138,5856.994,5.2761707
6344,2016-09-21 08:30:00+00:00,123.171486,5745.1753,4.610403
6345,2016-09-21 09:30:00+00:00,96.53544,5780.389,4.1877866
6346,2016-09-21 10:30:00+00:00,84.229614,7003.3203,3.9889553
6347,2016-09-21 11:30:00+00:00,179.27258,10192.662,5.1344686
6348,2016-09-21 12:30:00+00:00,188.44785,18649.02,5.2986803
6349,2016-09-21 13:30:00+00:00,569.3292,20149.904,7.3092375
6350,2016-09-21 14:30:00+00:00,252.95697,22203.28,6.178233
6351,2016-09-21 15:30:00+00:00,79.06563,24558.953,4.5486417
6352,2016-09-21 16:30:00+00:00,172.19409,20319.836,5.214498
6353,2016-09-21 17:30:00+00:00,119.13364,23395.043,5.2582407
6354,2016-09-21 18:30:00+00:00,67.256226,25310.045,5.0208845
6355,2016-09-21 19:30:00+00:00,52.85958,24790.479,4.5618496
6356,2016-09-21 20:30:00+00:00,39.529842,22302.727,4.0152535
6357,2016-09-21 21:30:00+00:00,203.36424,17055.182,4.9816074
6358,2016-09-21 22:30:00+00:00,129.36491,8407.081,5.0873747
6359,2016-09-21 23:30:00+00:00,246.14229,5659.7944,6.046061
6360,2016-09-22 00:30:00+00:00,367.61346,5671.5635,6.93458
6361,2016-09-22 01:30:00+00:00,217.49284,5614.611,6.3922877
6362,2016-09-22 02:30:00+00:00,1067.9607,5550.4624,9.418773
6363,2016-09-22 03:30:00+00:00,1231.971,5543.5557,10.012765
6364,2016-09-22 04:30:00+00:00,881.0918,5436.838,9.358142
6365,2016-09-22 05:30:00+00:00,1347.1606,5512.841,10.157197
6366,2016-09-22 06:30:00+00:00,1069.0511,5617.408,9.598381
6367,2016-09-22 07:30:00+00:00,920.73096,5556.3887,9.096806
6368,2016-09-22 08:30:00+00:00,1326.0903,5621.5312,9.996478
6369,2016-09-22 09:30:00+00:00,853.8269,5735.434,8.8219795
6370,2016-09-22 10:30:00+00:00,632.68024,7054.1177,7.841095
6371,2016-09-22 11:30:00+00:00,789.50964,10471.821,8.137765
6372,2016-09-22 12:30:00+00:00,1049.6106,18782.967,9.076026
6373,2016-09-22 13:30:00+00:00,490.11044,19820.295,7.1745157
6374,2016-09-22 14:30:00+00:00,384.6528,22320.104,6.862729
6375,2016-09-22 15:30:00+00:00,117.29801,24311.291,4.716322
6376,2016-09-22 16:30:00+00:00,269.69238,20420.61,6.069603
6377,2016-09-22 17:30:00+00:00,375.6062,23402.164,6.649785
6378,2016-09-22 18:30:00+00:00,694.17786,25662.586,7.832505
6379,2016-09-22 19:30:00+00:00,598.6101,24864.125,7.631193
6380,2016-09-22 20:30:00+00:00,991.25653,22585.209,8.4617405
6381,2016-09-22 21:30:00+00:00,921.4999,17528.52,8.486443
6382,2016-09-22 22:30:00+00:00,1158.7262,8719.763,9.283595
6383,2016-09-22 23:30:00+00:00,1650.9177,5741.881,10.78483
6384,2016-09-23 00:30:00+00:00,1132.451,5656.1235,10.074969
6385,2016-09-23 01:30:00+00:00,556.6836,5541.4385,7.611215
6386,2016-09-23 02:30:00+00:00,366.33536,5502.4087,6.616
6387,2016-09-23 03:30:00+00:00,405.809,5533.497,6.751137
6388,2016-09-23 04:30:00+00:00,506.9593,5479.2407,7.579066
6389,2016-09-23 05:30:00+00:00,275.1475,5411.636,6.818233
6390,2016-09-23 06:30:00+00:00,120.310356,5360.4165,5.800969
6391,2016-09-23 07:30:00+00:00,170.55566,5459.3647,5.6138806
6392,2016-09-23 08:30:00+00:00,290.1444,5542.6914,6.4510837
6393,2016-09-23 09:30:00+00:00,57.31972,5693.8584,4.564998
6394,2016-09-23 10:30:00+00:00,618.0002,6942.879,7.7689605
6395,2016-09-23 11:30:00+00:00,370.66696,10564.327,7.0164104
6396,2016-09-23 12:30:00+00:00,1665.8945,19562.576,10.993819
6397,2016-09-23 13:30:00+00:00,1116.4905,20880.695,9.442094
6398,2016-09-23 14:30:00+00:00,900.7672,23127.496,8.488793
6399,2016-09-23 15:30:00+00:00,606.6097,24997.871,7.518699
6400,2016-09-23 16:30:00+00:00,871.94763,20954.201,8.480104
6401,2016-09-23 17:30:00+00:00,461.78497,24367.045,7.366481
6402,2016-09-23 18:30:00+00:00,163.90717,26693.576,5.1049
6403,2016-09-23 19:30:00+00:00,123.52373,25727.523,4.7172437
6404,2016-09-23 20:30:00+00:00,96.44773,23444.742,4.5003757
6405,2016-09-23 21:30:00+00:00,86.493034,18054.562,4.5557113
6406,2016-09-23 22:30:00+00:00,377.11304,9274.789,6.099983
6407,2016-09-23 23:30:00+00:00,1036.5839,5950.4585,8.330808
6408,2016-09-24 00:30:00+00:00,1626.9849,5970.2925,10.345646
6409,2016-09-24 01:30:00+00:00,1640.9541,5860.4424,10.981736
6410,2016-09-24 02:30:00+00:00,1182.4415,5848.8564,10.170409
6411,2016-09-24 03:30:00+00:00,1426.342,5878.1855,10.349565
6412,2016-09-24 04:30:00+00:00,1645.9836,5962.4976,10.757106
6413,2016-09-24 05:30:00+00:00,996.0373,5876.244,9.130095
6414,2016-09-24 06:30:00+00:00,1292.5044,5901.457,9.806605
6415,2016-09-24 07:30:00+00:00,1741.5763,5901.472,10.864883
6416,2016-09-24 08:30:00+00:00,1627.4513,5912.2666,10.851668
6417,2016-09-24 09:30:00+00:00,1325.1902,6075.219,10.157857
6418,2016-09-24 10:30:00+00:00,1219.8103,6112.9604,9.616293
6419,2016-09-24 11:30:00+00:00,1311.9225,6020.891,9.624876
6420,2016-09-24 12:30:00+00:00,1092.6066,5853.532,9.14412
6421,2016-09-24 13:30:00+00:00,575.79486,5903.8477,7.676282
6422,2016-09-24 14:30:00+00:00,137.73232,5945.7197,5.029022
6423,2016-09-24 15:30:00+00:00,122.26469,5777.513,4.4032164
6424,2016-09-24 16:30:00+00:00,46.023552,5738.097,4.177526
6425,2016-09-24 17:30:00+00:00,9.5784235,5934.3677,3.8393855
6426,2016-09-24 18:30:00+00:00,50.4474,5847.5034,4.103974
6427,2016-09-24 19:30:00+00:00,21.937191,5847.628,2.9139237
6428,2016-09-24 20:30:00+00:00,5.455507,5851.7676,2.8438122
6429,2016-09-24 21:30:00+00:00,118.1398,5859.4214,4.0315676
6430,2016-09-24 22:30:00+00:00,79.32922,5837.332,4.309322
6431,2016-09-24 23:30:00+00:00,326.39154,5809.3594,6.063685
6432,2016-09-25 00:30:00+00:00,1209.3651,5868.919,9.288338
6433,2016-09-25 01:30:00+00:00,916.8607,5917.541,9.223855
6434,2016-09-25 02:30:00+00:00,502.23767,5965.945,7.7616615
6435,2016-09-25 03:30:00+00:00,462.8847,6010.1494,6.89333
6436,2016-09-25 04:30:00+00:00,326.99954,6131.4336,6.237643
6437,2016-09-25 05:30:00+00:00,181.7716,6363.1646,5.4946856
6438,2016-09-25 06:30:00+00:00,80.794655,6270.1123,4.577111
6439,2016-09-25 07:30:00+00:00,129.83249,6330.8267,4.9975905
6440,2016-09-25 08:30:00+00:00,207.5346,6318.9644,5.7942557
6441,2016-09-25 09:30:00+00:00,471.50723,6315.5747,7.260218
6442,2016-09-25 10:30:00+00:00,598.5087,6202.7217,7.780679
6443,2016-09-25 11:30:00+00:00,528.0486,6052.853,7.511501
6444,2016-09-25 12:30:00+00:00,341.31857,6051.9995,6.5428205
6445,2016-09-25 13:30:00+00:00,377.3404,6104.738,6.6250625
6446,2016-09-25 14:30:00+00:00,78.76949,6011.8853,4.1323757
6447,2016-09-25 15:30:00+00:00,63.250984,5765.104,3.8249657
6448,2016-09-25 16:30:00+00:00,86.31877,5719.121,4.248614
6449,2016-09-25 17:30:00+00:00,33.445927,5930.16,4.106803
6450,2016-09-25 18:30:00+00:00,20.378675,5861.919,3.7424767
6451,2016-09-25 19:30:00+00:00,14.477187,5801.7676,3.3395696
6452,2016-09-25 20:30:00+00:00,30.936552,5876.944,3.3983426
6453,2016-09-25 21:30:00+00:00,70.24919,5928.66,3.6614125
6454,2016-09-25 22:30:00+00:00,61.997375,6036.3735,3.8737102
6455,2016-09-25 23:30:00+00:00,765.41254,5933.932,7.586306
6456,2016-09-26 00:30:00+00:00,1436.4591,5943.9346,9.999306
6457,2016-09-26 01:30:00+00:00,1737.2817,5995.7466,11.227286
6458,2016-09-26 02:30:00+00:00,2300,6038.0747,13.332571
6459,2016-09-26 03:30:00+00:00,2083.114,6136.907,13.696819
6460,2016-09-26 04:30:00+00:00,2121.0034,6096.637,14.475431
6461,2016-09-26 05:30:00+00:00,2132.2144,6262.8174,14.870223
6462,2016-09-26 06:30:00+00:00,2149.902,6453.255,14.710007
6463,2016-09-26 07:30:00+00:00,2167.7717,6607.0825,15.275526
6464,2016-09-26 08:30:00+00:00,2162.0376,6712.998,15.273941
6465,2016-09-26 09:30:00+00:00,2197.2734,6944.603,15.946644
6466,2016-09-26 10:30:00+00:00,2127.0972,8217.772,13.540311
6467,2016-09-26 11:30:00+00:00,2085.1802,12207.851,11.705427
6468,2016-09-26 12:30:00+00:00,2151.918,22863.744,14.467901
6469,2016-09-26 13:30:00+00:00,2151.5786,25660.246,14.580679
6470,2016-09-26 14:30:00+00:00,2084.7363,28821.752,12.570744
6471,2016-09-26 15:30:00+00:00,1417.2429,31364.896,10.179511
6472,2016-09-26 16:30:00+00:00,1743.5093,26139.043,10.99264
6473,2016-09-26 17:30:00+00:00,573.76514,30137.977,6.7781816
6474,2016-09-26 18:30:00+00:00,1354.2294,32702.756,10.330877
6475,2016-09-26 19:30:00+00:00,981.28455,31611.87,9.117151
6476,2016-09-26 20:30:00+00:00,1705.7831,28803.594,10.535439
6477,2016-09-26 21:30:00+00:00,915.19543,22270.107,8.321393
6478,2016-09-26 22:30:00+00:00,862.7183,11487.181,8.498535
6479,2016-09-26 23:30:00+00:00,1190.0378,7262.327,9.3542595
6480,2016-09-27 00:30:00+00:00,2073.2688,7244.7715,14.32052
6481,2016-09-27 01:30:00+00:00,2199.2275,7344.0674,15.340495
6482,2016-09-27 02:30:00+00:00,2132.8943,7280.4644,14.395339
6483,2016-09-27 03:30:00+00:00,1359.4188,7316.856,10.799083
6484,2016-09-27 04:30:00+00:00,1952.3606,7318.5483,11.795254
6485,2016-09-27 05:30:00+00:00,2112.8315,7242.861,13.504217
6486,2016-09-27 06:30:00+00:00,2098.3606,7419.445,13.190095
6487,2016-09-27 07:30:00+00:00,2051.4617,7486.747,12.445701
6488,2016-09-27 08:30:00+00:00,2054.2534,7399.2812,12.510871
6489,2016-09-27 09:30:00+00:00,2060.6912,7661.733,12.319805
6490,2016-09-27 10:30:00+00:00,2052.8284,9090.978,11.985832
6491,2016-09-27 11:30:00+00:00,1981.9086,13146.324,11.541502
6492,2016-09-27 12:30:00+00:00,1857.0897,24640.729,11.20604
6493,2016-09-27 13:30:00+00:00,1982.8588,26645.39,11.502505
6494,2016-09-27 14:30:00+00:00,1854.3683,29029.803,11.378533
6495,2016-09-27 15:30:00+00:00,1636.5056,31946.328,10.882024
6496,2016-09-27 16:30:00+00:00,1918.6935,26735.363,11.468837
6497,2016-09-27 17:30:00+00:00,2150.1096,30921.44,12.34129
6498,2016-09-27 18:30:00+00:00,1967.5514,33275.406,11.505217
6499,2016-09-27 19:30:00+00:00,1536.438,31474.148,10.41916
6500,2016-09-27 20:30:00+00:00,1155.2617,28266.357,9.335412
6501,2016-09-27 21:30:00+00:00,1133.7598,21488.441,9.109317
6502,2016-09-27 22:30:00+00:00,654.11414,11002.962,7.0166774
6503,2016-09-27 23:30:00+00:00,278.50668,7185.7876,5.2387104
6504,2016-09-28 00:30:00+00:00,165.9414,7291.9727,4.525034
6505,2016-09-28 01:30:00+00:00,81.35951,7289.966,3.8458474
6506,2016-09-28 02:30:00+00:00,149.56438,7385.9336,5.4841037
6507,2016-09-28 03:30:00+00:00,365.2111,7382.3086,6.750047
6508,2016-09-28 04:30:00+00:00,471.03098,7429.775,7.3701944
6509,2016-09-28 05:30:00+00:00,823.0406,7366.504,8.392915
6510,2016-09-28 06:30:00+00:00,499.68362,7460.7705,7.368127
6511,2016-09-28 07:30:00+00:00,1065.1161,7392.131,9.162805
6512,2016-09-28 08:30:00+00:00,1482.4103,7350.098,10.313363
6513,2016-09-28 09:30:00+00:00,1688.1865,7549.861,10.95311
6514,2016-09-28 10:30:00+00:00,1696.8887,8831.005,10.905118
6515,2016-09-28 11:30:00+00:00,1797.1626,12824.728,10.971098
6516,2016-09-28 12:30:00+00:00,1357.474,24481.219,9.963653
6517,2016-09-28 13:30:00+00:00,2024.3909,26277.055,11.594923
6518,2016-09-28 14:30:00+00:00,1134.5703,28562.863,8.994831
6519,2016-09-28 15:30:00+00:00,376.29495,31579.318,6.5001025
6520,2016-09-28 16:30:00+00:00,297.51535,26337.172,5.3043895
6521,2016-09-28 17:30:00+00:00,686.27045,30623.875,7.674905
6522,2016-09-28 18:30:00+00:00,224.50102,32974.977,4.892859
6523,2016-09-28 19:30:00+00:00,344.04764,31329.256,6.3550377
6524,2016-09-28 20:30:00+00:00,1274.0879,28343.332,8.646299
6525,2016-09-28 21:30:00+00:00,1030.588,21597.967,8.597394
6526,2016-09-28 22:30:00+00:00,1995.4291,11096.963,11.110901
6527,2016-09-28 23:30:00+00:00,1756.0369,6942.9487,11.411642
6528,2016-09-29 00:30:00+00:00,2230.2104,7125.869,13.693188
6529,2016-09-29 01:30:00+00:00,2191.089,7168.793,15.305904
6530,2016-09-29 02:30:00+00:00,2149.1106,7142.835,15.01545
6531,2016-09-29 03:30:00+00:00,2134.1426,7059.892,15.285861
6532,2016-09-29 04:30:00+00:00,2122.716,7109.8047,14.245591
6533,2016-09-29 05:30:00+00:00,2157.3325,7022.808,15.233576
6534,2016-09-29 06:30:00+00:00,2173.745,7102.0063,15.361181
6535,2016-09-29 07:30:00+00:00,2167.0903,7111.156,15.439412
6536,2016-09-29 08:30:00+00:00,2090.5825,7038.0786,13.816045
6537,2016-09-29 09:30:00+00:00,2077.3005,7213.1377,14.016204
6538,2016-09-29 10:30:00+00:00,1998.4237,8445.445,12.584937
6539,2016-09-29 11:30:00+00:00,2087.5342,12696,14.791994
6540,2016-09-29 12:30:00+00:00,2062.406,24008.615,14.715757
6541,2016-09-29 13:30:00+00:00,2113.8442,25735.227,15.335905
6542,2016-09-29 14:30:00+00:00,2048.9314,28828.742,13.350083
6543,2016-09-29 15:30:00+00:00,2095.2683,31786.895,12.810486
6544,2016-09-29 16:30:00+00:00,2129.4084,26235.236,13.233248
6545,2016-09-29 17:30:00+00:00,2115.3037,30327.324,11.866186
6546,2016-09-29 18:30:00+00:00,2127.617,32648.72,12.042187
6547,2016-09-29 19:30:00+00:00,2106.8406,31239.115,11.787001
6548,2016-09-29 20:30:00+00:00,2102.7603,28017.1,11.560698
6549,2016-09-29 21:30:00+00:00,2099.9272,21510,11.56128
6550,2016-09-29 22:30:00+00:00,2160.9624,10897.522,13.252517
6551,2016-09-29 23:30:00+00:00,2146.431,7090.296,12.679701
6552,2016-09-30 00:30:00+00:00,2150.547,7189.338,13.310784
6553,2016-09-30 01:30:00+00:00,2176.9048,7211.7114,14.337652
6554,2016-09-30 02:30:00+00:00,2169.1084,7050.634,15.113398
6555,2016-09-30 03:30:00+00:00,2174.438,6994.049,15.830179
6556,2016-09-30 04:30:00+00:00,2087.715,6991.204,13.320482
6557,2016-09-30 05:30:00+00:00,2077.7297,6830.079,13.023384
6558,2016-09-30 06:30:00+00:00,2112.8677,7097.212,14.046192
6559,2016-09-30 07:30:00+00:00,2092.9854,7159.8047,13.540629
6560,2016-09-30 08:30:00+00:00,1993.5394,7117.2837,11.537769
6561,2016-09-30 09:30:00+00:00,2035.3029,7173.234,11.866649
6562,2016-09-30 10:30:00+00:00,1904.9675,8523.313,11.431927
6563,2016-09-30 11:30:00+00:00,2063.7866,12847.107,12.692106
6564,2016-09-30 12:30:00+00:00,2024.7323,23856.72,12.476509
6565,2016-09-30 13:30:00+00:00,1282.7335,25603.566,9.682832
6566,2016-09-30 14:30:00+00:00,1318.3872,28704.49,9.689119
6567,2016-09-30 15:30:00+00:00,1622.6279,31742.492,10.50658
6568,2016-09-30 16:30:00+00:00,878.9891,26498.336,8.852352
6569,2016-09-30 17:30:00+00:00,1749.1307,30737.96,10.953085
6570,2016-09-30 18:30:00+00:00,1758.4672,32968.254,10.951689
6571,2016-09-30 19:30:00+00:00,2166.8752,31371.848,11.589688
6572,2016-09-30 20:30:00+00:00,1751.1112,28384.83,10.93228
6573,2016-09-30 21:30:00+00:00,1638.3301,21956.385,10.719238
6574,2016-09-30 22:30:00+00:00,2119.5298,11492.777,12.715941
6575,2016-09-30 23:30:00+00:00,2218.3745,7276.9746,13.855259
6576,2016-10-01 00:30:00+00:00,2185.7305,7238.759,13.58631
6577,2016-10-01 01:30:00+00:00,2138.3264,7335.334,13.673123
6578,2016-10-01 02:30:00+00:00,2100.3596,7315.5244,12.687804
6579,2016-10-01 03:30:00+00:00,2094.9602,7272.587,12.501571
6580,2016-10-01 04:30:00+00:00,2070.0037,7264.2354,12.049491
6581,2016-10-01 05:30:00+00:00,2103.8296,7353.6533,13.475301
6582,2016-10-01 06:30:00+00:00,2090.1804,7273.7437,13.265311
6583,2016-10-01 07:30:00+00:00,2091.319,7407.744,12.777779
6584,2016-10-01 08:30:00+00:00,2083.807,7354.438,13.527718
6585,2016-10-01 09:30:00+00:00,2089.8896,7352.7764,13.772948
6586,2016-10-01 10:30:00+00:00,2032.4888,7306.142,12.55397
6587,2016-10-01 11:30:00+00:00,2005.7643,7267.7744,11.670279
6588,2016-10-01 12:30:00+00:00,1926.0101,7156.168,11.181266
6589,2016-10-01 13:30:00+00:00,2030.3721,7168.129,11.904953
6590,2016-10-01 14:30:00+00:00,1896.2035,7252.8496,11.2764435
6591,2016-10-01 15:30:00+00:00,1080.6774,7158.5522,9.37597
6592,2016-10-01 16:30:00+00:00,566.2769,7318.9595,7.7128725
6593,2016-10-01 17:30:00+00:00,766.5072,7498.903,8.220676
6594,2016-10-01 18:30:00+00:00,667.6271,7626.8604,8.065729
6595,2016-10-01 19:30:00+00:00,1070.4939,7554.5723,8.8198595
6596,2016-10-01 20:30:00+00:00,986.18097,7366.0903,8.929545
6597,2016-10-01 21:30:00+00:00,759.77454,7284.3687,8.409058
6598,2016-10-01 22:30:00+00:00,524.1184,7227.2637,7.5903354
6599,2016-10-01 23:30:00+00:00,767.6695,7173.3525,8.280577
6600,2016-10-02 00:30:00+00:00,757.6797,7229.0757,8.371599
6601,2016-10-02 01:30:00+00:00,1606.0775,7186.9795,10.741469
6602,2016-10-02 02:30:00+00:00,1010.6406,7101.235,9.238587
6603,2016-10-02 03:30:00+00:00,1491.846,7102.0415,10.50368
6604,2016-10-02 04:30:00+00:00,645.1061,7290.787,7.370226
6605,2016-10-02 05:30:00+00:00,305.84747,7142.9883,6.3716483
6606,2016-10-02 06:30:00+00:00,198.13594,7152.1987,5.1625237
6607,2016-10-02 07:30:00+00:00,16.909922,7165.6646,3.086901
6608,2016-10-02 08:30:00+00:00,20.174454,7059.0894,3.179522
6609,2016-10-02 09:30:00+00:00,0,7057.886,2.1080093
6610,2016-10-02 10:30:00+00:00,25.651371,6960.6396,3.675953
6611,2016-10-02 11:30:00+00:00,156.58926,6920.7393,5.1988764
6612,2016-10-02 12:30:00+00:00,143.06389,6991.729,5.123051
6613,2016-10-02 13:30:00+00:00,297.1645,7086.825,5.8288517
6614,2016-10-02 14:30:00+00:00,161.70917,7138.3496,5.098872
6615,2016-10-02 15:30:00+00:00,14.71103,7080.335,3.470223
6616,2016-10-02 16:30:00+00:00,53.147434,7134.043,3.1636913
6617,2016-10-02 17:30:00+00:00,109.57873,7145.4346,4.0250545
6618,2016-10-02 18:30:00+00:00,35.32539,7151.9277,3.1709545
6619,2016-10-02 19:30:00+00:00,134.99724,7289.828,4.307602
6620,2016-10-02 20:30:00+00:00,202.01332,7273.3306,4.8399286
6621,2016-10-02 21:30:00+00:00,111.20748,7254.582,4.1819944
6622,2016-10-02 22:30:00+00:00,240.31953,7298.6772,5.1759863
6623,2016-10-02 23:30:00+00:00,371.7992,7192.205,6.128427
6624,2016-10-03 00:30:00+00:00,187.88692,7224.928,5.2490478
6625,2016-10-03 01:30:00+00:00,130.54196,7184.946,4.988012
6626,2016-10-03 02:30:00+00:00,145.78728,7085.3003,5.021738
6627,2016-10-03 03:30:00+00:00,391.3035,6947.6514,6.582308
6628,2016-10-03 04:30:00+00:00,184.62837,7105.5273,5.372823
6629,2016-10-03 05:30:00+00:00,55.60369,6648.305,4.382416
6630,2016-10-03 06:30:00+00:00,96.07073,6419.518,4.2730513
6631,2016-10-03 07:30:00+00:00,79.14586,6413.3086,4.3496494
6632,2016-10-03 08:30:00+00:00,104.041016,6387.9585,4.754027
6633,2016-10-03 09:30:00+00:00,93.19051,6420.0986,4.658708
6634,2016-10-03 10:30:00+00:00,287.28073,7467.1157,6.095852
6635,2016-10-03 11:30:00+00:00,108.301575,11253.302,4.9922824
6636,2016-10-03 12:30:00+00:00,131.93137,21450.209,4.772722
6637,2016-10-03 13:30:00+00:00,79.23874,23008.992,4.201776
6638,2016-10-03 14:30:00+00:00,52.895084,24999.107,3.8539805
6639,2016-10-03 15:30:00+00:00,2.1011546,27517.326,3.0806477
6640,2016-10-03 16:30:00+00:00,210.4397,22396.088,5.1325173
6641,2016-10-03 17:30:00+00:00,124.60691,25778.854,4.7429795
6642,2016-10-03 18:30:00+00:00,128.97906,28250.58,4.553444
6643,2016-10-03 19:30:00+00:00,49.82866,27414.168,3.7749333
6644,2016-10-03 20:30:00+00:00,102.31278,24734.23,4.0996842
6645,2016-10-03 21:30:00+00:00,127.10392,18851.986,4.532546
6646,2016-10-03 22:30:00+00:00,176.23393,9603.631,5.0315967
6647,2016-10-03 23:30:00+00:00,259.6702,6184.1895,5.724358
6648,2016-10-04 00:30:00+00:00,311.28195,6261.5513,6.2445054
6649,2016-10-04 01:30:00+00:00,213.0946,6134.239,5.8265
6650,2016-10-04 02:30:00+00:00,503.87778,6148.6724,7.0507703
6651,2016-10-04 03:30:00+00:00,367.4024,6196.79,6.754549
6652,2016-10-04 04:30:00+00:00,470.14825,6164.468,7.253884
6653,2016-10-04 05:30:00+00:00,577.8641,6277.0312,7.541759
6654,2016-10-04 06:30:00+00:00,446.41086,6304.9854,7.2558594
6655,2016-10-04 07:30:00+00:00,265.74774,6178.4863,6.3773456
6656,2016-10-04 08:30:00+00:00,175.35326,6231.7803,5.5363984
6657,2016-10-04 09:30:00+00:00,421.13278,6367.9,6.908297
6658,2016-10-04 10:30:00+00:00,505.9044,7519.962,7.520734
6659,2016-10-04 11:30:00+00:00,224.6691,10797.193,6.390248
6660,2016-10-04 12:30:00+00:00,184.57278,20369.781,5.520607
6661,2016-10-04 13:30:00+00:00,303.00262,22240.12,6.0590415
6662,2016-10-04 14:30:00+00:00,78.61462,24463.01,4.914729
6663,2016-10-04 15:30:00+00:00,124.401276,27062.703,4.9639792
6664,2016-10-04 16:30:00+00:00,185.64075,22235.807,5.333402
6665,2016-10-04 17:30:00+00:00,192.2977,25844.709,5.54259
6666,2016-10-04 18:30:00+00:00,236.62714,28558.957,5.8433666
6667,2016-10-04 19:30:00+00:00,220.39568,27651.072,5.7748938
6668,2016-10-04 20:30:00+00:00,174.67358,25073.57,5.4422693
6669,2016-10-04 21:30:00+00:00,162.57011,19321.74,5.23494
6670,2016-10-04 22:30:00+00:00,542.65204,9588.561,7.01057
6671,2016-10-04 23:30:00+00:00,517.4741,6157.6562,7.405282
6672,2016-10-05 00:30:00+00:00,678.5237,6352.535,8.149484
6673,2016-10-05 01:30:00+00:00,1823.2483,6201.496,11.237046
6674,2016-10-05 02:30:00+00:00,2256.2874,6241.5396,12.545836
6675,2016-10-05 03:30:00+00:00,2126.357,6283.0674,12.639139
6676,2016-10-05 04:30:00+00:00,2080.0981,6144.554,13.10579
6677,2016-10-05 05:30:00+00:00,2077.5684,6156.293,13.133744
6678,2016-10-05 06:30:00+00:00,2069.4941,6303.8765,12.394885
6679,2016-10-05 07:30:00+00:00,2069.9453,6121.1143,12.428585
6680,2016-10-05 08:30:00+00:00,2049.2834,6147.3594,12.029375
6681,2016-10-05 09:30:00+00:00,2048.4546,6376.984,12.290415
6682,2016-10-05 10:30:00+00:00,2028.3506,7502.6113,12.384872
6683,2016-10-05 11:30:00+00:00,2031.9939,11012.999,12.561573
6684,2016-10-05 12:30:00+00:00,2045.3501,20344.46,12.910736
6685,2016-10-05 13:30:00+00:00,2053.8757,22196.723,12.867924
6686,2016-10-05 14:30:00+00:00,1922.6005,24657.34,10.979419
6687,2016-10-05 15:30:00+00:00,1491.6915,27403.096,10.382932
6688,2016-10-05 16:30:00+00:00,1675.7599,22646.957,10.790546
6689,2016-10-05 17:30:00+00:00,1566.5077,25951.494,10.663418
6690,2016-10-05 18:30:00+00:00,1364.0884,28640.986,10.076135
6691,2016-10-05 19:30:00+00:00,1209.0305,27167.268,9.567147
6692,2016-10-05 20:30:00+00:00,1390.2274,24209.207,9.887059
6693,2016-10-05 21:30:00+00:00,1623.9994,18257.885,10.52663
6694,2016-10-05 22:30:00+00:00,2069.959,9150.13,11.947895
6695,2016-10-05 23:30:00+00:00,2245.2979,5945.4937,14.26464
6696,2016-10-06 00:30:00+00:00,2234.709,6047.1416,15.71169
6697,2016-10-06 01:30:00+00:00,2196.019,5916.653,16.406982
6698,2016-10-06 02:30:00+00:00,2166.5774,5955.1953,16.287022
6699,2016-10-06 03:30:00+00:00,2149.394,5971.235,15.667161
6700,2016-10-06 04:30:00+00:00,2133.8926,5986.578,15.203003
6701,2016-10-06 05:30:00+00:00,2102.8425,5971.491,14.376379
6702,2016-10-06 06:30:00+00:00,2070.1262,6076.7837,12.828619
6703,2016-10-06 07:30:00+00:00,1380.2415,6005.688,10.452844
6704,2016-10-06 08:30:00+00:00,1560.831,5981.391,10.4643545
6705,2016-10-06 09:30:00+00:00,1482.6759,6176.6914,10.451677
6706,2016-10-06 10:30:00+00:00,671.20953,7310.6133,7.836699
6707,2016-10-06 11:30:00+00:00,211.17598,10927.658,5.9778175
6708,2016-10-06 12:30:00+00:00,515.8586,20773.004,7.006886
6709,2016-10-06 13:30:00+00:00,132.16786,22078.656,5.428862
6710,2016-10-06 14:30:00+00:00,17.162914,25045.283,2.2289271
6711,2016-10-06 15:30:00+00:00,75.86341,27585.486,2.2726724
6712,2016-10-06 16:30:00+00:00,9.938715,23154.967,3.3793554
6713,2016-10-06 17:30:00+00:00,47.955933,26278.03,3.958201
6714,2016-10-06 18:30:00+00:00,67.62644,28255.39,4.116535
6715,2016-10-06 19:30:00+00:00,32.37176,26969.316,3.7671382
6716,2016-10-06 20:30:00+00:00,20.194632,23977.357,3.0942729
6717,2016-10-06 21:30:00+00:00,72.35661,17958.867,3.5926194
6718,2016-10-06 22:30:00+00:00,130.0025,9096.023,4.4423265
6719,2016-10-06 23:30:00+00:00,42.879482,6028.583,3.0699272
6720,2016-10-07 00:30:00+00:00,941.6954,6091.3047,8.894649
6721,2016-10-07 01:30:00+00:00,1906.0226,5881.267,11.384857
6722,2016-10-07 02:30:00+00:00,2300,5890.949,12.777423
6723,2016-10-07 03:30:00+00:00,2146.624,5951.262,13.316808
6724,2016-10-07 04:30:00+00:00,2100.1204,5973.2725,13.267095
6725,2016-10-07 05:30:00+00:00,2098.295,6025.8276,13.170967
6726,2016-10-07 06:30:00+00:00,2119.0137,5943.8857,13.16079
6727,2016-10-07 07:30:00+00:00,2137.8389,5898.26,14.003025
6728,2016-10-07 08:30:00+00:00,2100.338,5984.615,12.772749
6729,2016-10-07 09:30:00+00:00,2068.4092,6033.1543,12.465912
6730,2016-10-07 10:30:00+00:00,2067.3125,7235.1255,12.904229
6731,2016-10-07 11:30:00+00:00,2019.2668,11056.014,12.1582365
6732,2016-10-07 12:30:00+00:00,1903.7375,20655.408,11.052228
6733,2016-10-07 13:30:00+00:00,1427.9597,22347.016,10.240606
6734,2016-10-07 14:30:00+00:00,555.49207,24785.209,7.1409407
6735,2016-10-07 15:30:00+00:00,693.4712,27334.402,7.7784514
6736,2016-10-07 16:30:00+00:00,775.98004,23085.717,8.362448
6737,2016-10-07 17:30:00+00:00,539.8853,26870.797,7.9583483
6738,2016-10-07 18:30:00+00:00,795.0347,29502.078,8.321239
6739,2016-10-07 19:30:00+00:00,787.5329,28181.29,8.20598
6740,2016-10-07 20:30:00+00:00,797.6497,25213.332,8.184108
6741,2016-10-07 21:30:00+00:00,736.8586,19116.715,7.9956207
6742,2016-10-07 22:30:00+00:00,945.4046,9706.56,8.703904
6743,2016-10-07 23:30:00+00:00,1398.8682,6207.117,10.226259
6744,2016-10-08 00:30:00+00:00,872.11334,6216.935,8.960279
6745,2016-10-08 01:30:00+00:00,1016.4851,6145.7427,9.470801
6746,2016-10-08 02:30:00+00:00,966.37787,6093.626,9.209948
6747,2016-10-08 03:30:00+00:00,490.03607,6026.3813,7.291989
6748,2016-10-08 04:30:00+00:00,681.6371,6149.351,8.033865
6749,2016-10-08 05:30:00+00:00,258.48587,6208.2563,5.909661
6750,2016-10-08 06:30:00+00:00,797.7456,6182.5024,8.5705385
6751,2016-10-08 07:30:00+00:00,400.66412,6245.674,6.9644995
6752,2016-10-08 08:30:00+00:00,51.722755,6279.219,4.7330637
6753,2016-10-08 09:30:00+00:00,141.4461,6104.371,4.3530693
6754,2016-10-08 10:30:00+00:00,295.55826,6243.847,6.185765
6755,2016-10-08 11:30:00+00:00,276.80536,6260.3794,6.411389
6756,2016-10-08 12:30:00+00:00,468.50452,6124.565,6.999017
6757,2016-10-08 13:30:00+00:00,1328.8707,6284.95,9.901756
6758,2016-10-08 14:30:00+00:00,647.7165,6274.8433,7.520047
6759,2016-10-08 15:30:00+00:00,813.0096,6085.8545,8.196177
6760,2016-10-08 16:30:00+00:00,1389.5867,6162.6704,9.864526
6761,2016-10-08 17:30:00+00:00,1663.4401,6289.518,10.547516
6762,2016-10-08 18:30:00+00:00,1596.3644,6369.0986,10.373499
6763,2016-10-08 19:30:00+00:00,1430.4072,6446.909,9.939777
6764,2016-10-08 20:30:00+00:00,1285.6492,6352.839,9.542445
6765,2016-10-08 21:30:00+00:00,1527.4851,6356.513,10.151927
6766,2016-10-08 22:30:00+00:00,942.95166,6495.2935,8.645984
6767,2016-10-08 23:30:00+00:00,937.44635,6443.0127,8.915177
6768,2016-10-09 00:30:00+00:00,554.7813,6447.063,7.2756796
6769,2016-10-09 01:30:00+00:00,427.61566,6497.3457,7.044683
6770,2016-10-09 02:30:00+00:00,878.91785,6601.2744,8.453189
6771,2016-10-09 03:30:00+00:00,1005.43445,6659.993,8.976915
6772,2016-10-09 04:30:00+00:00,1286.3829,6674.988,9.768264
6773,2016-10-09 05:30:00+00:00,1462.135,6538.235,10.294676
6774,2016-10-09 06:30:00+00:00,1752.036,6426.722,10.94723
6775,2016-10-09 07:30:00+00:00,1620.934,6343.5083,10.7981205
6776,2016-10-09 08:30:00+00:00,590.07214,6414.6973,7.105239
6777,2016-10-09 09:30:00+00:00,1471.308,6476.4146,10.87079
6778,2016-10-09 10:30:00+00:00,351.39084,6338.43,4.567438
6779,2016-10-09 11:30:00+00:00,393.83783,6328.926,7.432688
6780,2016-10-09 12:30:00+00:00,1653.5778,6269.132,11.007251
6781,2016-10-09 13:30:00+00:00,1214.8047,6341.341,9.841837
6782,2016-10-09 14:30:00+00:00,478.13748,6479.33,6.999805
6783,2016-10-09 15:30:00+00:00,614.1989,6410.284,7.1697373
6784,2016-10-09 16:30:00+00:00,568.0752,6497.3154,7.3971286
6785,2016-10-09 17:30:00+00:00,742.41425,6699.9756,8.143933
6786,2016-10-09 18:30:00+00:00,396.88458,6671.614,6.9551525
6787,2016-10-09 19:30:00+00:00,365.84006,6613.1074,6.7129035
6788,2016-10-09 20:30:00+00:00,483.84293,6689.685,6.940437
6789,2016-10-09 21:30:00+00:00,605.69446,6734.816,7.2945623
6790,2016-10-09 22:30:00+00:00,556.6007,6741.1606,7.2964277
6791,2016-10-09 23:30:00+00:00,1115.8859,6659.7866,9.025563
6792,2016-10-10 00:30:00+00:00,712.1453,6720.7715,7.977811
6793,2016-10-10 01:30:00+00:00,751.64886,6740.3916,8.365548
6794,2016-10-10 02:30:00+00:00,458.42584,6782.4033,6.9619102
6795,2016-10-10 03:30:00+00:00,306.93417,6741.2383,6.5230727
6796,2016-10-10 04:30:00+00:00,380.42685,6567.8047,6.679704
6797,2016-10-10 05:30:00+00:00,359.06647,6821.7383,6.8689895
6798,2016-10-10 06:30:00+00:00,142.55345,6813.28,5.1579285
6799,2016-10-10 07:30:00+00:00,41.54907,6955.695,4.1902924
6800,2016-10-10 08:30:00+00:00,0,6830.121,2.4210415
6801,2016-10-10 09:30:00+00:00,0,6989.168,1.7145134
6802,2016-10-10 10:30:00+00:00,94.91924,7194.9165,4.643794
6803,2016-10-10 11:30:00+00:00,48.87617,7336.716,4.217934
6804,2016-10-10 12:30:00+00:00,45.292686,7355.0054,3.9521399
6805,2016-10-10 13:30:00+00:00,41.51214,7246.121,3.7117233
6806,2016-10-10 14:30:00+00:00,0,7243.494,2.782313
6807,2016-10-10 15:30:00+00:00,0,7213.4497,2.6435616
6808,2016-10-10 16:30:00+00:00,0,7135.289,2.0037663
6809,2016-10-10 17:30:00+00:00,0,7091.245,1.9544575
6810,2016-10-10 18:30:00+00:00,0,6974.7183,2.0758274
6811,2016-10-10 19:30:00+00:00,0,7020.9683,1.9097373
6812,2016-10-10 20:30:00+00:00,20.707308,7139.6704,2.3184087
6813,2016-10-10 21:30:00+00:00,54.44733,7150.271,3.331813
6814,2016-10-10 22:30:00+00:00,74.87189,7141.41,4.168293
6815,2016-10-10 23:30:00+00:00,343.93915,7036.677,6.4627957
6816,2016-10-11 00:30:00+00:00,272.0891,7168.976,6.6365976
6817,2016-10-11 01:30:00+00:00,458.84464,7093.2046,7.334746
6818,2016-10-11 02:30:00+00:00,627.0105,7127.564,7.8632746
6819,2016-10-11 03:30:00+00:00,797.391,7142.3564,8.450547
6820,2016-10-11 04:30:00+00:00,1204.3372,7000.886,9.537003
6821,2016-10-11 05:30:00+00:00,1499.7821,6946.0903,10.369136
6822,2016-10-11 06:30:00+00:00,1405.7006,7085.65,10.333987
6823,2016-10-11 07:30:00+00:00,1441.2045,7182.5713,10.367774
6824,2016-10-11 08:30:00+00:00,1519.3024,7086.7476,10.526513
6825,2016-10-11 09:30:00+00:00,1901.3015,7108.182,11.403774
6826,2016-10-11 10:30:00+00:00,2117.3362,8302.771,12.055105
6827,2016-10-11 11:30:00+00:00,2082.003,11948.728,12.375693
6828,2016-10-11 12:30:00+00:00,2062.8176,23058.256,12.019254
6829,2016-10-11 13:30:00+00:00,2041.5299,25179.242,11.242264
6830,2016-10-11 14:30:00+00:00,954.5456,27588.027,8.095017
6831,2016-10-11 15:30:00+00:00,341.91772,30556.12,6.2760983
6832,2016-10-11 16:30:00+00:00,405.6015,24722.334,6.4294095
6833,2016-10-11 17:30:00+00:00,192.78084,28744.01,6.102475
6834,2016-10-11 18:30:00+00:00,189.88683,31521.084,6.0661507
6835,2016-10-11 19:30:00+00:00,110.00199,30306.389,5.1420455
6836,2016-10-11 20:30:00+00:00,382.21857,27308.549,6.551204
6837,2016-10-11 21:30:00+00:00,830.3461,20979.9,7.9863696
6838,2016-10-11 22:30:00+00:00,606.3222,10648.099,7.8241615
6839,2016-10-11 23:30:00+00:00,1162.7827,6795.8145,9.553961
6840,2016-10-12 00:30:00+00:00,1715.6976,6959.8003,11.0939865
6841,2016-10-12 01:30:00+00:00,1885.5042,6956.4497,11.730056
6842,2016-10-12 02:30:00+00:00,2193.4856,6995.6562,12.685964
6843,2016-10-12 03:30:00+00:00,2085.0957,7126.8574,12.459165
6844,2016-10-12 04:30:00+00:00,2065.553,7086.4766,12.0424
6845,2016-10-12 05:30:00+00:00,1796.0146,7087.5015,11.33406
6846,2016-10-12 06:30:00+00:00,1683.1624,7133.994,10.956766
6847,2016-10-12 07:30:00+00:00,1220.8446,7026.6514,9.900113
6848,2016-10-12 08:30:00+00:00,1034.0977,7027.8584,9.251627
6849,2016-10-12 09:30:00+00:00,1421.3387,7262.623,10.220349
6850,2016-10-12 10:30:00+00:00,1475.0293,8583.373,10.578212
6851,2016-10-12 11:30:00+00:00,1791.1162,12649.979,11.214644
6852,2016-10-12 12:30:00+00:00,2058.3933,23559.385,11.95322
6853,2016-10-12 13:30:00+00:00,2030.5281,24926.248,12.111137
6854,2016-10-12 14:30:00+00:00,1345.8335,27168.256,10.144683
6855,2016-10-12 15:30:00+00:00,929.81384,30365.133,8.893877
6856,2016-10-12 16:30:00+00:00,1273.7454,25042.064,9.744975
6857,2016-10-12 17:30:00+00:00,1529.7625,28876.266,10.524234
6858,2016-10-12 18:30:00+00:00,1883.6987,31293.953,11.349441
6859,2016-10-12 19:30:00+00:00,2204.488,29620.947,12.491885
6860,2016-10-12 20:30:00+00:00,2235.4558,26603.596,13.358317
6861,2016-10-12 21:30:00+00:00,2218.4822,20261.62,13.905602
6862,2016-10-12 22:30:00+00:00,2206.1956,10400.085,14.764406
6863,2016-10-12 23:30:00+00:00,2218.7874,6632.438,15.989947
6864,2016-10-13 00:30:00+00:00,2213.26,6736.749,16.626797
6865,2016-10-13 01:30:00+00:00,2216.925,6646.1104,17.403925
6866,2016-10-13 02:30:00+00:00,2213.6978,6611.2334,18.030146
6867,2016-10-13 03:30:00+00:00,2237.9868,6620.3325,18.925087
6868,2016-10-13 04:30:00+00:00,2166.256,6675.55,16.139286
6869,2016-10-13 05:30:00+00:00,1366.4015,6711.656,11.019876
6870,2016-10-13 06:30:00+00:00,987.50446,6751.7983,9.22724
6871,2016-10-13 07:30:00+00:00,1979.9803,6592.5923,11.908165
6872,2016-10-13 08:30:00+00:00,1981.5793,6756.697,11.98492
6873,2016-10-13 09:30:00+00:00,1762.2686,7048.04,11.309887
6874,2016-10-13 10:30:00+00:00,2047.3706,8297.943,12.424867
6875,2016-10-13 11:30:00+00:00,2017.2543,12171.564,11.970242
6876,2016-10-13 12:30:00+00:00,1591.5055,22821.387,10.28918
6877,2016-10-13 13:30:00+00:00,2089.4248,24392.574,11.6712055
6878,2016-10-13 14:30:00+00:00,1093.5676,27303.396,8.568768
6879,2016-10-13 15:30:00+00:00,1805.799,30639.346,11.131485
6880,2016-10-13 16:30:00+00:00,1401.4907,25571.35,10.128811
6881,2016-10-13 17:30:00+00:00,1393.4058,29785.99,9.838154
6882,2016-10-13 18:30:00+00:00,818.5726,32316.436,8.237477
6883,2016-10-13 19:30:00+00:00,636.4959,30678.398,7.4306784
6884,2016-10-13 20:30:00+00:00,454.7409,27409.904,6.512156
6885,2016-10-13 21:30:00+00:00,399.5175,21128.17,6.349974
6886,2016-10-13 22:30:00+00:00,280.6522,10834.315,5.883223
6887,2016-10-13 23:30:00+00:00,183.27196,7237.1436,4.898546
6888,2016-10-14 00:30:00+00:00,60.16559,7442.2407,2.8882678
6889,2016-10-14 01:30:00+00:00,1.8169485,7578.919,1.8272555
6890,2016-10-14 02:30:00+00:00,0,7386.893,2.3169706
6891,2016-10-14 03:30:00+00:00,7.3600473,7447.196,2.975968
6892,2016-10-14 04:30:00+00:00,0.34382343,7416.5806,2.257225
6893,2016-10-14 05:30:00+00:00,60.223644,7331.799,3.4573247
6894,2016-10-14 06:30:00+00:00,104.46627,7400.3027,4.2998104
6895,2016-10-14 07:30:00+00:00,497.29132,7471.7095,7.1011224
6896,2016-10-14 08:30:00+00:00,363.31177,7324.9443,6.548365
6897,2016-10-14 09:30:00+00:00,1061.9429,7404.1104,9.208692
6898,2016-10-14 10:30:00+00:00,1499.3429,8670.206,10.279876
6899,2016-10-14 11:30:00+00:00,1449.469,12584.422,10.241458
6900,2016-10-14 12:30:00+00:00,1004.79694,23548.701,9.019063
6901,2016-10-14 13:30:00+00:00,886.23114,25760.67,8.4831705
6902,2016-10-14 14:30:00+00:00,303.32986,28685.51,5.8564377
6903,2016-10-14 15:30:00+00:00,73.59386,30728.107,4.3639755
6904,2016-10-14 16:30:00+00:00,92.3745,25597.383,4.278087
6905,2016-10-14 17:30:00+00:00,399.5488,29727.59,6.9348803
6906,2016-10-14 18:30:00+00:00,101.718925,32259.06,4.034231
6907,2016-10-14 19:30:00+00:00,252.52496,30596.129,5.8814774
6908,2016-10-14 20:30:00+00:00,211.21165,27618.709,5.5480733
6909,2016-10-14 21:30:00+00:00,325.31543,21651.934,6.3116097
6910,2016-10-14 22:30:00+00:00,438.50854,11500.049,6.81672
6911,2016-10-14 23:30:00+00:00,884.06,7580.4673,8.52478
6912,2016-10-15 00:30:00+00:00,1552.9321,7366.6255,10.544633
6913,2016-10-15 01:30:00+00:00,1953.3251,7393.5806,11.7815
6914,2016-10-15 02:30:00+00:00,2090.6401,7253.768,12.2204
6915,2016-10-15 03:30:00+00:00,2147.0146,7227.189,12.72659
6916,2016-10-15 04:30:00+00:00,2108.5837,7232.1997,13.517639
6917,2016-10-15 05:30:00+00:00,2090.9785,7237.2314,13.261005
6918,2016-10-15 06:30:00+00:00,2089.69,7382.248,12.616815
6919,2016-10-15 07:30:00+00:00,2107.4634,7527.407,13.272544
6920,2016-10-15 08:30:00+00:00,2082.279,7602.343,12.811819
6921,2016-10-15 09:30:00+00:00,2046.8275,7570.3516,12.050134
6922,2016-10-15 10:30:00+00:00,2063.7383,7466.9395,12.772646
6923,2016-10-15 11:30:00+00:00,2059.3665,7484.295,12.95162
6924,2016-10-15 12:30:00+00:00,2025.4841,7351.199,11.906609
6925,2016-10-15 13:30:00+00:00,1840.2491,7382.8496,10.858485
6926,2016-10-15 14:30:00+00:00,1220.1483,7237.869,9.734734
6927,2016-10-15 15:30:00+00:00,914.85754,7054.6855,8.848635
6928,2016-10-15 16:30:00+00:00,834.712,7036.102,8.560824
6929,2016-10-15 17:30:00+00:00,1022.96497,7081.9966,9.042419
6930,2016-10-15 18:30:00+00:00,1324.4418,6921.15,9.754234
6931,2016-10-15 19:30:00+00:00,1465.3569,6768.698,10.174453
6932,2016-10-15 20:30:00+00:00,1580.1682,6597.91,10.575387
6933,2016-10-15 21:30:00+00:00,1817.5204,6611.4463,11.342493
6934,2016-10-15 22:30:00+00:00,2163.1174,6660.7905,12.543831
6935,2016-10-15 23:30:00+00:00,2235.0696,6695.652,13.952751
6936,2016-10-16 00:30:00+00:00,2200.6045,6708.3125,14.483426
6937,2016-10-16 01:30:00+00:00,2150.7756,6795.5044,14.530809
6938,2016-10-16 02:30:00+00:00,2134.5417,6737.309,14.588996
6939,2016-10-16 03:30:00+00:00,2110.6719,6633.412,13.946916
6940,2016-10-16 04:30:00+00:00,2102.1802,6579.057,13.277758
6941,2016-10-16 05:30:00+00:00,2097.2893,6736.403,12.981076
6942,2016-10-16 06:30:00+00:00,2130.8276,6697.4404,14.017522
6943,2016-10-16 07:30:00+00:00,2129.394,6743.4233,14.3004875
6944,2016-10-16 08:30:00+00:00,2116.6848,6864.2817,13.985802
6945,2016-10-16 09:30:00+00:00,2136.0474,6856.3027,14.894411
6946,2016-10-16 10:30:00+00:00,2157.478,6758.076,15.786876
6947,2016-10-16 11:30:00+00:00,2123.7559,6717.0176,15.006148
6948,2016-10-16 12:30:00+00:00,2089.6565,6738.3433,13.872995
6949,2016-10-16 13:30:00+00:00,2001.7092,6862.729,11.261582
6950,2016-10-16 14:30:00+00:00,1808.6006,7032.703,10.852447
6951,2016-10-16 15:30:00+00:00,1328.9077,6999.2905,10.111705
6952,2016-10-16 16:30:00+00:00,1491.1838,7026.9907,10.345825
6953,2016-10-16 17:30:00+00:00,1781.6997,7078.7686,11.024739
6954,2016-10-16 18:30:00+00:00,1830.121,6986.0034,11.135469
6955,2016-10-16 19:30:00+00:00,1869.1337,6866.5107,11.172854
6956,2016-10-16 20:30:00+00:00,1770.687,6834.0728,11.010069
6957,2016-10-16 21:30:00+00:00,1305.6019,6981.157,9.982366
6958,2016-10-16 22:30:00+00:00,1673.3522,6842.6787,10.9616
6959,2016-10-16 23:30:00+00:00,1362.9534,6759.4844,10.342384
6960,2016-10-17 00:30:00+00:00,730.21326,6864.3735,8.094397
6961,2016-10-17 01:30:00+00:00,176.28394,6843.2935,5.185007
6962,2016-10-17 02:30:00+00:00,111.34199,6866.5903,4.1272254
6963,2016-10-17 03:30:00+00:00,335.48325,6986.2183,6.210327
6964,2016-10-17 04:30:00+00:00,483.8975,6875.3755,7.2888026
6965,2016-10-17 05:30:00+00:00,296.03192,6802.4785,6.907756
6966,2016-10-17 06:30:00+00:00,407.19635,6950.86,7.179888
6967,2016-10-17 07:30:00+00:00,358.88907,6985.7925,6.860961
6968,2016-10-17 08:30:00+00:00,353.8469,6976.7915,6.832874
6969,2016-10-17 09:30:00+00:00,479.98608,7311.613,7.301268
6970,2016-10-17 10:30:00+00:00,1227.8708,8614.975,9.858191
6971,2016-10-17 11:30:00+00:00,1449.8127,12601.67,10.479006
6972,2016-10-17 12:30:00+00:00,1057.2249,23891.396,9.457011
6973,2016-10-17 13:30:00+00:00,1745.2604,26270.988,10.987666
6974,2016-10-17 14:30:00+00:00,1846.0685,29514.635,11.38132
6975,2016-10-17 15:30:00+00:00,1147.8328,31966.002,9.540374
6976,2016-10-17 16:30:00+00:00,815.65186,26515.518,8.448254
6977,2016-10-17 17:30:00+00:00,1529.3079,30408.186,10.615419
6978,2016-10-17 18:30:00+00:00,2149.966,32536.828,13.401667
6979,2016-10-17 19:30:00+00:00,2220.4705,30891.562,13.639052
6980,2016-10-17 20:30:00+00:00,1041.754,27705.158,8.738732
6981,2016-10-17 21:30:00+00:00,843.1313,21004.691,17.976124
6982,2016-10-17 22:30:00+00:00,1780.1895,10967.232,18.635164
6983,2016-10-17 23:30:00+00:00,2181.3262,6947.0005,15.4426365
6984,2016-10-18 00:30:00+00:00,2153.2427,6938.64,14.145965
6985,2016-10-18 01:30:00+00:00,2123.9866,6959.34,14.898694
6986,2016-10-18 02:30:00+00:00,2139.2854,7043.638,15.820384
6987,2016-10-18 03:30:00+00:00,2142.7744,6951.367,15.510782
6988,2016-10-18 04:30:00+00:00,2160.8523,7064.4775,15.728622
6989,2016-10-18 05:30:00+00:00,2218.2969,7007.941,17.76884
6990,2016-10-18 06:30:00+00:00,1114.6387,6999.7485,19.412724
6991,2016-10-18 07:30:00+00:00,1914.5714,6984.0405,19.502277
6992,2016-10-18 08:30:00+00:00,1131.7513,7176.835,19.611015
6993,2016-10-18 09:30:00+00:00,2002.5778,7270.97,19.664724
6994,2016-10-18 10:30:00+00:00,1075.6345,8612.934,19.88172
6995,2016-10-18 11:30:00+00:00,1945.6066,13103.091,18.521559
6996,2016-10-18 12:30:00+00:00,2167.024,24332.188,18.168875
6997,2016-10-18 13:30:00+00:00,2265.5925,26732.926,18.379677
6998,2016-10-18 14:30:00+00:00,2224.6885,29909.64,18.459087
6999,2016-10-18 15:30:00+00:00,2243.2495,32491.719,18.142368
7000,2016-10-18 16:30:00+00:00,2220.5198,27357.275,16.990496
7001,2016-10-18 17:30:00+00:00,2232.7102,31244.111,17.191435
7002,2016-10-18 18:30:00+00:00,2216.432,33280.297,17.095201
7003,2016-10-18 19:30:00+00:00,2174.7014,31299.764,15.926075
7004,2016-10-18 20:30:00+00:00,2132.503,28054.277,14.752731
7005,2016-10-18 21:30:00+00:00,2121.503,21400.635,14.412333
7006,2016-10-18 22:30:00+00:00,1317.0964,11143.024,10.122532
7007,2016-10-18 23:30:00+00:00,849.29584,7298.4307,8.507717
7008,2016-10-19 00:30:00+00:00,1116.8898,7363.838,9.112119
7009,2016-10-19 01:30:00+00:00,1249.983,7417.067,9.387597
7010,2016-10-19 02:30:00+00:00,811.3314,7409.7446,8.382934
7011,2016-10-19 03:30:00+00:00,1181.025,7416.8345,9.254133
7012,2016-10-19 04:30:00+00:00,803.7572,7528.1255,8.498812
7013,2016-10-19 05:30:00+00:00,487.9466,7389.422,7.2535844
7014,2016-10-19 06:30:00+00:00,359.40778,7538.0713,6.60542
7015,2016-10-19 07:30:00+00:00,607.34,7479.4214,7.582361
7016,2016-10-19 08:30:00+00:00,346.52625,7339.818,6.8507934
7017,2016-10-19 09:30:00+00:00,117.204155,7519.945,5.0272236
7018,2016-10-19 10:30:00+00:00,64.56979,8712.994,3.8373516
7019,2016-10-19 11:30:00+00:00,0,13044.751,2.112343
7020,2016-10-19 12:30:00+00:00,8.930207,24788.562,1.8955352
7021,2016-10-19 13:30:00+00:00,0,26633.314,1.4297543
7022,2016-10-19 14:30:00+00:00,16.527807,29011,2.6638298
7023,2016-10-19 15:30:00+00:00,25.038979,32407.15,3.0320818
7024,2016-10-19 16:30:00+00:00,69.157814,26686.982,3.6120987
7025,2016-10-19 17:30:00+00:00,88.61495,31259.316,3.8587763
7026,2016-10-19 18:30:00+00:00,113.994705,34202.31,4.295294
7027,2016-10-19 19:30:00+00:00,139.26292,32334.623,4.6497383
7028,2016-10-19 20:30:00+00:00,178.58057,29113.066,4.9345
7029,2016-10-19 21:30:00+00:00,114.62317,22869.412,4.4828176
7030,2016-10-19 22:30:00+00:00,57.034042,11663.495,3.3964994
7031,2016-10-19 23:30:00+00:00,92.4257,7524.2563,3.8178036
7032,2016-10-20 00:30:00+00:00,40.945133,7507.027,3.8915899
7033,2016-10-20 01:30:00+00:00,10.58873,7537.2437,3.158304
7034,2016-10-20 02:30:00+00:00,100.147095,7335.971,4.624381
7035,2016-10-20 03:30:00+00:00,83.994125,7336.5557,4.6829534
7036,2016-10-20 04:30:00+00:00,26.077742,7410.8667,3.7826228
7037,2016-10-20 05:30:00+00:00,65.09593,7387.4854,3.843789
7038,2016-10-20 06:30:00+00:00,32.95409,7754.7603,3.1372888
7039,2016-10-20 07:30:00+00:00,0,7832.7686,1.8339751
7040,2016-10-20 08:30:00+00:00,24.62338,7624.5474,1.9185961
7041,2016-10-20 09:30:00+00:00,252.24959,7833.1704,6.0861125
7042,2016-10-20 10:30:00+00:00,41.61785,9338.34,3.5959482
7043,2016-10-20 11:30:00+00:00,0,13690.774,1.8269852
7044,2016-10-20 12:30:00+00:00,148.55472,25766.584,4.6983514
7045,2016-10-20 13:30:00+00:00,779.9409,27194.607,8.322325
7046,2016-10-20 14:30:00+00:00,259.0769,30255.406,5.718563
7047,2016-10-20 15:30:00+00:00,183.34421,33478.703,4.876957
7048,2016-10-20 16:30:00+00:00,85.06163,27575.562,3.6406398
7049,2016-10-20 17:30:00+00:00,9.511549,31735.152,2.485695
7050,2016-10-20 18:30:00+00:00,0,34175.22,1.5636188
7051,2016-10-20 19:30:00+00:00,25.829727,32075.664,2.1474516
7052,2016-10-20 20:30:00+00:00,92.20522,28844.975,3.6838183
7053,2016-10-20 21:30:00+00:00,45.973927,22259.264,3.290842
7054,2016-10-20 22:30:00+00:00,27.853777,11389.347,2.4151773
7055,2016-10-20 23:30:00+00:00,8.096318,7373.7056,1.8171723
7056,2016-10-21 00:30:00+00:00,49.811848,7441.7603,2.8877864
7057,2016-10-21 01:30:00+00:00,664.6898,7408.152,7.5629473
7058,2016-10-21 02:30:00+00:00,1546.2871,7256.535,10.085433
7059,2016-10-21 03:30:00+00:00,1412.4178,7234.6357,10.503595
7060,2016-10-21 04:30:00+00:00,1437.1205,7379.1523,10.501921
7061,2016-10-21 05:30:00+00:00,1886.2515,7172.439,11.549445
7062,2016-10-21 06:30:00+00:00,2151.1208,7317.356,12.611903
7063,2016-10-21 07:30:00+00:00,1346.6649,7454.334,10.283141
7064,2016-10-21 08:30:00+00:00,2034.6401,7299.8564,12.151154
7065,2016-10-21 09:30:00+00:00,2081.9163,7535.9565,12.173626
7066,2016-10-21 10:30:00+00:00,2130.0671,8960.5,12.711825
7067,2016-10-21 11:30:00+00:00,1676.681,13326.532,10.861399
7068,2016-10-21 12:30:00+00:00,2131.737,24672.402,12.852732
7069,2016-10-21 13:30:00+00:00,2101.215,26051.291,13.352594
7070,2016-10-21 14:30:00+00:00,2100.009,28904.602,11.746295
7071,2016-10-21 15:30:00+00:00,1809.0093,31602.602,10.896839
7072,2016-10-21 16:30:00+00:00,1844.7283,26293.293,11.1148405
7073,2016-10-21 17:30:00+00:00,1246.2938,30210.227,9.8150215
7074,2016-10-21 18:30:00+00:00,1545.8301,32631.768,10.366385
7075,2016-10-21 19:30:00+00:00,1423.4363,31029.389,10.022172
7076,2016-10-21 20:30:00+00:00,1341.0028,28009.473,9.707124
7077,2016-10-21 21:30:00+00:00,1416.8286,22038.56,9.885651
7078,2016-10-21 22:30:00+00:00,1511.8164,11685.775,10.277455
7079,2016-10-21 23:30:00+00:00,1542.4213,7776.1216,10.588837
7080,2016-10-22 00:30:00+00:00,2098.43,7733.7334,13.136454
7081,2016-10-22 01:30:00+00:00,2159.1792,7710.0005,12.921153
7082,2016-10-22 02:30:00+00:00,2120.915,7668.977,12.696308
7083,2016-10-22 03:30:00+00:00,2090.2217,7710.734,12.901966
7084,2016-10-22 04:30:00+00:00,2091.9363,7849.834,12.943673
7085,2016-10-22 05:30:00+00:00,2102.3127,7761.983,12.871675
7086,2016-10-22 06:30:00+00:00,2096.9058,7647.55,12.592358
7087,2016-10-22 07:30:00+00:00,2088.9324,7600.09,12.179037
7088,2016-10-22 08:30:00+00:00,1962.2363,7579.4307,11.585111
7089,2016-10-22 09:30:00+00:00,1896.079,7482.1084,11.434265
7090,2016-10-22 10:30:00+00:00,1202.235,7617.02,9.76496
7091,2016-10-22 11:30:00+00:00,1915.0498,7616.1997,11.508297
7092,2016-10-22 12:30:00+00:00,2105.0808,7428.7485,13.570107
7093,2016-10-22 13:30:00+00:00,2062.8984,7431.4443,12.143026
7094,2016-10-22 14:30:00+00:00,1233.7916,7679.621,9.451411
7095,2016-10-22 15:30:00+00:00,1157.1472,7507.681,9.277778
7096,2016-10-22 16:30:00+00:00,2051.0093,7591.7734,12.106552
7097,2016-10-22 17:30:00+00:00,2166.3425,7622.502,12.495331
7098,2016-10-22 18:30:00+00:00,2203.041,7715.6045,13.032348
7099,2016-10-22 19:30:00+00:00,2151.2415,7696.0854,12.903791
7100,2016-10-22 20:30:00+00:00,2133.6172,7672.7427,12.440437
7101,2016-10-22 21:30:00+00:00,2025.5656,7543.2666,11.771784
7102,2016-10-22 22:30:00+00:00,1863.6785,7456.093,11.440431
7103,2016-10-22 23:30:00+00:00,1850.8922,7387.2603,11.580334
7104,2016-10-23 00:30:00+00:00,2105.93,7509.261,12.397054
7105,2016-10-23 01:30:00+00:00,2135.3137,7555.565,12.321787
7106,2016-10-23 02:30:00+00:00,2105.7246,7526.11,12.144966
7107,2016-10-23 03:30:00+00:00,2078.6672,7572.751,12.039856
7108,2016-10-23 04:30:00+00:00,2070.846,7473.484,12.089088
7109,2016-10-23 05:30:00+00:00,2062.7468,7603.8394,11.980694
7110,2016-10-23 06:30:00+00:00,1806.5288,7450.0166,11.177326
7111,2016-10-23 07:30:00+00:00,1607.8054,7541.9175,10.713176
7112,2016-10-23 08:30:00+00:00,1717.7683,7594.409,10.956567
7113,2016-10-23 09:30:00+00:00,1200.2852,7624.7524,9.909663
7114,2016-10-23 10:30:00+00:00,1825.785,7537.085,11.346836
7115,2016-10-23 11:30:00+00:00,1202.9602,7377.45,9.893799
7116,2016-10-23 12:30:00+00:00,1301.1168,7285.7373,9.8264675
7117,2016-10-23 13:30:00+00:00,688.86646,7493.173,7.8911896
7118,2016-10-23 14:30:00+00:00,537.3071,7630.7896,7.4787536
7119,2016-10-23 15:30:00+00:00,1000.93286,7565.507,8.95284
7120,2016-10-23 16:30:00+00:00,603.7827,7439.133,8.053229
7121,2016-10-23 17:30:00+00:00,666.7387,7377.4546,8.013754
7122,2016-10-23 18:30:00+00:00,697.77496,7258.4014,7.8680105
7123,2016-10-23 19:30:00+00:00,742.7864,7249.4307,7.9060616
7124,2016-10-23 20:30:00+00:00,496.97278,7255.602,6.9500613
7125,2016-10-23 21:30:00+00:00,615.6733,7268.3745,7.359002
7126,2016-10-23 22:30:00+00:00,397.69925,7434.2783,6.3523483
7127,2016-10-23 23:30:00+00:00,345.82874,7394.436,6.388845
7128,2016-10-24 00:30:00+00:00,335.6021,7384.0903,6.3695664
7129,2016-10-24 01:30:00+00:00,528.936,7474.608,7.385782
7130,2016-10-24 02:30:00+00:00,643.82684,7480.411,7.8708706
7131,2016-10-24 03:30:00+00:00,1480.6593,7349.0186,10.2963295
7132,2016-10-24 04:30:00+00:00,1948.391,7384.594,11.482645
7133,2016-10-24 05:30:00+00:00,1341.7245,7336.2065,10.362058
7134,2016-10-24 06:30:00+00:00,1709.192,7529.1074,10.883677
7135,2016-10-24 07:30:00+00:00,1855.6705,7570.451,11.125424
7136,2016-10-24 08:30:00+00:00,1555.0332,7425.5493,10.547789
7137,2016-10-24 09:30:00+00:00,899.8128,7394.1655,8.538503
7138,2016-10-24 10:30:00+00:00,1731.2069,8727.027,11.065495
7139,2016-10-24 11:30:00+00:00,739.23914,12464.987,7.0680985
7140,2016-10-24 12:30:00+00:00,860.35236,23482.47,8.744437
7141,2016-10-24 13:30:00+00:00,2087.6838,24796.924,12.374434
7142,2016-10-24 14:30:00+00:00,1939.8098,28021.58,11.543155
7143,2016-10-24 15:30:00+00:00,1590.3738,31060.48,10.359582
7144,2016-10-24 16:30:00+00:00,1975.5786,26147.691,11.334309
7145,2016-10-24 17:30:00+00:00,2180.3228,30141.225,12.388644
7146,2016-10-24 18:30:00+00:00,2220.2073,32658.918,13.278589
7147,2016-10-24 19:30:00+00:00,2191.7312,31146.26,13.539505
7148,2016-10-24 20:30:00+00:00,2156.225,28079.217,13.189443
7149,2016-10-24 21:30:00+00:00,2128.0847,21968.852,12.0131035
7150,2016-10-24 22:30:00+00:00,1945.2832,11282.441,11.571902
7151,2016-10-24 23:30:00+00:00,1558.9614,7533.6006,10.6780205
7152,2016-10-25 00:30:00+00:00,1214.7661,7470.0894,9.698087
7153,2016-10-25 01:30:00+00:00,1461.0577,7575.9243,10.176671
7154,2016-10-25 02:30:00+00:00,1597.8428,7442.2363,10.396763
7155,2016-10-25 03:30:00+00:00,2082.4214,7493.845,12.061203
7156,2016-10-25 04:30:00+00:00,2041.6536,7456.9966,12.345495
7157,2016-10-25 05:30:00+00:00,1373.3082,7318.152,10.344114
7158,2016-10-25 06:30:00+00:00,679.78375,7583.7637,7.8889027
7159,2016-10-25 07:30:00+00:00,246.9025,7576.162,5.980618
7160,2016-10-25 08:30:00+00:00,314.77338,7417.993,5.8408914
7161,2016-10-25 09:30:00+00:00,455.28137,7629.9507,7.49195
7162,2016-10-25 10:30:00+00:00,160.80814,8879.658,5.6062484
7163,2016-10-25 11:30:00+00:00,698.43854,12705.636,8.181057
7164,2016-10-25 12:30:00+00:00,1477.9666,23355.566,10.249686
7165,2016-10-25 13:30:00+00:00,649.2851,25016.62,7.2813983
7166,2016-10-25 14:30:00+00:00,287.38113,27820.98,5.8865895
7167,2016-10-25 15:30:00+00:00,1390.1062,30553.922,10.326067
7168,2016-10-25 16:30:00+00:00,884.4977,24807.412,8.512482
7169,2016-10-25 17:30:00+00:00,1202.7767,28790.97,9.420938
7170,2016-10-25 18:30:00+00:00,1067.7721,31425.373,8.988869
7171,2016-10-25 19:30:00+00:00,1119.2773,30216.215,9.115303
7172,2016-10-25 20:30:00+00:00,934.2448,27169.443,8.608382
7173,2016-10-25 21:30:00+00:00,701.67584,21128.43,7.9367456
7174,2016-10-25 22:30:00+00:00,686.02435,11150.401,7.9492435
7175,2016-10-25 23:30:00+00:00,813.2155,7541.6533,8.4044695
7176,2016-10-26 00:30:00+00:00,686.86664,7568.965,8.038583
7177,2016-10-26 01:30:00+00:00,409.7186,7720.1826,6.6519747
7178,2016-10-26 02:30:00+00:00,266.15128,7697.2393,6.284634
7179,2016-10-26 03:30:00+00:00,336.52042,7587.6855,6.530856
7180,2016-10-26 04:30:00+00:00,341.54822,7721.049,6.7361093
7181,2016-10-26 05:30:00+00:00,435.18628,7600.4263,7.20458
7182,2016-10-26 06:30:00+00:00,344.64844,8220.268,6.742029
7183,2016-10-26 07:30:00+00:00,194.358,8244.491,5.629566
7184,2016-10-26 08:30:00+00:00,382.34674,8179.909,6.682259
7185,2016-10-26 09:30:00+00:00,562.6654,8241.402,7.6701083
7186,2016-10-26 10:30:00+00:00,367.4811,9583.832,7.087044
7187,2016-10-26 11:30:00+00:00,150.8165,13838.977,5.3480597
7188,2016-10-26 12:30:00+00:00,0,24759.486,3.1080315
7189,2016-10-26 13:30:00+00:00,80.22461,26204.83,3.8500004
7190,2016-10-26 14:30:00+00:00,0,28830.25,3.1457944
7191,2016-10-26 15:30:00+00:00,0,31417.932,2.7879696
7192,2016-10-26 16:30:00+00:00,77.9688,25752.518,4.2167487
7193,2016-10-26 17:30:00+00:00,12.336011,29512.479,2.8972347
7194,2016-10-26 18:30:00+00:00,39.946323,32166.268,3.4874222
7195,2016-10-26 19:30:00+00:00,90.796684,30559.344,4.1155806
7196,2016-10-26 20:30:00+00:00,178.85681,27564.955,5.0958357
7197,2016-10-26 21:30:00+00:00,496.81876,21265.588,6.931912
7198,2016-10-26 22:30:00+00:00,281.53677,10718.484,6.0262117
7199,2016-10-26 23:30:00+00:00,875.08984,7196.613,8.59893
7200,2016-10-27 00:30:00+00:00,1896.3077,7416.517,11.342586
7201,2016-10-27 01:30:00+00:00,1413.4325,7488.4917,10.756757
7202,2016-10-27 02:30:00+00:00,1983.6898,7327.243,11.905409
7203,2016-10-27 03:30:00+00:00,1242.1666,7285.134,9.93498
7204,2016-10-27 04:30:00+00:00,1677.4985,7360.533,11.250985
7205,2016-10-27 05:30:00+00:00,1857.6876,7285.5215,11.407111
7206,2016-10-27 06:30:00+00:00,2192.2463,7513.495,13.372969
7207,2016-10-27 07:30:00+00:00,2156.7495,7359.6533,13.231791
7208,2016-10-27 08:30:00+00:00,2140.6338,7301.719,13.487856
7209,2016-10-27 09:30:00+00:00,2182.4417,7473.0103,14.954547
7210,2016-10-27 10:30:00+00:00,2166.815,8783.375,14.472715
7211,2016-10-27 11:30:00+00:00,2208.8967,12587.676,15.790878
7212,2016-10-27 12:30:00+00:00,2229.675,23495.463,16.744823
7213,2016-10-27 13:30:00+00:00,2168.1604,25071.023,15.024481
7214,2016-10-27 14:30:00+00:00,2189.7085,27798.582,16.10402
7215,2016-10-27 15:30:00+00:00,2077.629,30774.459,12.484807
7216,2016-10-27 16:30:00+00:00,1298.3418,25285.844,9.828293
7217,2016-10-27 17:30:00+00:00,1706.6991,29274.297,10.849769
7218,2016-10-27 18:30:00+00:00,2083.7703,31785.193,11.963165
7219,2016-10-27 19:30:00+00:00,2177.8616,30217.895,13.449932
7220,2016-10-27 20:30:00+00:00,2174.2026,27114.986,14.17569
7221,2016-10-27 21:30:00+00:00,2020.452,21155.447,11.723708
7222,2016-10-27 22:30:00+00:00,1754.6575,11051.964,10.955074
7223,2016-10-27 23:30:00+00:00,2058.8218,7288.792,12.234957
7224,2016-10-28 00:30:00+00:00,1512.4359,7425.7573,10.415904
7225,2016-10-28 01:30:00+00:00,1188.536,7312.4355,9.460212
7226,2016-10-28 02:30:00+00:00,1973.4243,7351.3887,12.050818
7227,2016-10-28 03:30:00+00:00,1780.4998,7417.633,10.888246
7228,2016-10-28 04:30:00+00:00,2060.2961,7372.1577,11.852122
7229,2016-10-28 05:30:00+00:00,1989.4988,7528.859,11.328705
7230,2016-10-28 06:30:00+00:00,1459.1029,7835.251,10.295072
7231,2016-10-28 07:30:00+00:00,927.1031,7906.5435,8.900679
7232,2016-10-28 08:30:00+00:00,417.4687,7903.744,6.8197865
7233,2016-10-28 09:30:00+00:00,375.29596,8031.846,6.308468
7234,2016-10-28 10:30:00+00:00,95.69346,9687.716,4.451508
7235,2016-10-28 11:30:00+00:00,9.5621605,13724.543,3.864194
7236,2016-10-28 12:30:00+00:00,0,23955.35,1.8396271
7237,2016-10-28 13:30:00+00:00,21.329784,25766.816,1.867851
7238,2016-10-28 14:30:00+00:00,0,28145.32,1.3261803
7239,2016-10-28 15:30:00+00:00,2.198849,30681.178,1.6729497
7240,2016-10-28 16:30:00+00:00,0,25425.592,1.5295469
7241,2016-10-28 17:30:00+00:00,24.188982,29817.348,2.468673
7242,2016-10-28 18:30:00+00:00,44.20232,32652.086,3.048562
7243,2016-10-28 19:30:00+00:00,97.146996,31493.143,4.089437
7244,2016-10-28 20:30:00+00:00,127.74067,28462.807,4.3472657
7245,2016-10-28 21:30:00+00:00,255.66382,22322.15,5.3795996
7246,2016-10-28 22:30:00+00:00,674.1278,12046.896,7.493698
7247,2016-10-28 23:30:00+00:00,1388.9598,7718.328,9.997412
7248,2016-10-29 00:30:00+00:00,2300,7521.117,12.951516
7249,2016-10-29 01:30:00+00:00,2296.0635,7491.0684,14.61547
7250,2016-10-29 02:30:00+00:00,2262.7827,7343.9116,16.117222
7251,2016-10-29 03:30:00+00:00,2162.736,7254.5996,15.785842
7252,2016-10-29 04:30:00+00:00,2195.566,7330.698,16.920053
7253,2016-10-29 05:30:00+00:00,2146.6418,7261.1,15.119098
7254,2016-10-29 06:30:00+00:00,2185.9272,7184.4277,16.408104
7255,2016-10-29 07:30:00+00:00,2203.8853,7270.021,17.082561
7256,2016-10-29 08:30:00+00:00,2246.6147,7295.1646,18.300665
7257,2016-10-29 09:30:00+00:00,2211.8376,7131.1343,17.209038
7258,2016-10-29 10:30:00+00:00,2157.8914,7051.4214,15.278531
7259,2016-10-29 11:30:00+00:00,2124.4292,6971.1655,14.159775
7260,2016-10-29 12:30:00+00:00,2154.012,6859.0063,15.24548
7261,2016-10-29 13:30:00+00:00,2159.0864,6946.044,15.526014
7262,2016-10-29 14:30:00+00:00,2145.3223,7046.397,14.762121
7263,2016-10-29 15:30:00+00:00,2137.7112,6998.9736,14.081814
7264,2016-10-29 16:30:00+00:00,2097.1926,7184.817,12.15077
7265,2016-10-29 17:30:00+00:00,2000.815,7301.283,11.463863
7266,2016-10-29 18:30:00+00:00,959.2949,7400.983,8.301518
7267,2016-10-29 19:30:00+00:00,773.3137,7404.253,7.963002
7268,2016-10-29 20:30:00+00:00,1007.6597,7199.3296,8.555339
7269,2016-10-29 21:30:00+00:00,1197.5803,7127.4873,9.193767
7270,2016-10-29 22:30:00+00:00,1082.5594,7205.4434,9.144602
7271,2016-10-29 23:30:00+00:00,1235.8358,7177.296,9.724963
7272,2016-10-30 00:30:00+00:00,1279.6543,7104.809,9.918735
7273,2016-10-30 01:30:00+00:00,736.95056,7174.6133,8.068123
7274,2016-10-30 02:30:00+00:00,683.50916,7297.74,7.994831
7275,2016-10-30 03:30:00+00:00,646.85016,7200.041,7.6670666
7276,2016-10-30 04:30:00+00:00,316.65692,7112.7783,6.1125283
7277,2016-10-30 05:30:00+00:00,201.68468,7358.8955,5.7386303
7278,2016-10-30 06:30:00+00:00,85.6006,7496.6753,4.4471116
7279,2016-10-30 07:30:00+00:00,102.88279,7443.7935,4.833362
7280,2016-10-30 08:30:00+00:00,301.92996,7422.0186,6.268209
7281,2016-10-30 09:30:00+00:00,312.3061,7374.2393,6.5610046
7282,2016-10-30 10:30:00+00:00,198.08931,7205.6655,5.749499
7283,2016-10-30 11:30:00+00:00,131.45166,7062.0337,4.6993465
7284,2016-10-30 12:30:00+00:00,107.879776,7061.8066,4.1544676
7285,2016-10-30 13:30:00+00:00,182.77829,7170.1343,5.0203056
7286,2016-10-30 14:30:00+00:00,384.33057,7245.5337,6.428866
7287,2016-10-30 15:30:00+00:00,266.81506,7316.931,5.9567094
7288,2016-10-30 16:30:00+00:00,322.47333,7300.0225,6.1042047
7289,2016-10-30 17:30:00+00:00,414.8525,7204.9556,6.497207
7290,2016-10-30 18:30:00+00:00,225.08119,7135.1216,5.5411453
7291,2016-10-30 19:30:00+00:00,282.8938,7282.6387,5.71205
7292,2016-10-30 20:30:00+00:00,495.9982,7263.3657,6.73404
7293,2016-10-30 21:30:00+00:00,688.91724,7260.9443,7.487039
7294,2016-10-30 22:30:00+00:00,738.2219,7336.6797,7.834116
7295,2016-10-30 23:30:00+00:00,703.205,7384.5947,7.8813467
7296,2016-10-31 00:30:00+00:00,787.7294,7276.326,8.233179
7297,2016-10-31 01:30:00+00:00,453.14117,7391.4653,6.6957393
7298,2016-10-31 02:30:00+00:00,157.22124,7339.6064,5.202087
7299,2016-10-31 03:30:00+00:00,34.255432,7321.1846,3.7652583
7300,2016-10-31 04:30:00+00:00,2.9218566,7262.9556,2.8004048
7301,2016-10-31 05:30:00+00:00,35.076305,7111.0327,3.6357157
7302,2016-10-31 06:30:00+00:00,47.46302,7106.867,3.9794621
7303,2016-10-31 07:30:00+00:00,10.672167,7531.7954,1.9468497
7304,2016-10-31 08:30:00+00:00,0.415539,7609.8555,1.2541707
7305,2016-10-31 09:30:00+00:00,45.27963,7584.0376,2.390532
7306,2016-10-31 10:30:00+00:00,23.12677,8789.068,2.4999728
7307,2016-10-31 11:30:00+00:00,33.770844,12394.27,2.9652355
7308,2016-10-31 12:30:00+00:00,32.257988,23041.998,3.0337043
7309,2016-10-31 13:30:00+00:00,135.80807,24908.098,4.5552244
7310,2016-10-31 14:30:00+00:00,88.622925,28004.377,4.285445
7311,2016-10-31 15:30:00+00:00,46.683132,30788.516,3.660342
7312,2016-10-31 16:30:00+00:00,67.05707,25251.254,3.8127785
7313,2016-10-31 17:30:00+00:00,36.183083,28934.99,3.3930156
7314,2016-10-31 18:30:00+00:00,30.60367,32014.242,3.1824312
7315,2016-10-31 19:30:00+00:00,86.41201,30376.227,3.918796
7316,2016-10-31 20:30:00+00:00,121.255066,27462.992,4.384347
7317,2016-10-31 21:30:00+00:00,358.35443,21448.242,6.164131
7318,2016-10-31 22:30:00+00:00,653.8957,11070.143,7.522518
7319,2016-10-31 23:30:00+00:00,1312.512,7212.998,9.758103
7320,2016-11-01 00:30:00+00:00,2155.4053,7276.0205,12.250936
7321,2016-11-01 01:30:00+00:00,2300,7241.9624,13.096778
7322,2016-11-01 02:30:00+00:00,2204.2043,7220.137,13.589951
7323,2016-11-01 03:30:00+00:00,2143.5383,7175.797,14.519542
7324,2016-11-01 04:30:00+00:00,2145.193,7170.0635,15.098401
7325,2016-11-01 05:30:00+00:00,2152.8604,7240.7847,14.88335
7326,2016-11-01 06:30:00+00:00,2158.5781,7298.671,14.463451
7327,2016-11-01 07:30:00+00:00,2170.9268,7185.0415,14.82889
7328,2016-11-01 08:30:00+00:00,2174.9775,7164.325,15.249405
7329,2016-11-01 09:30:00+00:00,2203.9495,7391.5815,16.528908
7330,2016-11-01 10:30:00+00:00,2156.9062,8547.218,15.292905
7331,2016-11-01 11:30:00+00:00,2189.531,12431.29,16.291094
7332,2016-11-01 12:30:00+00:00,2220.782,23391.135,17.582052
7333,2016-11-01 13:30:00+00:00,2171.9207,25762.797,15.639177
7334,2016-11-01 14:30:00+00:00,2184.034,28425.645,15.512778
7335,2016-11-01 15:30:00+00:00,2180.9468,31541.697,15.089871
7336,2016-11-01 16:30:00+00:00,2188.8074,25887.95,14.851647
7337,2016-11-01 17:30:00+00:00,2154.0967,29565.842,13.243095
7338,2016-11-01 18:30:00+00:00,2140.1055,31789.959,12.385979
7339,2016-11-01 19:30:00+00:00,2137.238,30238.59,12.1870365
7340,2016-11-01 20:30:00+00:00,1979.6711,27049.283,11.615482
7341,2016-11-01 21:30:00+00:00,1646.949,20418.324,10.823363
7342,2016-11-01 22:30:00+00:00,1869.4989,10512.783,11.545029
7343,2016-11-01 23:30:00+00:00,2158.7502,6690.5625,13.3278055
7344,2016-11-02 00:30:00+00:00,2177.4382,6903.265,13.32356
7345,2016-11-02 01:30:00+00:00,2125.3936,6873.1885,12.2795515
7346,2016-11-02 02:30:00+00:00,1784.8934,6837.284,11.215375
7347,2016-11-02 03:30:00+00:00,800.046,6866.984,7.954157
7348,2016-11-02 04:30:00+00:00,606.4302,6937.349,7.195201
7349,2016-11-02 05:30:00+00:00,405.45523,6786.8364,6.2797394
7350,2016-11-02 06:30:00+00:00,106.90532,6952.433,4.8044353
7351,2016-11-02 07:30:00+00:00,111.95752,6837.072,5.282856
7352,2016-11-02 08:30:00+00:00,15.87912,6928.969,4.056379
7353,2016-11-02 09:30:00+00:00,43.347095,7172.288,4.4273496
7354,2016-11-02 10:30:00+00:00,18.210562,8721.303,3.5936215
7355,2016-11-02 11:30:00+00:00,0,12889.729,2.2192183
7356,2016-11-02 12:30:00+00:00,27.64922,23936.176,2.8078077
7357,2016-11-02 13:30:00+00:00,0,25045.74,1.4761562
7358,2016-11-02 14:30:00+00:00,12.580555,27195.816,2.2302213
7359,2016-11-02 15:30:00+00:00,49.754063,29648.152,3.6795835
7360,2016-11-02 16:30:00+00:00,0,24409.86,2.1267593
7361,2016-11-02 17:30:00+00:00,113.70615,28593.623,4.22976
7362,2016-11-02 18:30:00+00:00,15.008885,31189,1.7776023
7363,2016-11-02 19:30:00+00:00,0,29989.182,1.4673233
7364,2016-11-02 20:30:00+00:00,39.210506,26699.482,2.1499877
7365,2016-11-02 21:30:00+00:00,4.258585,20581.229,1.5287689
7366,2016-11-02 22:30:00+00:00,33.352493,10695.991,1.6156489
7367,2016-11-02 23:30:00+00:00,7.342217,6971.5103,1.7317576
7368,2016-11-03 00:30:00+00:00,38.014133,7073.795,2.9899125
7369,2016-11-03 01:30:00+00:00,35.89123,7038.7334,3.4981174
7370,2016-11-03 02:30:00+00:00,0,6992.9805,2.1698422
7371,2016-11-03 03:30:00+00:00,127.38422,7048.1436,4.7169886
7372,2016-11-03 04:30:00+00:00,82.96905,7091.3257,4.2491646
7373,2016-11-03 05:30:00+00:00,86.25246,6994.426,4.218234
7374,2016-11-03 06:30:00+00:00,84.538925,7085.8013,3.8363962
7375,2016-11-03 07:30:00+00:00,197.25298,7020.374,5.1610813
7376,2016-11-03 08:30:00+00:00,197.03453,6967.158,5.3487554
7377,2016-11-03 09:30:00+00:00,633.0103,7208.3965,7.831327
7378,2016-11-03 10:30:00+00:00,340.28513,8496.547,6.727853
7379,2016-11-03 11:30:00+00:00,295.3178,12447.479,6.221136
7380,2016-11-03 12:30:00+00:00,52.342438,23389.904,3.6104624
7381,2016-11-03 13:30:00+00:00,56.303642,24568.254,3.1117287
7382,2016-11-03 14:30:00+00:00,627.7788,26654.45,7.909003
7383,2016-11-03 15:30:00+00:00,220.33093,29596.521,5.6052055
7384,2016-11-03 16:30:00+00:00,306.59097,24408.512,5.927565
7385,2016-11-03 17:30:00+00:00,390.20648,28337.55,6.2815204
7386,2016-11-03 18:30:00+00:00,157.25461,30930.146,4.5888495
7387,2016-11-03 19:30:00+00:00,268.0196,29405.004,5.6175947
7388,2016-11-03 20:30:00+00:00,938.31647,26477.33,8.313194
7389,2016-11-03 21:30:00+00:00,879.8247,20337.152,8.410338
7390,2016-11-03 22:30:00+00:00,560.88336,10630.991,7.4294505
7391,2016-11-03 23:30:00+00:00,485.2448,6927.215,7.16141
7392,2016-11-04 00:30:00+00:00,834.8969,7111.3066,8.342796
7393,2016-11-04 01:30:00+00:00,851.3349,7143.538,8.53136
7394,2016-11-04 02:30:00+00:00,1128.0393,7075.472,9.31097
7395,2016-11-04 03:30:00+00:00,1184.0643,7061.205,9.502035
7396,2016-11-04 04:30:00+00:00,763.0912,7118.0864,8.299147
7397,2016-11-04 05:30:00+00:00,451.5312,7023.7715,7.2273397
7398,2016-11-04 06:30:00+00:00,686.52515,7133.556,7.823435
7399,2016-11-04 07:30:00+00:00,499.27405,7186.246,7.4882393
7400,2016-11-04 08:30:00+00:00,155.24763,7196.702,5.282644
7401,2016-11-04 09:30:00+00:00,169.4644,7435.0776,5.1901026
7402,2016-11-04 10:30:00+00:00,340.13297,8870.726,6.430794
7403,2016-11-04 11:30:00+00:00,129.75899,12889.749,5.421812
7404,2016-11-04 12:30:00+00:00,7.397379,22884.768,3.6065314
7405,2016-11-04 13:30:00+00:00,16.721962,24682.434,2.7634048
7406,2016-11-04 14:30:00+00:00,0,28110.258,1.6540401
7407,2016-11-04 15:30:00+00:00,5.0389566,30166.83,2.080088
7408,2016-11-04 16:30:00+00:00,86.69277,24842.79,4.288333
7409,2016-11-04 17:30:00+00:00,411.16306,28693.826,6.519099
7410,2016-11-04 18:30:00+00:00,195.13799,31762.086,5.7036915
7411,2016-11-04 19:30:00+00:00,322.26093,30005.533,6.2599487
7412,2016-11-04 20:30:00+00:00,1015.08276,26904.455,8.498633
7413,2016-11-04 21:30:00+00:00,1079.7021,20823.207,9.0531435
7414,2016-11-04 22:30:00+00:00,610.9636,11132.691,7.5611477
7415,2016-11-04 23:30:00+00:00,1103.3087,7519.3,9.460767
7416,2016-11-05 00:30:00+00:00,1664.7782,7459.1577,11.040218
7417,2016-11-05 01:30:00+00:00,2186.6577,7382.091,12.480688
7418,2016-11-05 02:30:00+00:00,2031.249,7398.9595,12.104138
7419,2016-11-05 03:30:00+00:00,1836.8209,7408.465,11.463302
7420,2016-11-05 04:30:00+00:00,1912.3636,7455.987,11.466634
7421,2016-11-05 05:30:00+00:00,2078.59,7406.4785,11.785195
7422,2016-11-05 06:30:00+00:00,1651.2313,7408.0723,10.986677
7423,2016-11-05 07:30:00+00:00,1456.9231,7454.4697,10.478541
7424,2016-11-05 08:30:00+00:00,1752.7605,7405.701,11.045213
7425,2016-11-05 09:30:00+00:00,1634.5927,7434.28,10.989858
7426,2016-11-05 10:30:00+00:00,1341.8275,7302.744,10.382409
7427,2016-11-05 11:30:00+00:00,849.9175,7201.857,8.983065
7428,2016-11-05 12:30:00+00:00,660.4712,7009.485,8.0945015
7429,2016-11-05 13:30:00+00:00,597.3169,7127.134,7.816584
7430,2016-11-05 14:30:00+00:00,439.6867,7114.0293,7.416187
7431,2016-11-05 15:30:00+00:00,341.79715,6956.8623,6.8734646
7432,2016-11-05 16:30:00+00:00,327.41943,7089.7627,6.6188955
7433,2016-11-05 17:30:00+00:00,391.26642,7132.0854,6.8348565
7434,2016-11-05 18:30:00+00:00,357.44553,7256.2446,6.723625
7435,2016-11-05 19:30:00+00:00,383.31802,7239.426,6.743498
7436,2016-11-05 20:30:00+00:00,491.31958,7064.059,7.127193
7437,2016-11-05 21:30:00+00:00,512.8949,7114.1772,7.234804
7438,2016-11-05 22:30:00+00:00,804.6599,7258.8003,8.293801
7439,2016-11-05 23:30:00+00:00,956.88776,7189.009,8.863887
7440,2016-11-06 00:30:00+00:00,809.3403,7167.2354,8.601827
7441,2016-11-06 01:30:00+00:00,715.86005,7299.989,8.259953
7442,2016-11-06 02:30:00+00:00,516.5429,7465.7153,7.520894
7443,2016-11-06 03:30:00+00:00,340.1877,7144.969,6.778463
7444,2016-11-06 04:30:00+00:00,272.65714,7028.3564,6.3447394
7445,2016-11-06 05:30:00+00:00,101.10109,6939.2563,4.8042293
7446,2016-11-06 06:30:00+00:00,13.726496,7212.377,3.979693
7447,2016-11-06 07:30:00+00:00,0,7041.6504,3.087683
7448,2016-11-06 08:30:00+00:00,19.812235,6847.2344,3.4638638
7449,2016-11-06 09:30:00+00:00,0,7052.431,2.5608733
7450,2016-11-06 10:30:00+00:00,6.37033,7091.979,2.389062
7451,2016-11-06 11:30:00+00:00,0,7076.55,1.8287572
7452,2016-11-06 12:30:00+00:00,0,6955.997,1.3366607
7453,2016-11-06 13:30:00+00:00,34.985844,6883.4775,3.270153
7454,2016-11-06 14:30:00+00:00,5.835042,7013.4077,2.978509
7455,2016-11-06 15:30:00+00:00,0,7018.9736,2.0525684
7456,2016-11-06 16:30:00+00:00,0,7006.977,1.7682832
7457,2016-11-06 17:30:00+00:00,0,7080.5127,1.8158064
7458,2016-11-06 18:30:00+00:00,14.1534395,7185.6875,2.7233806
7459,2016-11-06 19:30:00+00:00,14.700063,7128.6245,2.8495517
7460,2016-11-06 20:30:00+00:00,23.845236,7002.936,2.7830954
7461,2016-11-06 21:30:00+00:00,43.426094,7041.0146,2.9270053
7462,2016-11-06 22:30:00+00:00,86.50177,7171.849,3.6585946
7463,2016-11-06 23:30:00+00:00,156.65038,7294.0903,5.039484
7464,2016-11-07 00:30:00+00:00,150.81519,7155.201,5.645236
7465,2016-11-07 01:30:00+00:00,133.80023,7315.4756,5.533664
7466,2016-11-07 02:30:00+00:00,279.114,7367.064,6.245862
7467,2016-11-07 03:30:00+00:00,677.3711,7455.9033,7.874005
7468,2016-11-07 04:30:00+00:00,716.26044,7345.581,8.223151
7469,2016-11-07 05:30:00+00:00,725.3434,7091.1436,8.319221
7470,2016-11-07 06:30:00+00:00,970.327,6954.8154,8.993145
7471,2016-11-07 07:30:00+00:00,693.53064,7034.0225,8.27997
7472,2016-11-07 08:30:00+00:00,520.91486,6979.221,7.6336994
7473,2016-11-07 09:30:00+00:00,641.19135,7011.7383,8.011316
7474,2016-11-07 10:30:00+00:00,698.7305,7133.151,8.372613
7475,2016-11-07 11:30:00+00:00,688.65674,8374.611,8.5112705
7476,2016-11-07 12:30:00+00:00,290.01987,12070.373,6.515076
7477,2016-11-07 13:30:00+00:00,256.66187,22820.482,5.93998
7478,2016-11-07 14:30:00+00:00,100.30163,24579.115,4.8055854
7479,2016-11-07 15:30:00+00:00,79.43264,26452.996,4.754849
7480,2016-11-07 16:30:00+00:00,64.1382,30185.342,4.4927444
7481,2016-11-07 17:30:00+00:00,91.44274,24411.602,4.8879066
7482,2016-11-07 18:30:00+00:00,68.619865,27769.6,4.534435
7483,2016-11-07 19:30:00+00:00,70.7227,30443.178,4.3831306
7484,2016-11-07 20:30:00+00:00,145.92831,28930.768,5.1173406
7485,2016-11-07 21:30:00+00:00,169.0692,26185.36,5.348296
7486,2016-11-07 22:30:00+00:00,537.5016,20084.455,7.2054415
7487,2016-11-07 23:30:00+00:00,1008.3202,10453.821,8.928682
7488,2016-11-08 00:30:00+00:00,1222.3154,6930.738,9.89277
7489,2016-11-08 01:30:00+00:00,1965.4442,7024.6807,11.877003
7490,2016-11-08 02:30:00+00:00,2175.2422,6935.533,12.565593
7491,2016-11-08 03:30:00+00:00,2202.0347,6849.287,13.136347
7492,2016-11-08 04:30:00+00:00,2146.3118,6887.624,13.665751
7493,2016-11-08 05:30:00+00:00,2150.9973,6944.337,13.871231
7494,2016-11-08 06:30:00+00:00,2140.678,6881.096,13.651337
7495,2016-11-08 07:30:00+00:00,2120.7659,7047.9893,12.91805
7496,2016-11-08 08:30:00+00:00,2114.535,6911.9634,12.851171
7497,2016-11-08 09:30:00+00:00,2105.402,6807.9624,12.737405
7498,2016-11-08 10:30:00+00:00,2083.792,7054.1245,12.298804
7499,2016-11-08 11:30:00+00:00,1936.348,8203.636,11.635159
7500,2016-11-08 12:30:00+00:00,1582.8376,11726.43,10.870733
7501,2016-11-08 13:30:00+00:00,1269.409,22344.316,9.928991
7502,2016-11-08 14:30:00+00:00,918.5992,23883.996,8.911472
7503,2016-11-08 15:30:00+00:00,348.29178,27339.332,6.5362306
7504,2016-11-08 16:30:00+00:00,304.34448,29815.896,6.161034
7505,2016-11-08 17:30:00+00:00,295.8317,24040.623,6.2403846
7506,2016-11-08 18:30:00+00:00,647.72345,28063.61,7.956847
7507,2016-11-08 19:30:00+00:00,772.80597,30967.775,8.334471
7508,2016-11-08 20:30:00+00:00,672.1676,29513.598,7.921585
7509,2016-11-08 21:30:00+00:00,401.87125,26466.496,6.7435603
7510,2016-11-08 22:30:00+00:00,230.43681,20233.523,5.770538
7511,2016-11-08 23:30:00+00:00,726.10394,10527.022,8.166951
7512,2016-11-09 00:30:00+00:00,901.6909,6794.347,8.76412
7513,2016-11-09 01:30:00+00:00,1110.9203,6902.3623,9.455753
7514,2016-11-09 02:30:00+00:00,542.46466,6852.6245,7.118463
7515,2016-11-09 03:30:00+00:00,170.68558,6852.5767,5.6898475
7516,2016-11-09 04:30:00+00:00,1530.1802,6848.897,10.902536
7517,2016-11-09 05:30:00+00:00,2161.8591,6915.0845,13.012987
7518,2016-11-09 06:30:00+00:00,2175.251,6771.9688,13.718733
7519,2016-11-09 07:30:00+00:00,2116.8076,6851.615,13.357549
7520,2016-11-09 08:30:00+00:00,2146.151,6915.555,14.276897
7521,2016-11-09 09:30:00+00:00,2122.0159,6936.32,12.822746
7522,2016-11-09 10:30:00+00:00,2147.7837,7381.3667,13.637322
7523,2016-11-09 11:30:00+00:00,2140.4895,8643.685,13.623806
7524,2016-11-09 12:30:00+00:00,2107.6926,12371.855,12.946859
7525,2016-11-09 13:30:00+00:00,1773.1514,22593.428,10.638071
7526,2016-11-09 14:30:00+00:00,1021.2879,24114.281,8.744041
7527,2016-11-09 15:30:00+00:00,1026.3737,26869.783,8.788761
7528,2016-11-09 16:30:00+00:00,558.6499,29985.805,7.4953027
7529,2016-11-09 17:30:00+00:00,575.6629,24918.55,7.6646585
7530,2016-11-09 18:30:00+00:00,301.1626,28347.986,6.292101
7531,2016-11-09 19:30:00+00:00,806.4957,30771.31,8.284222
7532,2016-11-09 20:30:00+00:00,712.9692,29503.697,7.96971
7533,2016-11-09 21:30:00+00:00,660.71985,26630.781,7.854422
7534,2016-11-09 22:30:00+00:00,688.6964,20751.432,7.8848405
7535,2016-11-09 23:30:00+00:00,532.2711,10873.923,7.3090277
7536,2016-11-10 00:30:00+00:00,351.76263,7361.0093,6.4263883
7537,2016-11-10 01:30:00+00:00,199.18634,7315.8496,5.366468
7538,2016-11-10 02:30:00+00:00,101.284775,7333.99,4.3798904
7539,2016-11-10 03:30:00+00:00,194.76039,7241.988,5.62844
7540,2016-11-10 04:30:00+00:00,96.639694,7210.282,4.2413325
7541,2016-11-10 05:30:00+00:00,92.66506,7192.806,4.978316
7542,2016-11-10 06:30:00+00:00,267.31647,7071.18,6.033228
7543,2016-11-10 07:30:00+00:00,1288.93,7366.132,10.063801
7544,2016-11-10 08:30:00+00:00,1896.0326,7134.283,11.534476
7545,2016-11-10 09:30:00+00:00,2210.5632,6968.123,12.661783
7546,2016-11-10 10:30:00+00:00,2164.3801,7017.887,13.035426
7547,2016-11-10 11:30:00+00:00,2165.4233,8136.48,13.042247
7548,2016-11-10 12:30:00+00:00,2179.1074,11686.937,13.871402
7549,2016-11-10 13:30:00+00:00,2191.7102,22620.008,14.503333
7550,2016-11-10 14:30:00+00:00,2193.989,24271.408,14.94733
7551,2016-11-10 15:30:00+00:00,2178.0532,27160.217,14.604945
7552,2016-11-10 16:30:00+00:00,2184.3286,30245.803,14.277074
7553,2016-11-10 17:30:00+00:00,2205.648,24838.719,14.713042
7554,2016-11-10 18:30:00+00:00,2216.4075,28517.604,15.26845
7555,2016-11-10 19:30:00+00:00,2221.472,31173.479,16.063541
7556,2016-11-10 20:30:00+00:00,2219.6267,29575.604,16.960157
7557,2016-11-10 21:30:00+00:00,2231.3804,26521.99,18.406664
7558,2016-11-10 22:30:00+00:00,2223.1863,20282.707,19.060925
7559,2016-11-10 23:30:00+00:00,2199.6147,10508.34,18.442356
7560,2016-11-11 00:30:00+00:00,2185.484,6759.082,18.074926
7561,2016-11-11 01:30:00+00:00,2174.3855,6901.9956,17.105028
7562,2016-11-11 02:30:00+00:00,2156.199,6871.432,15.353779
7563,2016-11-11 03:30:00+00:00,2143.2507,6906.8105,14.538832
7564,2016-11-11 04:30:00+00:00,2129.366,6885.7656,13.997103
7565,2016-11-11 05:30:00+00:00,2119.5784,6929.051,13.481418
7566,2016-11-11 06:30:00+00:00,2152.945,6857.4023,14.781362
7567,2016-11-11 07:30:00+00:00,2142.9907,6961.536,14.870228
7568,2016-11-11 08:30:00+00:00,2130.1355,7017.393,14.385523
7569,2016-11-11 09:30:00+00:00,1870.4014,7036.446,11.2653055
7570,2016-11-11 10:30:00+00:00,2167.3428,7258.092,15.017798
7571,2016-11-11 11:30:00+00:00,2139.7102,8574.209,14.292331
7572,2016-11-11 12:30:00+00:00,2142.4824,12515.279,13.992172
7573,2016-11-11 13:30:00+00:00,2105.3113,22674.656,12.75163
7574,2016-11-11 14:30:00+00:00,2114.9407,24411.2,12.856129
7575,2016-11-11 15:30:00+00:00,2104.0747,26945.908,12.006267
7576,2016-11-11 16:30:00+00:00,2124.1384,29176.379,11.8972025
7577,2016-11-11 17:30:00+00:00,2144.543,25088.654,12.184835
7578,2016-11-11 18:30:00+00:00,1928.94,28696.398,11.109068
7579,2016-11-11 19:30:00+00:00,1926.2968,31413.39,11.107747
7580,2016-11-11 20:30:00+00:00,1785.054,30040.605,10.79112
7581,2016-11-11 21:30:00+00:00,1291.9102,27458.777,9.508384
7582,2016-11-11 22:30:00+00:00,1102.5144,21625.719,9.0626135
7583,2016-11-11 23:30:00+00:00,911.8883,11613.678,8.482643
7584,2016-11-12 00:30:00+00:00,1045.4282,7784.5127,9.007142
7585,2016-11-12 01:30:00+00:00,1007.1336,7620.022,8.905879
7586,2016-11-12 02:30:00+00:00,662.71246,7647.1646,7.6754093
7587,2016-11-12 03:30:00+00:00,533.8238,7599.8555,7.4597235
7588,2016-11-12 04:30:00+00:00,564.2404,7731.181,7.5487223
7589,2016-11-12 05:30:00+00:00,324.69443,7881.0283,6.3128815
7590,2016-11-12 06:30:00+00:00,130.85143,7927.9116,5.0901637
7591,2016-11-12 07:30:00+00:00,43.640095,8062.29,3.9814246
7592,2016-11-12 08:30:00+00:00,13.075812,7940.5557,1.9921851
7593,2016-11-12 09:30:00+00:00,5.859616,7781.275,1.5457567
7594,2016-11-12 10:30:00+00:00,79.37604,7796.8306,4.117064
7595,2016-11-12 11:30:00+00:00,362.14108,7659.6025,6.7301197
7596,2016-11-12 12:30:00+00:00,588.40186,7473.6,7.5670357
7597,2016-11-12 13:30:00+00:00,540.0262,7333.7876,7.3551326
7598,2016-11-12 14:30:00+00:00,388.74216,7251.6865,6.5775237
7599,2016-11-12 15:30:00+00:00,871.29224,7164.4395,8.494712
7600,2016-11-12 16:30:00+00:00,1241.0278,6944.49,9.6909685
7601,2016-11-12 17:30:00+00:00,1769.0093,7015.1436,11.126747
7602,2016-11-12 18:30:00+00:00,1608.7632,7182.2026,10.88324
7603,2016-11-12 19:30:00+00:00,1868.552,7442.0947,11.477981
7604,2016-11-12 20:30:00+00:00,2083.897,7351.7793,12.224558
7605,2016-11-12 21:30:00+00:00,2159.055,7163.767,12.520029
7606,2016-11-12 22:30:00+00:00,2235.499,7182.9487,14.061832
7607,2016-11-12 23:30:00+00:00,2235.5527,7212.309,15.090304
7608,2016-11-13 00:30:00+00:00,2224.364,7186.2427,15.894342
7609,2016-11-13 01:30:00+00:00,2206.2666,7117.6885,16.010397
7610,2016-11-13 02:30:00+00:00,2185.1003,6960.68,15.764186
7611,2016-11-13 03:30:00+00:00,2153.8506,6879.5513,14.986142
7612,2016-11-13 04:30:00+00:00,2123.0073,6947.0083,14.063645
7613,2016-11-13 05:30:00+00:00,2116.8992,6863.926,13.991963
7614,2016-11-13 06:30:00+00:00,2103.4673,6956.4604,13.541118
7615,2016-11-13 07:30:00+00:00,2100.5872,7027.253,13.360357
7616,2016-11-13 08:30:00+00:00,2091.2344,7086.3423,12.995462
7617,2016-11-13 09:30:00+00:00,2081.536,7127.065,12.611011
7618,2016-11-13 10:30:00+00:00,2090.9202,7172.133,12.938157
7619,2016-11-13 11:30:00+00:00,2091.8484,7088.915,13.080153
7620,2016-11-13 12:30:00+00:00,2098.7192,7028.812,13.310338
7621,2016-11-13 13:30:00+00:00,2091.081,6839.487,13.064611
7622,2016-11-13 14:30:00+00:00,2060.61,6886.0186,11.929214
7623,2016-11-13 15:30:00+00:00,1910.9298,6952.5513,11.039142
7624,2016-11-13 16:30:00+00:00,1745.8876,6880.6143,10.879507
7625,2016-11-13 17:30:00+00:00,1933.1979,6868.41,11.434685
7626,2016-11-13 18:30:00+00:00,2172.7651,6763.5127,12.4329815
7627,2016-11-13 19:30:00+00:00,2202.4612,6736.4985,13.069959
7628,2016-11-13 20:30:00+00:00,2193.5012,6788.9507,13.170229
7629,2016-11-13 21:30:00+00:00,2189.486,6798.895,13.933071
7630,2016-11-13 22:30:00+00:00,2204.3035,6777.588,15.159282
7631,2016-11-13 23:30:00+00:00,2209.6436,6912.7544,15.912698
7632,2016-11-14 00:30:00+00:00,2211.9802,7078.358,16.87614
7633,2016-11-14 01:30:00+00:00,2206.636,7065.162,17.159452
7634,2016-11-14 02:30:00+00:00,2202.1614,7012.9995,17.354397
7635,2016-11-14 03:30:00+00:00,2173.804,6997.4585,16.311804
7636,2016-11-14 04:30:00+00:00,2154.1462,7143.8867,15.538143
7637,2016-11-14 05:30:00+00:00,2127.8542,7042.8135,14.376343
7638,2016-11-14 06:30:00+00:00,2123.1018,6985.7993,13.84393
7639,2016-11-14 07:30:00+00:00,2103.8062,7170.942,12.923964
7640,2016-11-14 08:30:00+00:00,2095.7864,7266.9604,12.573536
7641,2016-11-14 09:30:00+00:00,2089.456,7124.453,12.266758
7642,2016-11-14 10:30:00+00:00,1798.1727,7413.8096,11.308326
7643,2016-11-14 11:30:00+00:00,1552.3561,8635.372,10.702963
7644,2016-11-14 12:30:00+00:00,1559.9833,12454.017,10.568845
7645,2016-11-14 13:30:00+00:00,1644.6229,23377.916,10.703469
7646,2016-11-14 14:30:00+00:00,1432.4734,25400.256,10.293716
7647,2016-11-14 15:30:00+00:00,719.3198,28300.906,7.898424
7648,2016-11-14 16:30:00+00:00,599.7048,30954.502,7.5126085
7649,2016-11-14 17:30:00+00:00,548.2279,25781.05,7.4318857
7650,2016-11-14 18:30:00+00:00,301.22504,29682.28,6.4666657
7651,2016-11-14 19:30:00+00:00,389.0805,32414.547,6.697949
7652,2016-11-14 20:30:00+00:00,377.97382,31333.969,6.573266
7653,2016-11-14 21:30:00+00:00,384.72607,28576.791,6.6246195
7654,2016-11-14 22:30:00+00:00,530.1754,22518.53,7.2000737
7655,2016-11-14 23:30:00+00:00,648.1474,11753.544,7.7590537
7656,2016-11-15 00:30:00+00:00,491.62653,7577.6914,7.334584
7657,2016-11-15 01:30:00+00:00,1056.0886,7443.334,9.2585335
7658,2016-11-15 02:30:00+00:00,1194.9175,7451.0054,9.632155
7659,2016-11-15 03:30:00+00:00,906.4049,7366.7046,8.96058
7660,2016-11-15 04:30:00+00:00,766.2589,7290.5527,8.396222
7661,2016-11-15 05:30:00+00:00,718.06055,7388.915,8.032991
7662,2016-11-15 06:30:00+00:00,655.49677,7286.2935,7.799492
7663,2016-11-15 07:30:00+00:00,644.9719,7443.552,7.8606615
7664,2016-11-15 08:30:00+00:00,414.69067,7459.582,7.028503
7665,2016-11-15 09:30:00+00:00,252.14354,7505.4185,6.1850414
7666,2016-11-15 10:30:00+00:00,239.90001,7636.65,5.8104267
7667,2016-11-15 11:30:00+00:00,319.75735,8948.79,6.326766
7668,2016-11-15 12:30:00+00:00,287.80353,12711.119,6.1980295
7669,2016-11-15 13:30:00+00:00,131.05049,23675.486,4.8466816
7670,2016-11-15 14:30:00+00:00,42.18378,25155.79,3.3613925
7671,2016-11-15 15:30:00+00:00,422.08295,26999.65,6.5432177
7672,2016-11-15 16:30:00+00:00,229.07036,29901.781,5.53825
7673,2016-11-15 17:30:00+00:00,184.46701,24821.158,5.0244765
7674,2016-11-15 18:30:00+00:00,225.35712,28839.832,5.062352
7675,2016-11-15 19:30:00+00:00,143.33192,31805.129,4.3045573
7676,2016-11-15 20:30:00+00:00,149.10562,30737.807,4.3261414
7677,2016-11-15 21:30:00+00:00,158.31802,27490.15,4.1960797
7678,2016-11-15 22:30:00+00:00,263.98517,21639.254,5.248793
7679,2016-11-15 23:30:00+00:00,424.51096,11147.008,6.4581146
7680,2016-11-16 00:30:00+00:00,491.9868,7229.965,6.9606037
7681,2016-11-16 01:30:00+00:00,540.5703,7234.6777,7.40661
7682,2016-11-16 02:30:00+00:00,824.25494,7290.2373,8.425557
7683,2016-11-16 03:30:00+00:00,967.653,7233.081,9.014038
7684,2016-11-16 04:30:00+00:00,709.10815,7193.5312,8.338819
7685,2016-11-16 05:30:00+00:00,860.7096,7325.0503,8.72119
7686,2016-11-16 06:30:00+00:00,429.6422,7198.747,6.5271344
7687,2016-11-16 07:30:00+00:00,161.44003,7265.228,5.43891
7688,2016-11-16 08:30:00+00:00,356.87466,7278.099,6.271682
7689,2016-11-16 09:30:00+00:00,1315.9966,7241.007,10.172331
7690,2016-11-16 10:30:00+00:00,720.06555,7561.3374,8.073845
7691,2016-11-16 11:30:00+00:00,603.946,8796.73,7.918509
7692,2016-11-16 12:30:00+00:00,631.81354,12695.651,7.5228586
7693,2016-11-16 13:30:00+00:00,338.87692,23780.547,6.513171
7694,2016-11-16 14:30:00+00:00,527.0551,25176.49,7.2081904
7695,2016-11-16 15:30:00+00:00,381.17154,27377.25,6.65047
7696,2016-11-16 16:30:00+00:00,441.4254,30228.43,6.8619924
7697,2016-11-16 17:30:00+00:00,419.0553,25082.75,6.6454425
7698,2016-11-16 18:30:00+00:00,574.5935,29135.232,7.373875
7699,2016-11-16 19:30:00+00:00,250.56929,31828.602,5.175785
7700,2016-11-16 20:30:00+00:00,316.71198,30204.178,5.8475113
7701,2016-11-16 21:30:00+00:00,640.3954,27183.062,7.3537393
7702,2016-11-16 22:30:00+00:00,964.09216,20764.139,8.510569
7703,2016-11-16 23:30:00+00:00,877.66156,10853.078,8.490195
7704,2016-11-17 00:30:00+00:00,701.5644,7012.851,8.069164
7705,2016-11-17 01:30:00+00:00,631.83044,7144.764,7.680978
7706,2016-11-17 02:30:00+00:00,353.32437,7216.7905,6.1919317
7707,2016-11-17 03:30:00+00:00,150.17023,7177.884,4.982336
7708,2016-11-17 04:30:00+00:00,38.18719,7357.785,3.3348625
7709,2016-11-17 05:30:00+00:00,0.53150916,7342.6597,2.3366303
7710,2016-11-17 06:30:00+00:00,0,7232.2554,1.7821532
7711,2016-11-17 07:30:00+00:00,0,7443.3037,1.4407222
7712,2016-11-17 08:30:00+00:00,19.242031,7401.834,1.7617475
7713,2016-11-17 09:30:00+00:00,43.239277,7319.446,2.390453
7714,2016-11-17 10:30:00+00:00,72.83972,7434.1465,3.5007014
7715,2016-11-17 11:30:00+00:00,217.2502,8695.183,5.2417912
7716,2016-11-17 12:30:00+00:00,383.2217,12589.6875,6.351763
7717,2016-11-17 13:30:00+00:00,444.24454,23270.957,6.6551905
7718,2016-11-17 14:30:00+00:00,460.52502,24846.387,6.794376
7719,2016-11-17 15:30:00+00:00,449.27756,27592.416,6.79558
7720,2016-11-17 16:30:00+00:00,572.6349,30878.047,7.473519
7721,2016-11-17 17:30:00+00:00,708.16504,25360.182,8.088715
7722,2016-11-17 18:30:00+00:00,980.5098,29677.133,8.943107
7723,2016-11-17 19:30:00+00:00,1175.7959,32143.66,9.5011835
7724,2016-11-17 20:30:00+00:00,1595.0541,30346.506,10.665126
7725,2016-11-17 21:30:00+00:00,1973.8185,27334.926,11.92227
7726,2016-11-17 22:30:00+00:00,2282.0637,20856.084,14.258433
7727,2016-11-17 23:30:00+00:00,2287.1743,10571.473,16.012955
7728,2016-11-18 00:30:00+00:00,2253.0383,6881.8906,17.094221
7729,2016-11-18 01:30:00+00:00,2206.1814,7093.86,16.714426
7730,2016-11-18 02:30:00+00:00,2192.7554,7133.351,16.546457
7731,2016-11-18 03:30:00+00:00,2181.3025,7052.6396,16.260561
7732,2016-11-18 04:30:00+00:00,2159.6306,7039.8193,15.456972
7733,2016-11-18 05:30:00+00:00,2142.9507,7028.595,14.853875
7734,2016-11-18 06:30:00+00:00,2126.6833,6980.6064,14.1753
7735,2016-11-18 07:30:00+00:00,2125.4036,7080.9033,13.98146
7736,2016-11-18 08:30:00+00:00,2137.3303,6979.6772,14.326448
7737,2016-11-18 09:30:00+00:00,2135.8933,7092.373,14.239277
7738,2016-11-18 10:30:00+00:00,2123.7869,7231.037,13.803408
7739,2016-11-18 11:30:00+00:00,2106.5522,8618.978,13.205507
7740,2016-11-18 12:30:00+00:00,2096.0955,12777.966,12.87202
7741,2016-11-18 13:30:00+00:00,2093.5786,23373.5,12.741516
7742,2016-11-18 14:30:00+00:00,2081.1687,25504.541,12.195079
7743,2016-11-18 15:30:00+00:00,1820.9418,28478.89,11.034245
7744,2016-11-18 16:30:00+00:00,1113.2465,31008.666,9.428478
7745,2016-11-18 17:30:00+00:00,1228.2391,25936.072,9.653793
7746,2016-11-18 18:30:00+00:00,1250.9542,29948.125,9.773167
7747,2016-11-18 19:30:00+00:00,1429.6605,32239.293,10.295905
7748,2016-11-18 20:30:00+00:00,1684.6532,30537.299,10.994572
7749,2016-11-18 21:30:00+00:00,2206.9287,27336.867,13.510249
7750,2016-11-18 22:30:00+00:00,2268.8047,20645.67,15.498379
7751,2016-11-18 23:30:00+00:00,2237.4395,10733.255,16.200436
7752,2016-11-19 00:30:00+00:00,2192.7493,7077.555,16.30743
7753,2016-11-19 01:30:00+00:00,2182.9043,7099.794,15.982471
7754,2016-11-19 02:30:00+00:00,2178.4824,7010.459,15.556102
7755,2016-11-19 03:30:00+00:00,2187.4126,6968.2812,16.214804
7756,2016-11-19 04:30:00+00:00,2192.2502,6966.668,16.785517
7757,2016-11-19 05:30:00+00:00,2181.398,6969.754,16.578672
7758,2016-11-19 06:30:00+00:00,2200.3196,6946.7324,17.471634
7759,2016-11-19 07:30:00+00:00,2146.9592,6863.543,14.561843
7760,2016-11-19 08:30:00+00:00,2172.4446,7065.876,14.818388
7761,2016-11-19 09:30:00+00:00,2104.4443,7060.0474,12.494961
7762,2016-11-19 10:30:00+00:00,2094.3647,7035.5107,12.12975
7763,2016-11-19 11:30:00+00:00,2154.8599,7269.3594,14.7979965
7764,2016-11-19 12:30:00+00:00,2108.5034,7330.4985,13.387331
7765,2016-11-19 13:30:00+00:00,2100.2434,7259.8037,12.526716
7766,2016-11-19 14:30:00+00:00,2154.6086,7549.4175,14.246636
7767,2016-11-19 15:30:00+00:00,2133.904,7759.7686,12.943034
7768,2016-11-19 16:30:00+00:00,2152.684,7773.4937,13.042241
7769,2016-11-19 17:30:00+00:00,2158.853,7626.6685,13.11086
7770,2016-11-19 18:30:00+00:00,2175.4004,7743.7485,13.801331
7771,2016-11-19 19:30:00+00:00,2177.6086,7855.9204,14.347907
7772,2016-11-19 20:30:00+00:00,2149.4788,7734.1733,13.622637
7773,2016-11-19 21:30:00+00:00,2145.5447,7556.274,13.484398
7774,2016-11-19 22:30:00+00:00,2152.8496,7355.259,14.4410095
7775,2016-11-19 23:30:00+00:00,2181.0125,7443.6514,16.413048
7776,2016-11-20 00:30:00+00:00,2187.9824,7544.277,17.150486
7777,2016-11-20 01:30:00+00:00,2132.2656,7445.8545,14.038992
7778,2016-11-20 02:30:00+00:00,2198.3022,7466.86,17.697495
7779,2016-11-20 03:30:00+00:00,2192.18,7307.713,18.05803
7780,2016-11-20 04:30:00+00:00,2114.0195,7219.397,13.961125
7781,2016-11-20 05:30:00+00:00,2196.6558,7279.8765,17.588413
7782,2016-11-20 06:30:00+00:00,2195.6973,7397.214,18.08984
7783,2016-11-20 07:30:00+00:00,2199.559,7378.2173,17.972439
7784,2016-11-20 08:30:00+00:00,2184.9604,7651.8823,17.181099
7785,2016-11-20 09:30:00+00:00,2175.485,7919.853,16.368448
7786,2016-11-20 10:30:00+00:00,2159.5925,8191.234,15.400752
7787,2016-11-20 11:30:00+00:00,2147.4614,8537.713,14.863919
7788,2016-11-20 12:30:00+00:00,2118.6128,8225.602,13.782248
7789,2016-11-20 13:30:00+00:00,2137.4907,7959.4966,14.445579
7790,2016-11-20 14:30:00+00:00,2150.4705,7918.8877,14.78835
7791,2016-11-20 15:30:00+00:00,2157.0605,7971.4785,14.664129
7792,2016-11-20 16:30:00+00:00,2188.1965,7857.818,15.643471
7793,2016-11-20 17:30:00+00:00,2199.6497,7818.974,16.16712
7794,2016-11-20 18:30:00+00:00,2192.969,7906.385,15.99141
7795,2016-11-20 19:30:00+00:00,2182.6846,7859.266,15.824612
7796,2016-11-20 20:30:00+00:00,2172.3418,8101.0093,15.804389
7797,2016-11-20 21:30:00+00:00,2167.8015,7995.8735,16.056787
7798,2016-11-20 22:30:00+00:00,2184.8696,7991.3535,17.261969
7799,2016-11-20 23:30:00+00:00,2197.0413,7935.732,18.24208
7800,2016-11-21 00:30:00+00:00,2197.096,7987.9927,18.483957
7801,2016-11-21 01:30:00+00:00,2192.822,8176.0503,18.515978
7802,2016-11-21 02:30:00+00:00,2179.1414,8285.054,17.679317
7803,2016-11-21 03:30:00+00:00,2163.6492,8241.549,16.613836
7804,2016-11-21 04:30:00+00:00,2151.621,8072.6523,15.842365
7805,2016-11-21 05:30:00+00:00,2154.878,8021.284,15.854088
7806,2016-11-21 06:30:00+00:00,2164.5361,7419.185,16.121305
7807,2016-11-21 07:30:00+00:00,2176.8115,7362.9575,16.479975
7808,2016-11-21 08:30:00+00:00,2184.4917,7328.272,16.49046
7809,2016-11-21 09:30:00+00:00,2200.3835,7400.37,16.961834
7810,2016-11-21 10:30:00+00:00,2214.0103,7370.0586,17.249277
7811,2016-11-21 11:30:00+00:00,2214.244,8161.8457,17.081318
7812,2016-11-21 12:30:00+00:00,2201.0596,11470.426,16.529682
7813,2016-11-21 13:30:00+00:00,2210.8079,21604.742,16.707466
7814,2016-11-21 14:30:00+00:00,2223.8335,23474.139,17.211077
7815,2016-11-21 15:30:00+00:00,2204.7288,25477.637,16.491331
7816,2016-11-21 16:30:00+00:00,2178.2664,27980.018,15.261256
7817,2016-11-21 17:30:00+00:00,2179.8193,22971.281,15.117872
7818,2016-11-21 18:30:00+00:00,2181.5574,26343.33,15.477735
7819,2016-11-21 19:30:00+00:00,2182.859,28775.965,15.659857
7820,2016-11-21 20:30:00+00:00,2176.0295,27645.318,15.575746
7821,2016-11-21 21:30:00+00:00,2186.7195,24752.934,16.510607
7822,2016-11-21 22:30:00+00:00,2180.642,19371.607,16.745823
7823,2016-11-21 23:30:00+00:00,2170.2915,10273.532,16.246208
7824,2016-11-22 00:30:00+00:00,2165.1782,6874.6357,15.699089
7825,2016-11-22 01:30:00+00:00,2167.7053,6963.158,15.268646
7826,2016-11-22 02:30:00+00:00,2162.5623,6989.161,14.811206
7827,2016-11-22 03:30:00+00:00,2137.5408,7038.664,13.881812
7828,2016-11-22 04:30:00+00:00,2112.8325,7047.239,12.761046
7829,2016-11-22 05:30:00+00:00,2100.489,7064.198,12.430496
7830,2016-11-22 06:30:00+00:00,2083.998,6893.5034,11.932425
7831,2016-11-22 07:30:00+00:00,2087.1729,7127.207,12.156258
7832,2016-11-22 08:30:00+00:00,2095.4175,7216.6987,12.418553
7833,2016-11-22 09:30:00+00:00,2100.524,7116.9062,12.602214
7834,2016-11-22 10:30:00+00:00,2099.4333,7173.343,12.569882
7835,2016-11-22 11:30:00+00:00,2080.0237,8352.757,11.902075
7836,2016-11-22 12:30:00+00:00,1365.6012,11888.111,10.085729
7837,2016-11-22 13:30:00+00:00,822.95935,21198.037,8.3214445
7838,2016-11-22 14:30:00+00:00,775.2356,22343.352,7.934885
7839,2016-11-22 15:30:00+00:00,316.07004,24975.047,6.0447245
7840,2016-11-22 16:30:00+00:00,469.43182,27249.885,7.161361
7841,2016-11-22 17:30:00+00:00,272.53055,22407.52,6.2056255
7842,2016-11-22 18:30:00+00:00,388.0902,25597.152,6.8478413
7843,2016-11-22 19:30:00+00:00,258.5728,27770.795,5.9840856
7844,2016-11-22 20:30:00+00:00,368.53326,27046.793,6.4956546
7845,2016-11-22 21:30:00+00:00,384.82657,24287.482,6.5552683
7846,2016-11-22 22:30:00+00:00,531.6167,18779.39,7.187025
7847,2016-11-22 23:30:00+00:00,605.20886,10017.595,7.462718
7848,2016-11-23 00:30:00+00:00,420.31757,7028.283,6.7976794
7849,2016-11-23 01:30:00+00:00,277.96387,7176.8804,6.1016436
7850,2016-11-23 02:30:00+00:00,172.20026,7123.3774,5.154161
7851,2016-11-23 03:30:00+00:00,248.64114,7060.2275,5.780899
7852,2016-11-23 04:30:00+00:00,100.96899,7005.708,3.9399981
7853,2016-11-23 05:30:00+00:00,23.46014,6922.8286,3.3728845
7854,2016-11-23 06:30:00+00:00,69.946045,7033.857,3.7121844
7855,2016-11-23 07:30:00+00:00,48.71317,7230.2676,3.6610186
7856,2016-11-23 08:30:00+00:00,102.774796,7404.1274,4.4016814
7857,2016-11-23 09:30:00+00:00,312.89667,7121.7266,6.112559
7858,2016-11-23 10:30:00+00:00,87.47398,7121.6343,3.0515358
7859,2016-11-23 11:30:00+00:00,232.6965,8282.994,5.582999
7860,2016-11-23 12:30:00+00:00,293.9634,11708.867,5.7496233
7861,2016-11-23 13:30:00+00:00,218.96136,21253.742,5.6134276
7862,2016-11-23 14:30:00+00:00,343.95593,22797.387,6.22764
7863,2016-11-23 15:30:00+00:00,141.15639,24427.633,4.576943
7864,2016-11-23 16:30:00+00:00,48.300594,26948.047,3.66029
7865,2016-11-23 17:30:00+00:00,95.64765,22182.332,4.055631
7866,2016-11-23 18:30:00+00:00,142.46954,25616.934,4.9004583
7867,2016-11-23 19:30:00+00:00,88.95651,27941.836,4.376366
7868,2016-11-23 20:30:00+00:00,262.0893,27115.127,5.7492967
7869,2016-11-23 21:30:00+00:00,361.4988,24435.773,6.3443155
7870,2016-11-23 22:30:00+00:00,981.4666,18889.959,8.630587
7871,2016-11-23 23:30:00+00:00,680.0333,9875.459,7.936149
7872,2016-11-24 00:30:00+00:00,1345.1599,6743.02,10.005611
7873,2016-11-24 01:30:00+00:00,1242.3406,6849.849,9.843678
7874,2016-11-24 02:30:00+00:00,1262.9415,6769.047,10.000801
7875,2016-11-24 03:30:00+00:00,1442.3345,6688.6416,10.396722
7876,2016-11-24 04:30:00+00:00,1243.914,6618.3,9.867252
7877,2016-11-24 05:30:00+00:00,1663.884,6698.249,10.8419285
7878,2016-11-24 06:30:00+00:00,1976.7162,6704.856,11.586356
7879,2016-11-24 07:30:00+00:00,2139.86,6840.4873,12.769859
7880,2016-11-24 08:30:00+00:00,2113.1145,6727.634,12.328429
7881,2016-11-24 09:30:00+00:00,2130.8105,6401.04,12.805904
7882,2016-11-24 10:30:00+00:00,2114.9944,6389.126,12.169982
7883,2016-11-24 11:30:00+00:00,1947.6384,7459.0684,11.61357
7884,2016-11-24 12:30:00+00:00,1224.9906,10792.828,9.876632
7885,2016-11-24 13:30:00+00:00,581.4754,19596.986,7.398368
7886,2016-11-24 14:30:00+00:00,492.76862,21122.553,6.7475796
7887,2016-11-24 15:30:00+00:00,280.27716,22656.355,6.216786
7888,2016-11-24 16:30:00+00:00,42.897472,25044.98,3.6257954
7889,2016-11-24 17:30:00+00:00,3.4646244,20651.46,1.9887973
7890,2016-11-24 18:30:00+00:00,0,23767.4,1.2965401
7891,2016-11-24 19:30:00+00:00,0,26210.914,1.6861917
7892,2016-11-24 20:30:00+00:00,50.55483,24896.31,2.4814725
7893,2016-11-24 21:30:00+00:00,65.66022,22469.627,2.9701371
7894,2016-11-24 22:30:00+00:00,40.970783,17454.803,2.5312924
7895,2016-11-24 23:30:00+00:00,26.688044,9555.147,1.976005
7896,2016-11-25 00:30:00+00:00,56.61278,6569.8076,2.8342328
7897,2016-11-25 01:30:00+00:00,32.61209,6618.1577,2.6808436
7898,2016-11-25 02:30:00+00:00,8.18063,6497.367,1.7477221
7899,2016-11-25 03:30:00+00:00,2.6462872,6462.404,1.7254293
7900,2016-11-25 04:30:00+00:00,66.41577,6398.944,3.7152321
7901,2016-11-25 05:30:00+00:00,123.41004,6340.678,4.5625243
7902,2016-11-25 06:30:00+00:00,176.78716,6455.146,5.037353
7903,2016-11-25 07:30:00+00:00,191.62335,6640.527,5.0498204
7904,2016-11-25 08:30:00+00:00,87.39721,6643.8643,3.724514
7905,2016-11-25 09:30:00+00:00,107.29373,6618.7974,3.911139
7906,2016-11-25 10:30:00+00:00,188.7343,6576.1,5.0202436
7907,2016-11-25 11:30:00+00:00,366.58673,7462.2515,6.630813
7908,2016-11-25 12:30:00+00:00,149.38393,10619.4,4.7522616
7909,2016-11-25 13:30:00+00:00,347.04596,19172.148,6.21924
7910,2016-11-25 14:30:00+00:00,649.0403,20955.941,7.610619
7911,2016-11-25 15:30:00+00:00,706.074,23280.852,8.09912
7912,2016-11-25 16:30:00+00:00,529.25037,25669.943,7.4913573
7913,2016-11-25 17:30:00+00:00,627.3449,21758.723,7.73149
7914,2016-11-25 18:30:00+00:00,771.0246,24584.004,8.295029
7915,2016-11-25 19:30:00+00:00,1309.838,26851.5,9.859102
7916,2016-11-25 20:30:00+00:00,923.0703,25717.252,8.883923
7917,2016-11-25 21:30:00+00:00,835.656,23216.287,8.506335
7918,2016-11-25 22:30:00+00:00,446.5995,17873.66,6.8982058
7919,2016-11-25 23:30:00+00:00,1025.2632,9659.943,9.091199
7920,2016-11-26 00:30:00+00:00,1113.0399,6681.981,9.208546
7921,2016-11-26 01:30:00+00:00,642.0194,6493.537,7.6732597
7922,2016-11-26 02:30:00+00:00,748.59143,6340.5596,8.25907
7923,2016-11-26 03:30:00+00:00,792.0268,6345.063,8.224094
7924,2016-11-26 04:30:00+00:00,1211.1118,6236.3994,9.552836
7925,2016-11-26 05:30:00+00:00,774.7468,6307.8594,8.357259
7926,2016-11-26 06:30:00+00:00,828.56287,6128.415,8.638328
7927,2016-11-26 07:30:00+00:00,550.3691,6120.5137,7.5567293
7928,2016-11-26 08:30:00+00:00,355.09592,6124.559,6.8529863
7929,2016-11-26 09:30:00+00:00,184.06668,6078.5234,5.623834
7930,2016-11-26 10:30:00+00:00,60.643368,6091.4976,4.413599
7931,2016-11-26 11:30:00+00:00,0.8637912,6077.3413,3.248803
7932,2016-11-26 12:30:00+00:00,161.8262,5901.785,5.2798514
7933,2016-11-26 13:30:00+00:00,651.97614,5916.1777,7.8095384
7934,2016-11-26 14:30:00+00:00,410.43585,6008.525,6.9950967
7935,2016-11-26 15:30:00+00:00,125.20167,6039.5767,4.2270837
7936,2016-11-26 16:30:00+00:00,18.620975,6007.722,2.6301236
7937,2016-11-26 17:30:00+00:00,93.13422,6003.0835,3.4350107
7938,2016-11-26 18:30:00+00:00,93.815544,6151.205,4.3875937
7939,2016-11-26 19:30:00+00:00,493.68192,6106.478,6.9169984
7940,2016-11-26 20:30:00+00:00,373.18546,6136.9995,6.419762
7941,2016-11-26 21:30:00+00:00,266.29517,6167.445,5.8223534
7942,2016-11-26 22:30:00+00:00,370.32718,6270.7866,6.221633
7943,2016-11-26 23:30:00+00:00,158.75203,6367.983,4.3096595
7944,2016-11-27 00:30:00+00:00,42.372864,6308.472,3.2209404
7945,2016-11-27 01:30:00+00:00,18.701387,6358.412,2.4184284
7946,2016-11-27 02:30:00+00:00,18.764055,6386.61,3.139486
7947,2016-11-27 03:30:00+00:00,29.923914,6348.2305,3.7032833
7948,2016-11-27 04:30:00+00:00,231.73698,6482.3726,5.859964
7949,2016-11-27 05:30:00+00:00,98.70235,6581.393,3.8845747
7950,2016-11-27 06:30:00+00:00,1013.3862,6837.667,9.53235
7951,2016-11-27 07:30:00+00:00,1628.2423,6643.195,10.668392
7952,2016-11-27 08:30:00+00:00,1127.3276,6692.141,9.739536
7953,2016-11-27 09:30:00+00:00,1675.5769,6870.846,10.92656
7954,2016-11-27 10:30:00+00:00,1570.6127,6810.505,10.719085
7955,2016-11-27 11:30:00+00:00,1317.9801,6814.438,10.105716
7956,2016-11-27 12:30:00+00:00,685.8377,6448.542,7.7232876
7957,2016-11-27 13:30:00+00:00,434.6822,6208.0303,6.6304173
7958,2016-11-27 14:30:00+00:00,181.28,6209.828,5.1164627
7959,2016-11-27 15:30:00+00:00,21.198624,6190.0674,3.4658773
7960,2016-11-27 16:30:00+00:00,0,6043.478,1.636267
7961,2016-11-27 17:30:00+00:00,38.126427,6068.0566,2.8980014
7962,2016-11-27 18:30:00+00:00,57.435204,6235.8906,3.6924708
7963,2016-11-27 19:30:00+00:00,232.03288,6113.2266,5.1103325
7964,2016-11-27 20:30:00+00:00,732.44305,6206.8853,7.517749
7965,2016-11-27 21:30:00+00:00,263.29337,6121.4233,4.9282007
7966,2016-11-27 22:30:00+00:00,366.94556,6258.621,6.2088933
7967,2016-11-27 23:30:00+00:00,300.2218,6365.187,5.794849
7968,2016-11-28 00:30:00+00:00,195.15015,6496.9395,5.375244
7969,2016-11-28 01:30:00+00:00,722.8371,6546.197,7.941096
7970,2016-11-28 02:30:00+00:00,1042.2635,6499.743,8.922746
7971,2016-11-28 03:30:00+00:00,1128.015,6714.6914,9.38336
7972,2016-11-28 04:30:00+00:00,570.6506,6832.9336,7.1010113
7973,2016-11-28 05:30:00+00:00,443.15332,6873.168,6.8648396
7974,2016-11-28 06:30:00+00:00,1050.6672,6860.263,8.984746
7975,2016-11-28 07:30:00+00:00,1440.5227,6889.043,10.188408
7976,2016-11-28 08:30:00+00:00,1667.8826,6897.511,10.986432
7977,2016-11-28 09:30:00+00:00,1449.5908,6833.797,10.712774
7978,2016-11-28 10:30:00+00:00,2162.1367,6836.5303,12.484372
7979,2016-11-28 11:30:00+00:00,2154.467,7888.726,13.916522
7980,2016-11-28 12:30:00+00:00,2189.0508,11415.829,13.616474
7981,2016-11-28 13:30:00+00:00,2174.4626,21558.07,14.071889
7982,2016-11-28 14:30:00+00:00,2199.1907,23416.795,14.710912
7983,2016-11-28 15:30:00+00:00,2185.2415,25316.438,14.29795
7984,2016-11-28 16:30:00+00:00,2189.7112,28476.545,14.422823
7985,2016-11-28 17:30:00+00:00,2192.238,23246.54,14.56336
7986,2016-11-28 18:30:00+00:00,2165.131,27001.074,13.454794
7987,2016-11-28 19:30:00+00:00,2181.7056,29353.541,14.09854
7988,2016-11-28 20:30:00+00:00,2173.1335,27724.707,14.007941
7989,2016-11-28 21:30:00+00:00,2193.2595,24987.834,15.495191
7990,2016-11-28 22:30:00+00:00,2186.9011,19055.924,15.956284
7991,2016-11-28 23:30:00+00:00,2179.617,9916.027,15.840851
7992,2016-11-29 00:30:00+00:00,2194.1853,6512.849,16.763863
7993,2016-11-29 01:30:00+00:00,2207.7195,6518.033,17.607094
7994,2016-11-29 02:30:00+00:00,2210.685,6472.766,18.254366
7995,2016-11-29 03:30:00+00:00,2197.1619,6458.38,17.747908
7996,2016-11-29 04:30:00+00:00,2214.6316,6458.3286,18.668869
7997,2016-11-29 05:30:00+00:00,1091.4259,6407.066,19.445621
7998,2016-11-29 06:30:00+00:00,791.34705,6401.9004,20.542088
7999,2016-11-29 07:30:00+00:00,971.1009,6507.9707,21.844997
8000,2016-11-29 08:30:00+00:00,847.838,6381.3843,22.965939
8001,2016-11-29 09:30:00+00:00,682.6144,6409.1953,23.204775
8002,2016-11-29 10:30:00+00:00,565.89984,6590.7505,22.677275
8003,2016-11-29 11:30:00+00:00,380.97205,7633.9463,20.363884
8004,2016-11-29 12:30:00+00:00,1891.632,11278.722,15.058834
8005,2016-11-29 13:30:00+00:00,1912.4263,21333.93,13.130431
8006,2016-11-29 14:30:00+00:00,2141.7827,22901.621,13.720626
8007,2016-11-29 15:30:00+00:00,2190.3408,25394.307,15.154149
8008,2016-11-29 16:30:00+00:00,2173.5469,27044.646,12.441921
8009,2016-11-29 17:30:00+00:00,1923.9868,22906.303,10.544946
8010,2016-11-29 18:30:00+00:00,1324.9589,25953.633,9.398972
8011,2016-11-29 19:30:00+00:00,786.21545,28003.217,7.5747595
8012,2016-11-29 20:30:00+00:00,664.9976,26667.637,7.128673
8013,2016-11-29 21:30:00+00:00,746.76917,24196.17,7.7479134
8014,2016-11-29 22:30:00+00:00,922.3436,18685.408,8.633036
8015,2016-11-29 23:30:00+00:00,1216.8195,9852.124,9.741366
8016,2016-11-30 00:30:00+00:00,1772.6207,6493.4893,11.464212
8017,2016-11-30 01:30:00+00:00,2130.0063,6617.47,12.530361
8018,2016-11-30 02:30:00+00:00,2139.0476,6463.336,12.347079
8019,2016-11-30 03:30:00+00:00,1927.6064,6263.9077,11.623881
8020,2016-11-30 04:30:00+00:00,1910.8246,6285.5156,11.38181
8021,2016-11-30 05:30:00+00:00,1671.6344,6280.2964,10.764006
8022,2016-11-30 06:30:00+00:00,2108.355,6475.5415,12.165998
8023,2016-11-30 07:30:00+00:00,1984.8774,6434.165,11.664553
8024,2016-11-30 08:30:00+00:00,1606.3939,6425.4683,10.955138
8025,2016-11-30 09:30:00+00:00,1801.5243,6390.183,11.289199
8026,2016-11-30 10:30:00+00:00,2184.6016,6637.627,13.982338
8027,2016-11-30 11:30:00+00:00,2169.1775,7799.916,14.655778
8028,2016-11-30 12:30:00+00:00,2174.851,11240.151,14.757679
8029,2016-11-30 13:30:00+00:00,2145.1848,20876.81,13.8818
8030,2016-11-30 14:30:00+00:00,2165.7795,22750.82,14.056603
8031,2016-11-30 15:30:00+00:00,1783.9883,25246.475,10.8143
8032,2016-11-30 16:30:00+00:00,990.9024,27500.229,8.5714245
8033,2016-11-30 17:30:00+00:00,789.3533,22796.135,8.0815935
8034,2016-11-30 18:30:00+00:00,972.7163,26309.59,8.932231
8035,2016-11-30 19:30:00+00:00,682.38464,28506.51,8.137865
8036,2016-11-30 20:30:00+00:00,503.27887,27294.201,7.391429
8037,2016-11-30 21:30:00+00:00,481.23834,24699.324,7.16925
8038,2016-11-30 22:30:00+00:00,555.56006,19191.969,7.5185657
8039,2016-11-30 23:30:00+00:00,667.72705,9964.49,8.125537
8040,2016-12-01 00:30:00+00:00,342.59216,6593.0176,6.4465714
8041,2016-12-01 01:30:00+00:00,176.55832,6643.4277,5.6698875
8042,2016-12-01 02:30:00+00:00,424.69885,6642.879,7.1990747
8043,2016-12-01 03:30:00+00:00,1011.79596,6534.462,9.045933
8044,2016-12-01 04:30:00+00:00,1160.2391,6665.407,9.609223
8045,2016-12-01 05:30:00+00:00,1191.0763,6784.376,9.712031
8046,2016-12-01 06:30:00+00:00,1102.4652,6787.979,9.421838
8047,2016-12-01 07:30:00+00:00,2034.4939,6761.598,11.847408
8048,2016-12-01 08:30:00+00:00,2078.2556,6576.0894,11.995014
8049,2016-12-01 09:30:00+00:00,2176.6675,6584.382,13.041877
8050,2016-12-01 10:30:00+00:00,2155.3467,6675.549,13.026537
8051,2016-12-01 11:30:00+00:00,2172.3486,7659.5034,13.353464
8052,2016-12-01 12:30:00+00:00,2178.008,11299.039,13.83867
8053,2016-12-01 13:30:00+00:00,2185.7727,20971.945,14.287607
8054,2016-12-01 14:30:00+00:00,2169.6038,22591.615,14.022047
8055,2016-12-01 15:30:00+00:00,2139.8452,25230.64,12.896897
8056,2016-12-01 16:30:00+00:00,2144.5417,27597.727,12.925925
8057,2016-12-01 17:30:00+00:00,2140.4998,23135.18,12.518396
8058,2016-12-01 18:30:00+00:00,2161.8914,26638.479,12.956658
8059,2016-12-01 19:30:00+00:00,2149.239,29254.025,12.480604
8060,2016-12-01 20:30:00+00:00,2132.0374,27657.89,12.032809
8061,2016-12-01 21:30:00+00:00,2000.5692,24618.979,11.645466
8062,2016-12-01 22:30:00+00:00,2125.211,19096.812,12.789822
8063,2016-12-01 23:30:00+00:00,2143.1658,10044.926,12.563446
8064,2016-12-02 00:30:00+00:00,2169.349,6669.317,13.53167
8065,2016-12-02 01:30:00+00:00,2031.4795,6694.3105,12.028121
8066,2016-12-02 02:30:00+00:00,2132.0095,6676.525,13.105567
8067,2016-12-02 03:30:00+00:00,1743.7389,6607.9946,11.074703
8068,2016-12-02 04:30:00+00:00,1836.5361,6591.2954,11.010251
8069,2016-12-02 05:30:00+00:00,2084.2866,6617.61,11.574381
8070,2016-12-02 06:30:00+00:00,2108.5664,6558.4253,12.119998
8071,2016-12-02 07:30:00+00:00,1997.035,6551.2295,11.528825
8072,2016-12-02 08:30:00+00:00,2105.8284,6519.098,12.499369
8073,2016-12-02 09:30:00+00:00,2122.2764,6510.855,12.93273
8074,2016-12-02 10:30:00+00:00,2153.6597,6655.7183,13.938953
8075,2016-12-02 11:30:00+00:00,2141.6301,7755.7515,13.6891575
8076,2016-12-02 12:30:00+00:00,2153.8718,11505.282,14.05875
8077,2016-12-02 13:30:00+00:00,2120.3657,20951.605,12.634638
8078,2016-12-02 14:30:00+00:00,2125.3447,22066.3,12.841314
8079,2016-12-02 15:30:00+00:00,2096.2798,24589.955,11.66755
8080,2016-12-02 16:30:00+00:00,2117.1304,26224.486,11.902274
8081,2016-12-02 17:30:00+00:00,1071.0277,22484.768,8.530233
8082,2016-12-02 18:30:00+00:00,1874.8619,26034.514,11.766713
8083,2016-12-02 19:30:00+00:00,2047.2765,28687,11.879678
8084,2016-12-02 20:30:00+00:00,1609.7426,27151.848,10.468721
8085,2016-12-02 21:30:00+00:00,1862.0466,24569.738,11.242989
8086,2016-12-02 22:30:00+00:00,2125.2012,18924.94,12.535146
8087,2016-12-02 23:30:00+00:00,2167.84,10228.7295,12.49423
8088,2016-12-03 00:30:00+00:00,2155.452,6791.528,12.23888
8089,2016-12-03 01:30:00+00:00,2029.8481,6680.437,11.723874
8090,2016-12-03 02:30:00+00:00,1896.9847,6567.702,11.259652
8091,2016-12-03 03:30:00+00:00,1711.7797,6608.2793,10.631989
8092,2016-12-03 04:30:00+00:00,1450.77,6723.2817,9.970329
8093,2016-12-03 05:30:00+00:00,1273.243,6608.0254,9.468079
8094,2016-12-03 06:30:00+00:00,765.32404,6504.0903,8.034705
8095,2016-12-03 07:30:00+00:00,597.009,6445.463,7.5303397
8096,2016-12-03 08:30:00+00:00,772.1766,6434.7183,8.217406
8097,2016-12-03 09:30:00+00:00,888.624,6602.4395,8.944289
8098,2016-12-03 10:30:00+00:00,534.29865,6703.8486,8.0236025
8099,2016-12-03 11:30:00+00:00,818.11536,6520.039,8.716855
8100,2016-12-03 12:30:00+00:00,830.9151,6467.4473,8.6581335
8101,2016-12-03 13:30:00+00:00,863.3468,6446.2026,8.657403
8102,2016-12-03 14:30:00+00:00,1002.4876,6534.358,8.942927
8103,2016-12-03 15:30:00+00:00,473.62625,6552.5376,6.9044075
8104,2016-12-03 16:30:00+00:00,391.08017,6309.303,6.4925294
8105,2016-12-03 17:30:00+00:00,622.2279,6423.206,7.5615144
8106,2016-12-03 18:30:00+00:00,407.188,6520.627,7.063679
8107,2016-12-03 19:30:00+00:00,398.57327,6507.931,6.853463
8108,2016-12-03 20:30:00+00:00,346.88852,6571.2134,6.412843
8109,2016-12-03 21:30:00+00:00,372.67014,6632.274,6.4926963
8110,2016-12-03 22:30:00+00:00,295.20245,6672.2686,6.115775
8111,2016-12-03 23:30:00+00:00,581.6219,6886.55,7.624459
8112,2016-12-04 00:30:00+00:00,781.25415,6925.4775,8.2503
8113,2016-12-04 01:30:00+00:00,734.1931,7147.9136,8.246071
8114,2016-12-04 02:30:00+00:00,249.81256,7053.452,5.609189
8115,2016-12-04 03:30:00+00:00,203.83142,6863.4624,5.553567
8116,2016-12-04 04:30:00+00:00,104.06545,7014.6226,4.3916287
8117,2016-12-04 05:30:00+00:00,28.270044,6993.6157,3.0851195
8118,2016-12-04 06:30:00+00:00,20.785818,7093.9517,3.0911813
8119,2016-12-04 07:30:00+00:00,61.117477,7223.8457,3.862468
8120,2016-12-04 08:30:00+00:00,29.875658,7231.548,3.3514225
8121,2016-12-04 09:30:00+00:00,9.50783,7349.264,2.2591958
8122,2016-12-04 10:30:00+00:00,48.905575,7303.211,2.5890393
8123,2016-12-04 11:30:00+00:00,54.795353,7228.9854,3.0954518
8124,2016-12-04 12:30:00+00:00,59.72529,7127.9717,3.581938
8125,2016-12-04 13:30:00+00:00,58.174004,7104.676,3.3510017
8126,2016-12-04 14:30:00+00:00,91.93721,7023.532,4.013832
8127,2016-12-04 15:30:00+00:00,54.800613,7114.3027,3.5750952
8128,2016-12-04 16:30:00+00:00,107.800674,6838.776,4.269475
8129,2016-12-04 17:30:00+00:00,137.00995,6707.4634,4.60802
8130,2016-12-04 18:30:00+00:00,156.00577,6813.3037,4.8765235
8131,2016-12-04 19:30:00+00:00,117.88,6798.1655,4.494194
8132,2016-12-04 20:30:00+00:00,218.6577,6839.6987,5.280153
8133,2016-12-04 21:30:00+00:00,423.99673,6893.172,6.605481
8134,2016-12-04 22:30:00+00:00,780.87506,6762.7046,8.119409
8135,2016-12-04 23:30:00+00:00,858.9151,6883.5483,8.621781
8136,2016-12-05 00:30:00+00:00,1610.8053,6905.745,10.935811
8137,2016-12-05 01:30:00+00:00,2300,7089.625,13.604242
8138,2016-12-05 02:30:00+00:00,2100.8389,7269.131,12.718038
8139,2016-12-05 03:30:00+00:00,1922.0692,7370.5938,11.926451
8140,2016-12-05 04:30:00+00:00,2107.1506,7348.2324,13.204811
8141,2016-12-05 05:30:00+00:00,2112.2856,7201.195,12.251132
8142,2016-12-05 06:30:00+00:00,1221.0813,6969.6504,9.734098
8143,2016-12-05 07:30:00+00:00,597.9466,7148.0264,7.777595
8144,2016-12-05 08:30:00+00:00,692.56714,7152.6187,7.3759136
8145,2016-12-05 09:30:00+00:00,302.29956,6960.504,5.9704146
8146,2016-12-05 10:30:00+00:00,104.61707,6884.5015,5.051091
8147,2016-12-05 11:30:00+00:00,582.4524,7938.63,7.7857847
8148,2016-12-05 12:30:00+00:00,1766.8221,10991.338,11.453532
8149,2016-12-05 13:30:00+00:00,2174.594,21113.531,12.827756
8150,2016-12-05 14:30:00+00:00,2094.267,22883.049,11.573464
8151,2016-12-05 15:30:00+00:00,1298.7767,24631.428,9.54849
8152,2016-12-05 16:30:00+00:00,1739.8928,27421.178,10.742653
8153,2016-12-05 17:30:00+00:00,1626.1315,22493.248,10.61039
8154,2016-12-05 18:30:00+00:00,1484.7716,25549.111,10.206578
8155,2016-12-05 19:30:00+00:00,1029.5887,27983.139,9.012746
8156,2016-12-05 20:30:00+00:00,1012.45306,27234,8.862109
8157,2016-12-05 21:30:00+00:00,1243.8093,24520.814,9.599602
8158,2016-12-05 22:30:00+00:00,1162.1965,18965.818,9.419082
8159,2016-12-05 23:30:00+00:00,1511.5011,10213.611,10.397614
8160,2016-12-06 00:30:00+00:00,1780.7574,6961.035,11.157497
8161,2016-12-06 01:30:00+00:00,1868.2983,6983.74,11.313937
8162,2016-12-06 02:30:00+00:00,1609.5709,6922.062,10.612688
8163,2016-12-06 03:30:00+00:00,1376.3141,6916.566,9.919761
8164,2016-12-06 04:30:00+00:00,871.334,7044.219,8.484424
8165,2016-12-06 05:30:00+00:00,516.3558,7032.1216,7.080026
8166,2016-12-06 06:30:00+00:00,191.90514,6975.5,5.2366085
8167,2016-12-06 07:30:00+00:00,66.12826,7130.8755,4.2308087
8168,2016-12-06 08:30:00+00:00,16.852892,7011.1606,3.154171
8169,2016-12-06 09:30:00+00:00,0,7064.5093,2.8354597
8170,2016-12-06 10:30:00+00:00,189.90646,7245.054,5.687013
8171,2016-12-06 11:30:00+00:00,532.9692,8336.951,7.403748
8172,2016-12-06 12:30:00+00:00,793.3085,11864.228,8.327386
8173,2016-12-06 13:30:00+00:00,1393.5193,21406.967,9.935203
8174,2016-12-06 14:30:00+00:00,2203.7585,22769.99,12.385645
8175,2016-12-06 15:30:00+00:00,1895.3274,24589.629,11.621273
8176,2016-12-06 16:30:00+00:00,1986.468,26977.703,11.578492
8177,2016-12-06 17:30:00+00:00,1829.6252,22243.316,11.495691
8178,2016-12-06 18:30:00+00:00,2204.7202,25442.148,13.193477
8179,2016-12-06 19:30:00+00:00,2243.0713,27851.492,15.66886
8180,2016-12-06 20:30:00+00:00,2226.6265,26733.527,15.304596
8181,2016-12-06 21:30:00+00:00,2209.1162,24089.662,16.6576
8182,2016-12-06 22:30:00+00:00,2241.8145,18377.729,19.49932
8183,2016-12-06 23:30:00+00:00,2198.8936,9450.798,17.639593
8184,2016-12-07 00:30:00+00:00,2188.9404,6356.818,17.26141
8185,2016-12-07 01:30:00+00:00,2152.9812,6337.1475,15.290071
8186,2016-12-07 02:30:00+00:00,2138.9338,6353.129,14.129733
8187,2016-12-07 03:30:00+00:00,2120.3499,6321.31,13.109333
8188,2016-12-07 04:30:00+00:00,1884.8552,6364.3726,11.136113
8189,2016-12-07 05:30:00+00:00,1190.6149,6403.8276,9.571664
8190,2016-12-07 06:30:00+00:00,2006.9855,6310.0874,12.057843
8191,2016-12-07 07:30:00+00:00,2109.4438,6430.479,12.558097
8192,2016-12-07 08:30:00+00:00,2163.5366,6448.838,14.264934
8193,2016-12-07 09:30:00+00:00,2081.603,6562.5225,12.841338
8194,2016-12-07 10:30:00+00:00,2095.34,6733.2036,11.988627
8195,2016-12-07 11:30:00+00:00,2116.0894,7861.0654,12.152021
8196,2016-12-07 12:30:00+00:00,2007.5812,11652.756,11.46237
8197,2016-12-07 13:30:00+00:00,2123.446,20810.047,11.9866
8198,2016-12-07 14:30:00+00:00,2137.5403,21621.066,12.818138
8199,2016-12-07 15:30:00+00:00,2134.6643,24080.986,12.487062
8200,2016-12-07 16:30:00+00:00,2071.3914,26825.006,11.333627
8201,2016-12-07 17:30:00+00:00,1581.998,22414.305,10.459143
8202,2016-12-07 18:30:00+00:00,1847.3898,25718.85,11.22201
8203,2016-12-07 19:30:00+00:00,2008.553,28207.084,11.714577
8204,2016-12-07 20:30:00+00:00,1919.0787,26929.56,11.387981
8205,2016-12-07 21:30:00+00:00,1746.9855,24669.295,11.033147
8206,2016-12-07 22:30:00+00:00,1965.0776,19533.299,11.787649
8207,2016-12-07 23:30:00+00:00,2142.592,10575.456,12.6719
8208,2016-12-08 00:30:00+00:00,2177.0044,7256.252,13.276961
8209,2016-12-08 01:30:00+00:00,2167.67,7121.9556,13.319696
8210,2016-12-08 02:30:00+00:00,2158.2087,7133.6997,13.777608
8211,2016-12-08 03:30:00+00:00,2147.8389,7039.262,13.673581
8212,2016-12-08 04:30:00+00:00,2129.1445,7012.8794,13.26791
8213,2016-12-08 05:30:00+00:00,2114.114,6940.439,12.832856
8214,2016-12-08 06:30:00+00:00,2123.8818,7039.399,13.395389
8215,2016-12-08 07:30:00+00:00,2151.7185,6995.2583,14.704076
8216,2016-12-08 08:30:00+00:00,2130.2935,6971.119,13.618461
8217,2016-12-08 09:30:00+00:00,2156.1414,6914.9785,14.013884
8218,2016-12-08 10:30:00+00:00,2080.1238,7051.952,11.855001
8219,2016-12-08 11:30:00+00:00,2117.9175,8314.116,12.534819
8220,2016-12-08 12:30:00+00:00,2183.8904,11816.554,15.198424
8221,2016-12-08 13:30:00+00:00,2186.0627,21268.53,15.437031
8222,2016-12-08 14:30:00+00:00,2174.307,22357.072,14.894552
8223,2016-12-08 15:30:00+00:00,2142.6548,25714.43,13.576174
8224,2016-12-08 16:30:00+00:00,2149.6038,27911.479,13.495135
8225,2016-12-08 17:30:00+00:00,2136.8071,22831.826,12.6794195
8226,2016-12-08 18:30:00+00:00,2154.5012,25730.414,13.246851
8227,2016-12-08 19:30:00+00:00,2163.5562,28266.63,13.6089115
8228,2016-12-08 20:30:00+00:00,2162.1194,27282.832,13.696475
8229,2016-12-08 21:30:00+00:00,1857.0848,24689.176,11.239457
8230,2016-12-08 22:30:00+00:00,2110.4563,19319.666,13.643581
8231,2016-12-08 23:30:00+00:00,2143.0667,10517.899,14.457868
8232,2016-12-09 00:30:00+00:00,2177.9453,7344.1807,13.847596
8233,2016-12-09 01:30:00+00:00,1658.7517,7233.915,10.797263
8234,2016-12-09 02:30:00+00:00,2081.8892,7260.7725,12.798718
8235,2016-12-09 03:30:00+00:00,1753.2301,6998.625,10.7191305
8236,2016-12-09 04:30:00+00:00,1799.332,7039.7397,10.547507
8237,2016-12-09 05:30:00+00:00,1937.017,7010.672,10.928341
8238,2016-12-09 06:30:00+00:00,967.8194,6991.9136,8.210243
8239,2016-12-09 07:30:00+00:00,1660.434,7067.7505,10.774062
8240,2016-12-09 08:30:00+00:00,782.66626,7176.511,7.249775
8241,2016-12-09 09:30:00+00:00,1187.3223,6989.0815,9.980201
8242,2016-12-09 10:30:00+00:00,695.092,7233.72,7.5770597
8243,2016-12-09 11:30:00+00:00,2044.0671,8507.633,12.345835
8244,2016-12-09 12:30:00+00:00,1450.4725,12109.021,10.490039
8245,2016-12-09 13:30:00+00:00,1390.3179,21637.475,9.889437
8246,2016-12-09 14:30:00+00:00,1374.2236,23048.688,9.741077
8247,2016-12-09 15:30:00+00:00,843.8685,25137.398,8.397104
8248,2016-12-09 16:30:00+00:00,651.5472,27243.371,7.7139616
8249,2016-12-09 17:30:00+00:00,1023.4451,23135.572,8.867124
8250,2016-12-09 18:30:00+00:00,589.8904,26479.86,7.7173924
8251,2016-12-09 19:30:00+00:00,649.6052,28950.332,7.887461
8252,2016-12-09 20:30:00+00:00,532.93384,27339.488,7.3155537
8253,2016-12-09 21:30:00+00:00,738.1492,24553.764,8.089223
8254,2016-12-09 22:30:00+00:00,1119.1597,18570.648,9.191297
8255,2016-12-09 23:30:00+00:00,998.84717,10456.693,8.834083
8256,2016-12-10 00:30:00+00:00,845.88416,7380.598,8.561634
8257,2016-12-10 01:30:00+00:00,1173.4735,7453.717,9.406713
8258,2016-12-10 02:30:00+00:00,1319.9946,7078.528,9.748576
8259,2016-12-10 03:30:00+00:00,332.3382,7101.0913,4.97267
8260,2016-12-10 04:30:00+00:00,88.03662,7235.839,4.1723533
8261,2016-12-10 05:30:00+00:00,187.39551,7134.1577,3.9687371
8262,2016-12-10 06:30:00+00:00,94.34658,7288.2495,4.4366655
8263,2016-12-10 07:30:00+00:00,44.65719,7690.308,3.4406269
8264,2016-12-10 08:30:00+00:00,39.01647,7441.2534,3.1490111
8265,2016-12-10 09:30:00+00:00,137.07954,7245.8433,4.6377215
8266,2016-12-10 10:30:00+00:00,188.31004,6803.5225,5.1866865
8267,2016-12-10 11:30:00+00:00,207.45091,6808.706,5.3232026
8268,2016-12-10 12:30:00+00:00,483.05295,6828.5503,7.0256944
8269,2016-12-10 13:30:00+00:00,85.58129,6689.178,2.4852452
8270,2016-12-10 14:30:00+00:00,1083.1935,7169.8965,10.687711
8271,2016-12-10 15:30:00+00:00,1799.2767,6982.947,11.244099
8272,2016-12-10 16:30:00+00:00,1194.725,6741.03,9.374521
8273,2016-12-10 17:30:00+00:00,1804.6052,6799.56,11.021395
8274,2016-12-10 18:30:00+00:00,1930.0518,6920.9204,11.585852
8275,2016-12-10 19:30:00+00:00,1463.1888,6944.37,10.252618
8276,2016-12-10 20:30:00+00:00,1228.9487,6955.942,9.599734
8277,2016-12-10 21:30:00+00:00,664.9336,6980.198,7.5461035
8278,2016-12-10 22:30:00+00:00,1631.2646,6956.116,11.57763
8279,2016-12-10 23:30:00+00:00,1585.0374,7065.2905,10.561842
8280,2016-12-11 00:30:00+00:00,1501.9226,6900.6963,10.485933
8281,2016-12-11 01:30:00+00:00,1840.652,7042.8887,11.40088
8282,2016-12-11 02:30:00+00:00,1307.5487,7044.167,9.944922
8283,2016-12-11 03:30:00+00:00,1630.4391,7176.9,10.623963
8284,2016-12-11 04:30:00+00:00,1765.9705,7155.379,10.76537
8285,2016-12-11 05:30:00+00:00,1090.7657,7155.88,9.147951
8286,2016-12-11 06:30:00+00:00,499.50876,7257.145,7.156323
8287,2016-12-11 07:30:00+00:00,644.18146,7468.017,7.3426123
8288,2016-12-11 08:30:00+00:00,1288.6199,7893.977,9.477605
8289,2016-12-11 09:30:00+00:00,1288.1147,8060.365,9.992889
8290,2016-12-11 10:30:00+00:00,1122.3209,7843.8447,9.841142
8291,2016-12-11 11:30:00+00:00,728.68195,7362.5356,8.324237
8292,2016-12-11 12:30:00+00:00,497.4145,7221.701,7.2007365
8293,2016-12-11 13:30:00+00:00,265.10635,7018.2886,5.8021345
8294,2016-12-11 14:30:00+00:00,71.66664,6917.5854,3.8768394
8295,2016-12-11 15:30:00+00:00,487.82898,6926.4995,7.4986706
8296,2016-12-11 16:30:00+00:00,183.26103,6664.588,4.955518
8297,2016-12-11 17:30:00+00:00,790.62933,6708.0376,8.509086
8298,2016-12-11 18:30:00+00:00,591.5315,6879.9927,7.7570996
8299,2016-12-11 19:30:00+00:00,709.2344,6735.1343,8.142489
8300,2016-12-11 20:30:00+00:00,1225.2401,6815.978,9.660939
8301,2016-12-11 21:30:00+00:00,1761.6001,6925.5054,11.372205
8302,2016-12-11 22:30:00+00:00,1970.2633,6756.1963,11.98993
8303,2016-12-11 23:30:00+00:00,1891.6934,7126.363,11.842429
8304,2016-12-12 00:30:00+00:00,1719.6615,7140.379,11.453608
8305,2016-12-12 01:30:00+00:00,1817.7423,7283.5166,11.62773
8306,2016-12-12 02:30:00+00:00,1682.5111,7234.535,11.164341
8307,2016-12-12 03:30:00+00:00,1680.9283,7337.338,11.027653
8308,2016-12-12 04:30:00+00:00,1651.3167,7253.3433,10.9000435
8309,2016-12-12 05:30:00+00:00,1201.2899,7145.2886,9.771337
8310,2016-12-12 06:30:00+00:00,746.29846,7674.7305,8.343349
8311,2016-12-12 07:30:00+00:00,992.6162,8206.737,8.94848
8312,2016-12-12 08:30:00+00:00,792.031,8281.002,8.478776
8313,2016-12-12 09:30:00+00:00,459.28958,8360.95,7.2815213
8314,2016-12-12 10:30:00+00:00,594.6022,8579.94,7.8637934
8315,2016-12-12 11:30:00+00:00,617.7642,10181.139,7.978521
8316,2016-12-12 12:30:00+00:00,1601.2106,14701.7,10.88655
8317,2016-12-12 13:30:00+00:00,1990.8557,25523.93,11.781597
8318,2016-12-12 14:30:00+00:00,2263.1738,28119.363,14.132594
8319,2016-12-12 15:30:00+00:00,2247.3162,32255.541,15.226557
8320,2016-12-12 16:30:00+00:00,2202.193,34169.457,13.742263
8321,2016-12-12 17:30:00+00:00,2224.1265,30128.293,15.619683
8322,2016-12-12 18:30:00+00:00,2199.8916,34489.65,14.355759
8323,2016-12-12 19:30:00+00:00,2237.5518,36745.676,17.258387
8324,2016-12-12 20:30:00+00:00,2205.638,35113.207,16.824318
8325,2016-12-12 21:30:00+00:00,2150.417,32171.17,14.334409
8326,2016-12-12 22:30:00+00:00,2122.2388,25443.893,13.492308
8327,2016-12-12 23:30:00+00:00,2132.0264,13934.831,13.372567
8328,2016-12-13 00:30:00+00:00,2125.9802,9385.218,12.485604
8329,2016-12-13 01:30:00+00:00,1288.9734,9095.982,9.474515
8330,2016-12-13 02:30:00+00:00,1509.3164,9601.866,9.799466
8331,2016-12-13 03:30:00+00:00,1218.8221,9915.753,8.730741
8332,2016-12-13 04:30:00+00:00,1187.2554,9879.122,9.051685
8333,2016-12-13 05:30:00+00:00,720.50287,9651.041,7.6441536
8334,2016-12-13 06:30:00+00:00,1829.5363,9576.497,11.177749
8335,2016-12-13 07:30:00+00:00,2130.8574,9480.628,12.966069
8336,2016-12-13 08:30:00+00:00,2196.7368,9460.49,14.472054
8337,2016-12-13 09:30:00+00:00,2105.7393,9129.873,12.516431
8338,2016-12-13 10:30:00+00:00,2090.1624,9100.867,11.770594
8339,2016-12-13 11:30:00+00:00,2149.0667,10576.145,12.713195
8340,2016-12-13 12:30:00+00:00,1835.0176,14823.936,11.283345
8341,2016-12-13 13:30:00+00:00,1906.1869,27125.807,11.27441
8342,2016-12-13 14:30:00+00:00,2173.8828,29798.152,13.452418
8343,2016-12-13 15:30:00+00:00,2189.108,32005.664,14.424772
8344,2016-12-13 16:30:00+00:00,2165.202,35139.137,13.555768
8345,2016-12-13 17:30:00+00:00,2155.7395,29155.037,13.311742
8346,2016-12-13 18:30:00+00:00,2144.766,33894,12.61553
8347,2016-12-13 19:30:00+00:00,2154.2952,36715.055,12.993009
8348,2016-12-13 20:30:00+00:00,2148.416,35413.836,12.949733
8349,2016-12-13 21:30:00+00:00,2143.3535,32491.588,12.576551
8350,2016-12-13 22:30:00+00:00,2125.5042,26400.52,12.137314
8351,2016-12-13 23:30:00+00:00,2150.895,14967.895,13.884832
8352,2016-12-14 00:30:00+00:00,2178.913,9836.117,15.144048
8353,2016-12-14 01:30:00+00:00,2185.2776,9403.208,15.5969715
8354,2016-12-14 02:30:00+00:00,2176.8425,9707.133,14.856044
8355,2016-12-14 03:30:00+00:00,2143.82,10104.209,14.639425
8356,2016-12-14 04:30:00+00:00,2113.2795,10336.05,12.818043
8357,2016-12-14 05:30:00+00:00,2137.272,10047.529,12.74324
8358,2016-12-14 06:30:00+00:00,2127.9736,10055.945,13.1416235
8359,2016-12-14 07:30:00+00:00,2120.1575,10179.719,12.910421
8360,2016-12-14 08:30:00+00:00,1981.8735,9871.908,11.458967
8361,2016-12-14 09:30:00+00:00,2128.0176,9541.83,12.516728
8362,2016-12-14 10:30:00+00:00,2167.579,9213.455,14.2247505
8363,2016-12-14 11:30:00+00:00,2216.3245,10773.548,16.406134
8364,2016-12-14 12:30:00+00:00,2186.623,15822.624,16.046936
8365,2016-12-14 13:30:00+00:00,2205.001,28179.746,15.791438
8366,2016-12-14 14:30:00+00:00,2213.699,31342.488,16.485888
8367,2016-12-14 15:30:00+00:00,2271.6116,34212.92,18.189653
8368,2016-12-14 16:30:00+00:00,1055.558,37562.297,20.936596
8369,2016-12-14 17:30:00+00:00,730.1593,31305.79,20.74564
8370,2016-12-14 18:30:00+00:00,761.0693,35728.562,20.39003
8371,2016-12-14 19:30:00+00:00,590.532,38238.7,20.490396
8372,2016-12-14 20:30:00+00:00,1653.0873,36541.633,19.31928
8373,2016-12-14 21:30:00+00:00,959.06647,33085.215,21.159416
8374,2016-12-14 22:30:00+00:00,400.4342,26938.758,20.984571
8375,2016-12-14 23:30:00+00:00,1276.0127,15711.968,18.760164
8376,2016-12-15 00:30:00+00:00,1942.155,10281.672,18.799805
8377,2016-12-15 01:30:00+00:00,2095.632,9787.423,17.15982
8378,2016-12-15 02:30:00+00:00,2105.7495,10539.382,17.07771
8379,2016-12-15 03:30:00+00:00,2123.4592,10798.949,16.988592
8380,2016-12-15 04:30:00+00:00,2162.907,10880.468,17.529964
8381,2016-12-15 05:30:00+00:00,2185.839,10848.881,16.987453
8382,2016-12-15 06:30:00+00:00,1137.8235,10924.331,18.94961
8383,2016-12-15 07:30:00+00:00,743.1183,10862.045,19.145096
8384,2016-12-15 08:30:00+00:00,1849.4167,10847.762,16.444458
8385,2016-12-15 09:30:00+00:00,2253.168,10845.494,15.605438
8386,2016-12-15 10:30:00+00:00,2136.7812,10698.629,13.945488
8387,2016-12-15 11:30:00+00:00,1955.3036,12376.967,11.463115
8388,2016-12-15 12:30:00+00:00,2215.1514,17036.572,16.44662
8389,2016-12-15 13:30:00+00:00,2236.3157,28642.143,16.693207
8390,2016-12-15 14:30:00+00:00,2281.1526,32525.904,17.811438
8391,2016-12-15 15:30:00+00:00,2296.235,35403.535,19.492205
8392,2016-12-15 16:30:00+00:00,1085.4602,37993.3,20.711563
8393,2016-12-15 17:30:00+00:00,774.65533,31784.23,21.391283
8394,2016-12-15 18:30:00+00:00,1788.47,36508.36,19.407742
8395,2016-12-15 19:30:00+00:00,1077.8506,38623.254,20.895414
8396,2016-12-15 20:30:00+00:00,1713.9507,36505.598,16.134224
8397,2016-12-15 21:30:00+00:00,2085.1333,33044.25,16.801655
8398,2016-12-15 22:30:00+00:00,2128.2544,25589.145,14.499146
8399,2016-12-15 23:30:00+00:00,2088.2244,14076.341,12.88747
8400,2016-12-16 00:30:00+00:00,2152.4924,9835.894,16.51375
8401,2016-12-16 01:30:00+00:00,2164.7942,9632.237,16.801075
8402,2016-12-16 02:30:00+00:00,2154.3235,9878.476,13.827762
8403,2016-12-16 03:30:00+00:00,887.08093,10150.416,8.154817
8404,2016-12-16 04:30:00+00:00,159.01399,10594.407,5.3767414
8405,2016-12-16 05:30:00+00:00,232.77269,10590.828,3.9489744
8406,2016-12-16 06:30:00+00:00,67.55023,10358.958,3.1110888
8407,2016-12-16 07:30:00+00:00,17.257284,10622.777,2.190169
8408,2016-12-16 08:30:00+00:00,1947.3992,10344.2705,13.891846
8409,2016-12-16 09:30:00+00:00,2023.8231,9887.368,12.993014
8410,2016-12-16 10:30:00+00:00,2300,9596.412,15.3855715
8411,2016-12-16 11:30:00+00:00,2151.1157,11257.329,12.655316
8412,2016-12-16 12:30:00+00:00,2149.9983,15706.575,12.493104
8413,2016-12-16 13:30:00+00:00,2076.8389,27735.818,11.3074
8414,2016-12-16 14:30:00+00:00,1109.4619,30595.998,8.579857
8415,2016-12-16 15:30:00+00:00,1160.5869,32955.594,9.237573
8416,2016-12-16 16:30:00+00:00,2107.8306,36278.625,13.455772
8417,2016-12-16 17:30:00+00:00,2172.7083,31884.566,12.4056425
8418,2016-12-16 18:30:00+00:00,1938.0952,33996.195,11.223637
8419,2016-12-16 19:30:00+00:00,1311.7557,37383.38,9.9612
8420,2016-12-16 20:30:00+00:00,1262.5376,35583.31,9.804829
8421,2016-12-16 21:30:00+00:00,1135.4136,32177.793,9.35881
8422,2016-12-16 22:30:00+00:00,633.89294,26519.965,7.6062775
8423,2016-12-16 23:30:00+00:00,1517.3585,15352.986,11.072762
8424,2016-12-17 00:30:00+00:00,2051.0183,9885.431,12.082852
8425,2016-12-17 01:30:00+00:00,2205.278,9452.173,12.9963455
8426,2016-12-17 02:30:00+00:00,1444.9615,9681.503,10.4465475
8427,2016-12-17 03:30:00+00:00,960.7412,9402.581,9.188053
8428,2016-12-17 04:30:00+00:00,1232.9817,9574.032,9.431911
8429,2016-12-17 05:30:00+00:00,1236.0586,9583.174,9.411181
8430,2016-12-17 06:30:00+00:00,1500.4303,9398.033,10.372482
8431,2016-12-17 07:30:00+00:00,1453.643,9177.674,10.475668
8432,2016-12-17 08:30:00+00:00,1707.7963,9204.454,11.169515
8433,2016-12-17 09:30:00+00:00,1123.3922,9274.109,9.842839
8434,2016-12-17 10:30:00+00:00,1134.6537,9190.296,9.77542
8435,2016-12-17 11:30:00+00:00,1738.9951,9290.293,11.311214
8436,2016-12-17 12:30:00+00:00,1079.5176,9311.706,9.332642
8437,2016-12-17 13:30:00+00:00,691.91406,8979.055,8.072166
8438,2016-12-17 14:30:00+00:00,336.09515,9021.018,6.1616325
8439,2016-12-17 15:30:00+00:00,687.68884,9106.838,7.979921
8440,2016-12-17 16:30:00+00:00,301.8926,8979.321,5.758608
8441,2016-12-17 17:30:00+00:00,209.43593,8710.175,5.3347306
8442,2016-12-17 18:30:00+00:00,180.2002,8793.495,4.47923
8443,2016-12-17 19:30:00+00:00,330.41287,8885.301,5.9345627
8444,2016-12-17 20:30:00+00:00,421.3258,9074.872,6.4324136
8445,2016-12-17 21:30:00+00:00,612.3047,9165.118,7.3107514
8446,2016-12-17 22:30:00+00:00,796.775,9260.184,8.019425
8447,2016-12-17 23:30:00+00:00,1006.0761,9281.527,8.895357
8448,2016-12-18 00:30:00+00:00,772.69916,9122.401,8.179464
8449,2016-12-18 01:30:00+00:00,1068.6549,9057.432,9.236725
8450,2016-12-18 02:30:00+00:00,749.6039,9149.508,8.06999
8451,2016-12-18 03:30:00+00:00,688.2838,9190.004,8.018822
8452,2016-12-18 04:30:00+00:00,599.788,9143.175,7.470663
8453,2016-12-18 05:30:00+00:00,447.3835,8931.697,6.84327
8454,2016-12-18 06:30:00+00:00,801.9367,9131.007,8.13734
8455,2016-12-18 07:30:00+00:00,857.4266,9217.041,8.389391
8456,2016-12-18 08:30:00+00:00,1593.8372,9152.375,10.7386675
8457,2016-12-18 09:30:00+00:00,2212.2385,9158.908,14.295281
8458,2016-12-18 10:30:00+00:00,2231.7405,9027.863,15.442648
8459,2016-12-18 11:30:00+00:00,2189.0542,9135.523,14.213896
8460,2016-12-18 12:30:00+00:00,2211.8254,9190.007,15.293167
8461,2016-12-18 13:30:00+00:00,2220.7551,9149.725,15.831926
8462,2016-12-18 14:30:00+00:00,2190.1555,9259.355,14.738784
8463,2016-12-18 15:30:00+00:00,2116.8428,9510.815,11.90995
8464,2016-12-18 16:30:00+00:00,2087.6782,9462.31,10.994896
8465,2016-12-18 17:30:00+00:00,1883.614,9267.97,10.502463
8466,2016-12-18 18:30:00+00:00,1642.4575,9193.043,10.071456
8467,2016-12-18 19:30:00+00:00,905.4125,9146.19,8.006
8468,2016-12-18 20:30:00+00:00,1541.9863,9249.03,10.076394
8469,2016-12-18 21:30:00+00:00,899.3467,9335.265,7.9097166
8470,2016-12-18 22:30:00+00:00,1241.0477,9541.231,9.3571415
8471,2016-12-18 23:30:00+00:00,996.12555,10061.732,8.318904
8472,2016-12-19 00:30:00+00:00,533.7664,10302.677,6.8763113
8473,2016-12-19 01:30:00+00:00,128.49687,10325.438,4.052303
8474,2016-12-19 02:30:00+00:00,232.91284,9971.58,5.8365855
8475,2016-12-19 03:30:00+00:00,1189.0619,9556.14,9.759682
8476,2016-12-19 04:30:00+00:00,1456.1796,9364.455,9.997355
8477,2016-12-19 05:30:00+00:00,891.1389,9412.135,8.450889
8478,2016-12-19 06:30:00+00:00,439.58444,8706.228,7.204488
8479,2016-12-19 07:30:00+00:00,556.7237,8582.798,7.2234197
8480,2016-12-19 08:30:00+00:00,1939.7645,9303.483,11.866607
8481,2016-12-19 09:30:00+00:00,2186.9773,9313.243,13.253855
8482,2016-12-19 10:30:00+00:00,2194.3843,9100.707,13.426552
8483,2016-12-19 11:30:00+00:00,2026.3673,10211.775,11.568191
8484,2016-12-19 12:30:00+00:00,2136.3489,14538.418,11.875054
8485,2016-12-19 13:30:00+00:00,2127.9417,25525.934,12.165229
8486,2016-12-19 14:30:00+00:00,2091.1826,27613.979,11.453452
8487,2016-12-19 15:30:00+00:00,1545.2065,29533.766,10.37297
8488,2016-12-19 16:30:00+00:00,1190.8766,31635.135,9.401641
8489,2016-12-19 17:30:00+00:00,949.64746,25466.182,8.743016
8490,2016-12-19 18:30:00+00:00,1107.1293,28841.252,9.279296
8491,2016-12-19 19:30:00+00:00,1496.662,31075.469,10.297199
8492,2016-12-19 20:30:00+00:00,1806.1593,30008.557,11.273347
8493,2016-12-19 21:30:00+00:00,1811.8811,27093.25,11.303131
8494,2016-12-19 22:30:00+00:00,2229.1873,21325.635,13.794185
8495,2016-12-19 23:30:00+00:00,2245.2207,11808.738,15.457032
8496,2016-12-20 00:30:00+00:00,2242.2717,8799.109,15.934986
8497,2016-12-20 01:30:00+00:00,2213.2854,8651.881,16.363037
8498,2016-12-20 02:30:00+00:00,2197.837,8869.418,16.16259
8499,2016-12-20 03:30:00+00:00,2159.355,8875.708,15.014861
8500,2016-12-20 04:30:00+00:00,2135.6099,8966.132,14.171905
8501,2016-12-20 05:30:00+00:00,2118.539,9071.633,13.501967
8502,2016-12-20 06:30:00+00:00,2122.9443,9036.274,13.6516905
8503,2016-12-20 07:30:00+00:00,2145.1687,9337.6,14.207357
8504,2016-12-20 08:30:00+00:00,2160.3696,9243.189,14.519439
8505,2016-12-20 09:30:00+00:00,2171.4229,9160.365,14.749681
8506,2016-12-20 10:30:00+00:00,2191.0884,9106.394,15.495571
8507,2016-12-20 11:30:00+00:00,2238.635,10512.101,17.369802
8508,2016-12-20 12:30:00+00:00,2246.53,14417.415,17.932531
8509,2016-12-20 13:30:00+00:00,2258.744,24393.49,18.433176
8510,2016-12-20 14:30:00+00:00,2279.2017,25474.3,19.128431
8511,2016-12-20 15:30:00+00:00,2262.0864,27182.816,18.57143
8512,2016-12-20 16:30:00+00:00,991.608,29840.12,19.9115
8513,2016-12-20 17:30:00+00:00,697.7117,24580.236,20.912085
8514,2016-12-20 18:30:00+00:00,755.5826,28295.98,21.222176
8515,2016-12-20 19:30:00+00:00,627.6834,30586.217,22.531633
8516,2016-12-20 20:30:00+00:00,472.39902,29341.998,23.017319
8517,2016-12-20 21:30:00+00:00,318.34082,26415.412,23.249886
8518,2016-12-20 22:30:00+00:00,199.69423,20286.307,23.312262
8519,2016-12-20 23:30:00+00:00,107.912796,10765.864,22.027142
8520,2016-12-21 00:30:00+00:00,40.005974,7449.349,21.055803
8521,2016-12-21 01:30:00+00:00,936.17566,7430.685,19.363457
8522,2016-12-21 02:30:00+00:00,1709.5541,7493.025,18.103937
8523,2016-12-21 03:30:00+00:00,1882.2219,7394.799,15.960399
8524,2016-12-21 04:30:00+00:00,2013.8378,7352.755,15.646519
8525,2016-12-21 05:30:00+00:00,2115.0247,7368.5576,15.459797
8526,2016-12-21 06:30:00+00:00,2156.6775,7295.4663,15.169976
8527,2016-12-21 07:30:00+00:00,2156.8865,7523.9897,14.234317
8528,2016-12-21 08:30:00+00:00,2163.5723,7476.3613,14.3899975
8529,2016-12-21 09:30:00+00:00,2155.9153,7508.497,14.201629
8530,2016-12-21 10:30:00+00:00,2124.0823,7738.6543,13.118886
8531,2016-12-21 11:30:00+00:00,1291.7352,8963.622,9.8946495
8532,2016-12-21 12:30:00+00:00,2059.2227,12884.108,11.776083
8533,2016-12-21 13:30:00+00:00,2018.3915,23043.578,11.458996
8534,2016-12-21 14:30:00+00:00,2077.2158,24332.15,11.395394
8535,2016-12-21 15:30:00+00:00,1275.193,26994.143,9.711159
8536,2016-12-21 16:30:00+00:00,961.12445,29575.104,8.690917
8537,2016-12-21 17:30:00+00:00,1840.0583,24692.668,11.447325
8538,2016-12-21 18:30:00+00:00,1128.4939,28263.266,9.386943
8539,2016-12-21 19:30:00+00:00,513.58527,30842.143,7.221946
8540,2016-12-21 20:30:00+00:00,342.66605,29292.748,6.1666365
8541,2016-12-21 21:30:00+00:00,1143.3317,26295.043,9.773245
8542,2016-12-21 22:30:00+00:00,1378.5134,20227.97,10.142898
8543,2016-12-21 23:30:00+00:00,1255.8473,10690.487,9.947478
8544,2016-12-22 00:30:00+00:00,1144.0989,7394.146,9.621428
8545,2016-12-22 01:30:00+00:00,1345.7134,7401.3013,10.134948
8546,2016-12-22 02:30:00+00:00,852.6003,7490.7188,8.698863
8547,2016-12-22 03:30:00+00:00,1615.4987,7437.2695,10.92641
8548,2016-12-22 04:30:00+00:00,1729.6694,7446.5977,11.0366955
8549,2016-12-22 05:30:00+00:00,2150.147,7334.5938,12.92989
8550,2016-12-22 06:30:00+00:00,2144.7617,7207.0894,13.451309
8551,2016-12-22 07:30:00+00:00,2148.9504,7560.017,13.911652
8552,2016-12-22 08:30:00+00:00,2141.272,7652.829,13.501112
8553,2016-12-22 09:30:00+00:00,1204.8164,7646.147,9.80634
8554,2016-12-22 10:30:00+00:00,1273.0253,7795.9336,9.708109
8555,2016-12-22 11:30:00+00:00,1563.773,9009.827,10.400815
8556,2016-12-22 12:30:00+00:00,891.63477,12723.778,8.559116
8557,2016-12-22 13:30:00+00:00,989.9597,23415.734,8.935901
8558,2016-12-22 14:30:00+00:00,990.0425,24564.312,8.834517
8559,2016-12-22 15:30:00+00:00,904.2728,26779.34,8.715478
8560,2016-12-22 16:30:00+00:00,1124.4845,29335.059,9.124716
8561,2016-12-22 17:30:00+00:00,1131.6799,24170.932,9.210164
8562,2016-12-22 18:30:00+00:00,2050.1917,27496.512,11.839116
8563,2016-12-22 19:30:00+00:00,1317.178,29677.252,9.80406
8564,2016-12-22 20:30:00+00:00,566.0892,27870.611,7.0065107
8565,2016-12-22 21:30:00+00:00,1029.0464,25042.701,8.88086
8566,2016-12-22 22:30:00+00:00,1065.8024,19400.87,8.699412
8567,2016-12-22 23:30:00+00:00,1304.3062,10677.067,9.583833
8568,2016-12-23 00:30:00+00:00,1688.5392,7623.7905,10.583965
8569,2016-12-23 01:30:00+00:00,2019.3087,7654.652,11.67157
8570,2016-12-23 02:30:00+00:00,2210.6675,7635.3735,13.881047
8571,2016-12-23 03:30:00+00:00,2201.9048,7440.809,14.834376
8572,2016-12-23 04:30:00+00:00,2157.369,7454.2114,14.103748
8573,2016-12-23 05:30:00+00:00,2112.9814,7457.311,12.6047125
8574,2016-12-23 06:30:00+00:00,2127.3394,7353.6665,12.791804
8575,2016-12-23 07:30:00+00:00,2135.9163,7589.53,13.25902
8576,2016-12-23 08:30:00+00:00,2130.5498,7607.041,13.25878
8577,2016-12-23 09:30:00+00:00,2130.5474,7419.778,13.399368
8578,2016-12-23 10:30:00+00:00,2122.1008,7627.4556,13.243514
8579,2016-12-23 11:30:00+00:00,2128.7234,8943.728,13.465945
8580,2016-12-23 12:30:00+00:00,2121.2012,12738.339,13.235425
8581,2016-12-23 13:30:00+00:00,2121.293,22810.912,13.015714
8582,2016-12-23 14:30:00+00:00,2132.6157,24719.062,13.140688
8583,2016-12-23 15:30:00+00:00,2164.4282,27406.488,13.803809
8584,2016-12-23 16:30:00+00:00,2139.138,29572.492,12.612921
8585,2016-12-23 17:30:00+00:00,2149.1895,24498.393,12.558857
8586,2016-12-23 18:30:00+00:00,2151.998,28158.328,12.559812
8587,2016-12-23 19:30:00+00:00,2165.0186,30319.033,12.960557
8588,2016-12-23 20:30:00+00:00,2150.4746,28562.904,12.117499
8589,2016-12-23 21:30:00+00:00,2157.257,25665.092,12.56525
8590,2016-12-23 22:30:00+00:00,1740.5802,19607.139,11.114607
8591,2016-12-23 23:30:00+00:00,2014.8506,10519.743,11.832065
8592,2016-12-24 00:30:00+00:00,940.6702,7508.2495,8.3894415
8593,2016-12-24 01:30:00+00:00,1654.5613,7501.9243,11.390378
8594,2016-12-24 02:30:00+00:00,2099.9565,7440.4297,12.353279
8595,2016-12-24 03:30:00+00:00,1934.611,7455.5146,11.602186
8596,2016-12-24 04:30:00+00:00,1935.2438,7375.4976,11.562936
8597,2016-12-24 05:30:00+00:00,1222.7775,7105.1206,10.036936
8598,2016-12-24 06:30:00+00:00,1600.3647,7000.2114,10.756391
8599,2016-12-24 07:30:00+00:00,1764.101,6944.038,11.157039
8600,2016-12-24 08:30:00+00:00,2154.4739,6913.1665,12.429913
8601,2016-12-24 09:30:00+00:00,2091.3635,6949.04,12.458864
8602,2016-12-24 10:30:00+00:00,1311.428,6946.688,10.449062
8603,2016-12-24 11:30:00+00:00,1733.8472,6857.9536,11.131634
8604,2016-12-24 12:30:00+00:00,2100.2156,6709.8525,11.921604
8605,2016-12-24 13:30:00+00:00,1359.3657,6830.8306,10.104995
8606,2016-12-24 14:30:00+00:00,1895.1149,6807.2427,11.156124
8607,2016-12-24 15:30:00+00:00,1377.5195,6803.228,10.070134
8608,2016-12-24 16:30:00+00:00,948.51917,6619.973,8.71134
8609,2016-12-24 17:30:00+00:00,1374.2687,6851.872,9.71313
8610,2016-12-24 18:30:00+00:00,1146.0004,7081.1094,9.342113
8611,2016-12-24 19:30:00+00:00,1120.1901,7072.929,9.18836
8612,2016-12-24 20:30:00+00:00,995.6785,7084.2563,8.825008
8613,2016-12-24 21:30:00+00:00,1088.3135,6993.367,9.055447
8614,2016-12-24 22:30:00+00:00,1431.4008,7230.8384,9.917318
8615,2016-12-24 23:30:00+00:00,1825.1504,7332.7744,11.0815735
8616,2016-12-25 00:30:00+00:00,1571.3385,7413.4814,10.536673
8617,2016-12-25 01:30:00+00:00,1671.1534,7364.688,10.7262335
8618,2016-12-25 02:30:00+00:00,1764.1711,7225.736,10.854422
8619,2016-12-25 03:30:00+00:00,1517.5657,7245.934,10.154639
8620,2016-12-25 04:30:00+00:00,1468.3463,7359.432,9.944471
8621,2016-12-25 05:30:00+00:00,933.34985,7389.1514,8.699439
8622,2016-12-25 06:30:00+00:00,951.5654,7430.864,8.734888
8623,2016-12-25 07:30:00+00:00,1889.1985,7272.406,11.235257
8624,2016-12-25 08:30:00+00:00,1673.2887,7513.704,10.932689
8625,2016-12-25 09:30:00+00:00,761.33954,7345.1855,7.9891744
8626,2016-12-25 10:30:00+00:00,1483.099,7383.073,10.660891
8627,2016-12-25 11:30:00+00:00,1316.8993,7560.516,10.047107
8628,2016-12-25 12:30:00+00:00,1812.0912,8294.883,10.922099
8629,2016-12-25 13:30:00+00:00,1207.297,8599.975,9.542879
8630,2016-12-25 14:30:00+00:00,1291.9236,8358.317,9.565604
8631,2016-12-25 15:30:00+00:00,2016.4308,8340.61,11.355013
8632,2016-12-25 16:30:00+00:00,1284.2163,8212.272,9.534942
8633,2016-12-25 17:30:00+00:00,647.25806,7897.9707,7.7945223
8634,2016-12-25 18:30:00+00:00,879.7028,7943.1064,8.472033
8635,2016-12-25 19:30:00+00:00,639.6082,7874.518,7.884958
8636,2016-12-25 20:30:00+00:00,796.23145,7832.329,8.453062
8637,2016-12-25 21:30:00+00:00,616.41974,7780.082,7.759225
8638,2016-12-25 22:30:00+00:00,1491.5146,8288.64,10.471464
8639,2016-12-25 23:30:00+00:00,2148.8828,8579.414,12.245718
8640,2016-12-26 00:30:00+00:00,2295.2725,8922.682,13.794424
8641,2016-12-26 01:30:00+00:00,2274.4734,8637.841,15.3166
8642,2016-12-26 02:30:00+00:00,2283.9895,8368.02,18.771235
8643,2016-12-26 03:30:00+00:00,1061.3763,8231.191,20.920553
8644,2016-12-26 04:30:00+00:00,711.52954,7973.722,21.402554
8645,2016-12-26 05:30:00+00:00,874.7141,7814.788,21.839304
8646,2016-12-26 06:30:00+00:00,750.0667,7340.2466,22.268179
8647,2016-12-26 07:30:00+00:00,609.01807,7183.857,22.543983
8648,2016-12-26 08:30:00+00:00,616.16455,7193.39,23.897942
8649,2016-12-26 09:30:00+00:00,632.5696,7291.4556,24.788979
8650,2016-12-26 10:30:00+00:00,514.33954,7033.2563,22.725056
8651,2016-12-26 11:30:00+00:00,417.1509,6956.115,20.215902
8652,2016-12-26 12:30:00+00:00,579.26135,6881.1045,22.478956
8653,2016-12-26 13:30:00+00:00,533.92816,6786.5093,22.40829
8654,2016-12-26 14:30:00+00:00,523.8191,6653.698,22.28454
8655,2016-12-26 15:30:00+00:00,524.2453,6579.037,22.35154
8656,2016-12-26 16:30:00+00:00,502.19272,6433.7485,22.529871
8657,2016-12-26 17:30:00+00:00,429.95587,6500.538,21.916315
8658,2016-12-26 18:30:00+00:00,401.34058,6470.939,22.222555
8659,2016-12-26 19:30:00+00:00,346.5442,6448.3315,22.954763
8660,2016-12-26 20:30:00+00:00,216.60515,6374.082,22.506096
8661,2016-12-26 21:30:00+00:00,97.19508,6084.23,20.83269
8662,2016-12-26 22:30:00+00:00,9.452051,6178.131,19.785025
8663,2016-12-26 23:30:00+00:00,0,6221.866,21.206705
8664,2016-12-27 00:30:00+00:00,838.56525,6268.62,19.6171
8665,2016-12-27 01:30:00+00:00,1584.5638,6201.2036,18.593706
8666,2016-12-27 02:30:00+00:00,1820.6539,6170.1733,17.831606
8667,2016-12-27 03:30:00+00:00,1956.2094,6415.7026,17.122066
8668,2016-12-27 04:30:00+00:00,2119.6807,6648.835,18.349361
8669,2016-12-27 05:30:00+00:00,2187.1426,6883.396,18.30581
8670,2016-12-27 06:30:00+00:00,1080.1661,6828.6167,19.250288
8671,2016-12-27 07:30:00+00:00,1810.6443,6814.799,18.782589
8672,2016-12-27 08:30:00+00:00,2252.0908,6898.7104,18.040089
8673,2016-12-27 09:30:00+00:00,2255.62,6916.2266,16.528769
8674,2016-12-27 10:30:00+00:00,2177.2295,6936.487,16.055122
8675,2016-12-27 11:30:00+00:00,2146.3381,6805.1904,14.576844
8676,2016-12-27 12:30:00+00:00,2159.705,7005.19,14.715959
8677,2016-12-27 13:30:00+00:00,2133.9644,6887.8203,13.241479
8678,2016-12-27 14:30:00+00:00,2133.8896,6937.1914,12.865104
8679,2016-12-27 15:30:00+00:00,1888.96,7004.6064,10.583766
8680,2016-12-27 16:30:00+00:00,1678.7615,6846.7593,10.341348
8681,2016-12-27 17:30:00+00:00,1270.93,6891.486,9.5277
8682,2016-12-27 18:30:00+00:00,2137.8616,7029.2534,14.246821
8683,2016-12-27 19:30:00+00:00,2154.4314,7092.463,13.36363
8684,2016-12-27 20:30:00+00:00,2215.9463,7046.126,13.4837265
8685,2016-12-27 21:30:00+00:00,2166.9487,6922.905,13.499599
8686,2016-12-27 22:30:00+00:00,1633.7098,6921.6875,10.795063
8687,2016-12-27 23:30:00+00:00,1877.1534,7015.9785,11.378864
8688,2016-12-28 00:30:00+00:00,1232.7893,6983.7305,9.545171
8689,2016-12-28 01:30:00+00:00,2026.7655,7136.1255,12.535875
8690,2016-12-28 02:30:00+00:00,1919.4054,7176.657,11.3554945
8691,2016-12-28 03:30:00+00:00,2142.8894,7164.404,12.252562
8692,2016-12-28 04:30:00+00:00,1606.6378,7064.3345,10.505351
8693,2016-12-28 05:30:00+00:00,1673.3547,7243.205,10.419398
8694,2016-12-28 06:30:00+00:00,949.3444,7124.4727,8.607064
8695,2016-12-28 07:30:00+00:00,198.14476,7212.2993,4.6749434
8696,2016-12-28 08:30:00+00:00,116.101295,7707.0977,3.2835834
8697,2016-12-28 09:30:00+00:00,117.18815,7356.893,4.1176744
8698,2016-12-28 10:30:00+00:00,33.24546,7091.5503,3.882628
8699,2016-12-28 11:30:00+00:00,54.901512,7061.728,4.014064
8700,2016-12-28 12:30:00+00:00,64.447426,7045.8423,3.6231847
8701,2016-12-28 13:30:00+00:00,28.128035,6966.5347,2.9206355
8702,2016-12-28 14:30:00+00:00,207.20422,7386.638,4.947463
8703,2016-12-28 15:30:00+00:00,62.43204,7264.2173,2.9922986
8704,2016-12-28 16:30:00+00:00,43.909187,6995.6665,2.5333116
8705,2016-12-28 17:30:00+00:00,96.682106,6950.338,3.5884395
8706,2016-12-28 18:30:00+00:00,71.80253,6957.5635,3.36138
8707,2016-12-28 19:30:00+00:00,195.96217,6975.334,5.079025
8708,2016-12-28 20:30:00+00:00,226.29236,6896.1465,5.0144854
8709,2016-12-28 21:30:00+00:00,343.99088,6927.502,5.9964104
8710,2016-12-28 22:30:00+00:00,1100.529,6809.836,9.007914
8711,2016-12-28 23:30:00+00:00,2076.2104,6970.265,12.174243
8712,2016-12-29 00:30:00+00:00,2300,6977.353,13.539511
8713,2016-12-29 01:30:00+00:00,2285.3215,7019.052,13.973078
8714,2016-12-29 02:30:00+00:00,2228.2805,6970.3296,15.694969
8715,2016-12-29 03:30:00+00:00,2167.36,6990.3184,14.604022
8716,2016-12-29 04:30:00+00:00,2169.8955,6748.8965,14.907942
8717,2016-12-29 05:30:00+00:00,2158.6663,6546.5186,14.773767
8718,2016-12-29 06:30:00+00:00,2149.6118,6388.7646,14.296212
8719,2016-12-29 07:30:00+00:00,2154.3875,6384.0054,14.423477
8720,2016-12-29 08:30:00+00:00,2170.705,6443.729,14.193201
8721,2016-12-29 09:30:00+00:00,2120.461,6325.7725,12.453157
8722,2016-12-29 10:30:00+00:00,1422.1139,6200.964,10.715325
8723,2016-12-29 11:30:00+00:00,1395.7275,6344.4897,10.297417
8724,2016-12-29 12:30:00+00:00,858.1692,6178.2954,8.553816
8725,2016-12-29 13:30:00+00:00,1758.1868,6411.4546,11.230027
8726,2016-12-29 14:30:00+00:00,2065.6826,6549.958,11.995745
8727,2016-12-29 15:30:00+00:00,2153.8027,6597.503,11.98046
8728,2016-12-29 16:30:00+00:00,1000.22626,6564.1963,8.23102
8729,2016-12-29 17:30:00+00:00,1543.4863,6690.8096,10.888723
8730,2016-12-29 18:30:00+00:00,1791.2064,6834.62,11.291614
8731,2016-12-29 19:30:00+00:00,1902.5022,6830.045,11.407964
8732,2016-12-29 20:30:00+00:00,2190.5703,6540.0713,13.983218
8733,2016-12-29 21:30:00+00:00,2182.7634,6569.07,14.182069
8734,2016-12-29 22:30:00+00:00,2174.6128,6739.3794,13.818553
8735,2016-12-29 23:30:00+00:00,1982.5911,6707.378,11.841077
8736,2016-12-30 00:30:00+00:00,2167.2795,6758.2773,15.381582
8737,2016-12-30 01:30:00+00:00,2152.7024,6871.584,13.511414
8738,2016-12-30 02:30:00+00:00,2149.2249,6792.7046,12.509142
8739,2016-12-30 03:30:00+00:00,2106.8145,6801.917,11.734746
8740,2016-12-30 04:30:00+00:00,1790.1683,6771.428,10.976778
8741,2016-12-30 05:30:00+00:00,1019.3086,6770.776,8.924551
8742,2016-12-30 06:30:00+00:00,1830.1266,6625.8896,11.0919485
8743,2016-12-30 07:30:00+00:00,1826.04,6929.6426,11.0118065
8744,2016-12-30 08:30:00+00:00,2198.128,6958.22,14.161263
8745,2016-12-30 09:30:00+00:00,2162.749,6923.5654,14.268072
8746,2016-12-30 10:30:00+00:00,2182.9836,6862.143,13.941454
8747,2016-12-30 11:30:00+00:00,2182.471,6850.6704,14.303576
8748,2016-12-30 12:30:00+00:00,2204.7424,6885.165,14.676567
8749,2016-12-30 13:30:00+00:00,2195.8171,6871.887,14.144724
8750,2016-12-30 14:30:00+00:00,2176.9084,6847.858,13.692794
8751,2016-12-30 15:30:00+00:00,2160.734,6911.5576,13.787872
8752,2016-12-30 16:30:00+00:00,2137.969,6716.7744,12.7226305
8753,2016-12-30 17:30:00+00:00,2168.094,6896.8623,14.3526745
8754,2016-12-30 18:30:00+00:00,2143.1296,7023.065,12.785669
8755,2016-12-30 19:30:00+00:00,2151.292,7182.102,13.027573
8756,2016-12-30 20:30:00+00:00,2130.7366,7094.6143,12.199302
8757,2016-12-30 21:30:00+00:00,1778.5409,6887.9097,10.837153
8758,2016-12-30 22:30:00+00:00,2095.8308,6821.25,12.074124
8759,2016-12-30 23:30:00+00:00,1094.4491,6987.2505,8.719877
8760,2016-12-31 00:30:00+00:00,1017.6687,6879.944,8.881115
8761,2016-12-31 01:30:00+00:00,1899.7953,7113.045,11.496902
8762,2016-12-31 02:30:00+00:00,1318.552,7301.7397,9.594061
8763,2016-12-31 03:30:00+00:00,601.12823,7192.484,6.91624
8764,2016-12-31 04:30:00+00:00,700.7983,7102.7305,7.573197
8765,2016-12-31 05:30:00+00:00,1036.6147,7009.134,8.57655
8766,2016-12-31 06:30:00+00:00,1823.35,6767.148,11.137592
8767,2016-12-31 07:30:00+00:00,1942.6791,6812.3647,11.64073
8768,2016-12-31 08:30:00+00:00,1272.1897,6848.288,10.142021
8769,2016-12-31 09:30:00+00:00,1275.5569,6932.4834,10.1368475
8770,2016-12-31 10:30:00+00:00,2058.4565,6926.975,12.166858
8771,2016-12-31 11:30:00+00:00,2215.1067,6774.9785,14.087227
8772,2016-12-31 12:30:00+00:00,2269.4285,6871.35,16.276854
8773,2016-12-31 13:30:00+00:00,2300,6766.1353,19.624838
8774,2016-12-31 14:30:00+00:00,2300,6875.345,20.047258
8775,2016-12-31 15:30:00+00:00,2258.4019,6885.5967,18.350319
8776,2016-12-31 16:30:00+00:00,2196.3572,6776.1636,15.746756
8777,2016-12-31 17:30:00+00:00,2208.7031,6873.9727,16.64891
8778,2016-12-31 18:30:00+00:00,2160.6355,7014.806,14.939313
8779,2016-12-31 19:30:00+00:00,2138.311,7137.0034,13.808004
8780,2016-12-31 20:30:00+00:00,2162.8506,7059.5337,15.402542
8781,2016-12-31 21:30:00+00:00,2164.6624,6761.971,15.703906
8782,2016-12-31 22:30:00+00:00,2166.2317,6537.204,15.850099
8783,2016-12-31 23:30:00+00:00,2163.0896,6654.7407,15.689303
