train/n_updates,time/total_timesteps,time/time_elapsed,train/learning_rate,time/fps,train/loss,rollout/exploration_rate,rollout/ep_rew_mean,rollout/ep_len_mean,time/episodes,eval/mean_ep_length,eval/mean_reward
34120,35136,67,0.00019990004553734064,517,0.00021119991070008836,0.9991000000000001,-54694929.0641395,8784.0,4,,
69260,70272,127,0.0001998000341530055,550,9.20017348107649e-05,0.9982,-63564476.158875875,8784.0,8,,
104400,105408,187,0.00019970002276867033,562,0.00010670473493519239,0.9973000000000001,-59903348.59760133,8784.0,12,,
139540,140544,247,0.00019960001138433518,568,0.00011561188621271868,0.9964,-54508778.260266244,8784.0,16,,
174660,175680,307,0.00019950005692167579,571,0.00011280270791758085,0.9955,-52546720.1257052,8784.0,20,,
209800,210816,367,0.00019940004553734063,574,9.735169442137703e-05,0.9946,-56166351.23294433,8784.0,24,,
244940,245952,427,0.00019930003415300548,575,8.827579786157003e-05,0.9937000000000001,-52063500.89677924,8784.0,28,,
280080,281088,487,0.00019920002276867032,576,9.854381860350259e-05,0.9928,-55232708.09251897,8784.0,32,,
315220,316224,547,0.00019910001138433517,577,0.00010203883502981625,0.9919000000000001,-52481215.189228274,8784.0,36,,
350340,351360,607,0.00019900005692167577,578,7.738264212093781e-05,0.991,-57582786.29983513,8784.0,40,,
385480,386496,667,0.00019890004553734062,578,7.58242815209087e-05,0.9901000000000001,-56667501.52157212,8784.0,44,,
420620,421632,727,0.00019880003415300546,579,8.441038899036357e-05,0.9892,-58026751.68366306,8784.0,48,,
438180,439200,,0.0001987500569216758,,6.409862635337049e-05,0.9887500256147541,,,,8784.0,-6351383.8230425
455760,456768,830,0.00019870002276867034,549,9.222341523127398e-05,0.9883000000000001,-55911418.45409252,8784.0,52,,
490900,491904,891,0.00019860001138433518,552,9.021083533298225e-05,0.9873999999999999,-56102168.68297585,8784.0,56,,
526020,527040,951,0.0001985000569216758,553,7.181524470070144e-05,0.9865,-56340544.33419445,8784.0,60,,
561160,562176,1011,0.00019840004553734063,555,7.243796462717001e-05,0.9856,-55249005.08789867,8784.0,64,,
596300,597312,1072,0.00019830003415300545,557,7.324197995330905e-05,0.9847000000000001,-56108222.38543282,8784.0,68,,
631440,632448,1132,0.00019820002276867032,558,7.485786009056027e-05,0.9838,-55802138.946945414,8784.0,72,,
666580,667584,1193,0.00019810001138433517,559,6.891921711940085e-05,0.9829000000000001,-56943631.59360977,8784.0,76,,
701700,702720,1253,0.00019800005692167578,560,7.416660446324386e-05,0.982,-55186987.972225025,8784.0,80,,
736840,737856,1313,0.00019790004553734062,561,5.385245694924379e-05,0.9811000000000001,-56185531.35253863,8784.0,84,,
771980,772992,1374,0.00019780003415300547,562,5.5261015222640705e-05,0.9802,-54923403.2824996,8784.0,88,,
807120,808128,1435,0.0001977000227686703,563,6.172333905851701e-05,0.9793000000000001,-53669084.49468932,8784.0,92,,
842260,843264,1495,0.00019760001138433516,563,6.237184788915329e-05,0.9783999999999999,-53656169.40888836,8784.0,96,,
877380,878400,,0.0001975000569216758,,6.0139056768093727e-05,0.977500025614754,,,,8784.0,-6192671.0903814
,878400,1598,,549,,0.9775,-53556237.80693774,8784.0,100,,
912520,913536,1658,0.00019740004553734064,550,6.832720782767865e-05,0.9766,-53826794.440026045,8784.0,104,,
947660,948672,1719,0.00019730003415300545,551,7.33748333004769e-05,0.9757000000000001,-53335114.79559153,8784.0,108,,
982800,983808,1779,0.0001972000227686703,552,5.598338266281644e-05,0.9748,-54743470.43907047,8784.0,112,,
1017940,1018944,1839,0.00019710001138433517,553,6.955036515137181e-05,0.9739000000000001,-55904326.961203784,8784.0,116,,
1053060,1054080,1900,0.00019700005692167578,554,5.2708975454152095e-05,0.973,-56169470.96993774,8784.0,120,,
1088200,1089216,1960,0.00019690004553734062,555,5.005768516639364e-05,0.9721000000000001,-55424371.38158412,8784.0,124,,
1123340,1124352,2020,0.00019680003415300547,556,6.126226144260727e-05,0.9712,-55810859.20523772,8784.0,128,,
1158480,1159488,2081,0.00019670002276867031,557,5.070334182164515e-05,0.9703,-54638681.2844382,8784.0,132,,
1193620,1194624,2141,0.00019660001138433516,557,6.292615198617568e-05,0.9693999999999999,-55644646.95678691,8784.0,136,,
1228740,1229760,2202,0.0001965000569216758,558,4.6001167811482445e-05,0.9685,-54191205.50310506,8784.0,140,,
1263880,1264896,2262,0.00019640004553734064,559,4.8107236762007235e-05,0.9676,-53839605.15731982,8784.0,144,,
1299020,1300032,2323,0.00019630003415300546,559,4.315651631259243e-05,0.9667000000000001,-55436486.82259682,8784.0,148,,
1316580,1317600,,0.00019625005692167576,,5.069350445410237e-05,0.966250025614754,,,,8784.0,-6262449.8626938
1334160,1335168,2426,0.0001962000227686703,550,4.439871390786721e-05,0.9658,-56811467.380800046,8784.0,152,,
1369300,1370304,2486,0.00019610001138433515,551,5.1379057094891325e-05,0.9649000000000001,-56064576.24224687,8784.0,156,,
1404420,1405440,2547,0.00019600005692167578,551,5.057073085481534e-05,0.964,-56324622.92583045,8784.0,160,,
1439560,1440576,2607,0.00019590004553734063,552,4.9070905333792325e-05,0.9631000000000001,-56649785.2991208,8784.0,164,,
1474700,1475712,2668,0.00019580003415300547,553,4.7080934200494086e-05,0.9621999999999999,-55273714.018003464,8784.0,168,,
1509840,1510848,2728,0.00019570002276867032,553,4.635818258975632e-05,0.9613,-55858043.690101236,8784.0,172,,
1544980,1545984,2789,0.00019560001138433516,554,7.513232576457085e-05,0.9603999999999999,-54303345.608631074,8784.0,176,,
1580100,1581120,2850,0.0001955000569216758,554,5.717229487345321e-05,0.9595,-54545180.86567221,8784.0,180,,
1615240,1616256,2910,0.00019540004553734064,555,4.384104113341891e-05,0.9586,-54492506.08352712,8784.0,184,,
1650380,1651392,2971,0.0001953000341530055,555,4.657538374885917e-05,0.9577000000000001,-56719964.18177286,8784.0,188,,
1685520,1686528,3032,0.0001952000227686703,556,3.464338387857424e-05,0.9568,-58730925.25030539,8784.0,192,,
1720660,1721664,3092,0.00019510001138433515,556,4.2879528882622255e-05,0.9559000000000001,-57663068.265766755,8784.0,196,,
1755780,1756800,,0.00019500005692167578,,4.341133017078391e-05,0.9550000256147541,,,,8784.0,-6069478.2687609
,1756800,3196,,549,,0.955,-56902437.59236422,8784.0,200,,
1790920,1791936,3256,0.00019490004553734063,550,3.6372702561493496e-05,0.9541000000000001,-58161355.159004614,8784.0,204,,
1826060,1827072,3317,0.00019480003415300547,550,3.998848978881142e-05,0.9531999999999999,-57825923.239696674,8784.0,208,,
1861200,1862208,3378,0.00019470002276867032,551,5.01266103128728e-05,0.9523,-56950276.90456007,8784.0,212,,
1896340,1897344,3439,0.00019460001138433517,551,4.0601558157504766e-05,0.9513999999999999,-55684178.53018945,8784.0,216,,
1931460,1932480,3500,0.0001945000569216758,552,3.346585563122062e-05,0.9505,-55043171.43685618,8784.0,220,,
1966600,1967616,3561,0.00019440004553734064,552,3.544588425938855e-05,0.9496,-56502096.9577581,8784.0,224,,
2001740,2002752,3622,0.0001943000341530055,552,3.6381458357936935e-05,0.9487000000000001,-57687034.33460346,8784.0,228,,
2036880,2037888,3684,0.0001942000227686703,553,2.980661411129404e-05,0.9478,-57650555.92292428,8784.0,232,,
2072020,2073024,3745,0.00019410001138433515,553,3.4826214869099206e-05,0.9469000000000001,-58037309.69596618,8784.0,236,,
2107140,2108160,3806,0.0001940000569216758,553,3.43879752108478e-05,0.946,-58610003.07319869,8784.0,240,,
2142280,2143296,3868,0.00019390004553734063,554,3.979076282121241e-05,0.9451,-58117408.029300116,8784.0,244,,
2177420,2178432,3935,0.00019380003415300548,553,3.365844959262177e-05,0.9441999999999999,-56031899.813313,8784.0,248,,
2194980,2196000,,0.00019375005692167578,,3.551483787305188e-05,0.9437500256147541,,,,8784.0,-6478206.5239864
2212560,2213568,4039,0.00019370002276867032,548,4.2276105705241204e-05,0.9433,-55081714.12381282,8784.0,252,,
2247700,2248704,4099,0.00019360001138433517,548,3.5785764339379966e-05,0.9423999999999999,-55255924.06090964,8784.0,256,,
2282820,2283840,4160,0.00019350005692167577,548,2.9630686913151295e-05,0.9415,-54460554.80493388,8784.0,260,,
2317960,2318976,4221,0.00019340004553734065,549,3.3276097019552255e-05,0.9406,-54702177.26100243,8784.0,264,,
2353100,2354112,4282,0.0001933000341530055,549,2.6463156973477454e-05,0.9397000000000001,-56441370.51485747,8784.0,268,,
2388240,2389248,4343,0.00019320002276867034,550,2.9350757631618763e-05,0.9388,-55037996.47679547,8784.0,272,,
2423380,2424384,4404,0.00019310001138433516,550,3.487295589366113e-05,0.9379000000000001,-56869294.526504755,8784.0,276,,
2458500,2459520,4465,0.00019300005692167576,550,3.1735080847283824e-05,0.9369999999999999,-57384327.511063024,8784.0,280,,
2493640,2494656,4526,0.00019290004553734064,551,2.7074585614172974e-05,0.9361,-56092993.780475706,8784.0,284,,
2528780,2529792,4587,0.00019280003415300548,551,3.8786933782830604e-05,0.9351999999999999,-54114406.964455634,8784.0,288,,
2563920,2564928,4648,0.00019270002276867033,551,3.148341556880041e-05,0.9343,-52221176.58981782,8784.0,292,,
2599060,2600064,4709,0.00019260001138433517,552,3.063303420276497e-05,0.9333999999999999,-53827918.502874784,8784.0,296,,
2634180,2635200,,0.00019250005692167578,,2.8961344014533097e-05,0.9325000256147542,,,,8784.0,-6433868.4724604
,2635200,4813,,547,,0.9325,-54477898.60391888,8784.0,300,,
2669320,2670336,4874,0.00019240004553734062,547,3.679610927065369e-05,0.9316,-52021159.09109416,8784.0,304,,
2704460,2705472,4935,0.00019230003415300547,548,2.52806105891068e-05,0.9307000000000001,-51489812.45350995,8784.0,308,,
2739600,2740608,4996,0.00019220002276867034,548,3.220365097149625e-05,0.9298,-50739391.88888445,8784.0,312,,
2774740,2775744,5057,0.00019210001138433516,548,3.0999873979453695e-05,0.9289000000000001,-52523100.19572687,8784.0,316,,
2809860,2810880,5118,0.00019200005692167577,549,2.5588006110410788e-05,0.9279999999999999,-53041893.002633095,8784.0,320,,
2845000,2846016,5180,0.0001919000455373406,549,2.629994769449695e-05,0.9271,-51866481.8240833,8784.0,324,,
2880140,2881152,5241,0.00019180003415300548,549,3.1176787706499455e-05,0.9261999999999999,-51371515.73812066,8784.0,328,,
2915280,2916288,5302,0.00019170002276867033,549,3.320202413306106e-05,0.9253,-51426654.89993778,8784.0,332,,
2950420,2951424,5363,0.00019160001138433517,550,3.2461502996739e-05,0.9243999999999999,-52148212.39591783,8784.0,336,,
2985540,2986560,5424,0.00019150005692167578,550,3.102746750300866e-05,0.9235,-50229618.154959306,8784.0,340,,
3020680,3021696,5486,0.00019140004553734063,550,3.092704555456294e-05,0.9226,-52108516.05445146,8784.0,344,,
3055820,3056832,5547,0.00019130003415300547,551,2.2920149785932153e-05,0.9217000000000001,-50707371.031006835,8784.0,348,,
3073380,3074400,,0.0001912500569216758,,2.9931241260783282e-05,0.921250025614754,,,,8784.0,-6217024.9220404
3090960,3091968,5651,0.00019120002276867032,547,2.6326144961785758e-05,0.9208,-50191186.046258554,8784.0,352,,
3126100,3127104,5712,0.00019110001138433516,547,2.5016760537255324e-05,0.9199,-51988323.78585742,8784.0,356,,
3161220,3162240,5773,0.00019100005692167577,547,2.8450331046769862e-05,0.9189999999999999,-53202207.611422576,8784.0,360,,
3196360,3197376,5835,0.00019090004553734061,547,2.8255378038011258e-05,0.9181,-52835625.921544224,8784.0,364,,
3231500,3232512,5896,0.00019080003415300546,548,2.5298875971202506e-05,0.9171999999999999,-52596684.142122775,8784.0,368,,
3266640,3267648,5957,0.0001907000227686703,548,2.462837815073726e-05,0.9163,-54196572.59357959,8784.0,372,,
3301780,3302784,6019,0.00019060001138433518,548,3.314964988021529e-05,0.9153999999999999,-53111349.71525604,8784.0,376,,
3336900,3337920,6080,0.00019050005692167578,548,2.626188352223835e-05,0.9145,-53112295.10872211,8784.0,380,,
3372040,3373056,6141,0.00019040004553734063,549,3.1398174451169324e-05,0.9136,-54446539.40201226,8784.0,384,,
3407180,3408192,6203,0.00019030003415300547,549,2.8336516425042647e-05,0.9127000000000001,-56146137.07759352,8784.0,388,,
3442320,3443328,6264,0.00019020002276867032,549,3.0010658156243154e-05,0.9117999999999999,-55704499.86874047,8784.0,392,,
3477460,3478464,6326,0.00019010001138433516,549,2.8572379051183816e-05,0.9109,-54340190.50438618,8784.0,396,,
3512580,3513600,,0.00019000005692167577,,2.7250414041191108e-05,0.910000025614754,,,,8784.0,-6120654.9711989
,3513600,6430,,546,,0.9099999999999999,-56203436.91032644,8784.0,400,,
3547720,3548736,6491,0.00018990004553734062,546,2.8126050983701135e-05,0.9091,-56567251.541132145,8784.0,404,,
3582860,3583872,6553,0.00018980003415300546,546,2.5001859921758295e-05,0.9081999999999999,-56744445.486302346,8784.0,408,,
3618000,3619008,6614,0.0001897000227686703,547,2.548787324485602e-05,0.9073,-56337154.39793627,8784.0,412,,
3653140,3654144,6676,0.00018960001138433515,547,2.901179823311395e-05,0.9063999999999999,-55907716.37805396,8784.0,416,,
3688260,3689280,6738,0.00018950005692167579,547,2.4195599553422654e-05,0.9055,-55417909.49828269,8784.0,420,,
3723400,3724416,6799,0.00018940004553734063,547,2.804617506626528e-05,0.9046,-54381240.59455756,8784.0,424,,
3758540,3759552,6861,0.00018930003415300548,547,2.5657967853476293e-05,0.9037000000000001,-54735157.101140045,8784.0,428,,
3793680,3794688,6923,0.00018920002276867032,548,2.9286375047377077e-05,0.9027999999999999,-54199642.52479946,8784.0,432,,
3828820,3829824,6984,0.00018910001138433517,548,2.8802107317460467e-05,0.9019,-53108504.053191006,8784.0,436,,
3863940,3864960,7046,0.0001890000569216758,548,2.1908855705987663e-05,0.9009999999999999,-52776633.246390626,8784.0,440,,
3899080,3900096,7108,0.00018890004553734062,548,2.087683733407175e-05,0.9001,-51661877.19945076,8784.0,444,,
3934220,3935232,7169,0.00018880003415300546,548,2.3576793228130555e-05,0.8991999999999999,-52691110.63099666,8784.0,448,,
3951780,3952800,,0.00018875005692167577,,2.8786710026906802e-05,0.898750025614754,,,,8784.0,-6214152.873269199
3969360,3970368,7274,0.0001887000227686703,545,2.3516573673987295e-05,0.8983,-53208835.42153617,8784.0,452,,
4004500,4005504,7335,0.00018860001138433516,546,2.455950952935382e-05,0.8973999999999999,-50644291.39558946,8784.0,456,,
4039620,4040640,7397,0.0001885000569216758,546,2.5867315798677737e-05,0.8965,-49652177.31604474,8784.0,460,,
4074760,4075776,7459,0.00018840004553734063,546,2.2766765960113843e-05,0.8956,-50358224.67850154,8784.0,464,,
4109900,4110912,7520,0.00018830003415300548,546,3.084005688833713e-05,0.8947,-49537968.846260846,8784.0,468,,
4145040,4146048,7582,0.00018820002276867033,546,2.5843339608400127e-05,0.8938000000000001,-49816770.16851913,8784.0,472,,
4180180,4181184,7644,0.00018810001138433517,546,2.5999199442594546e-05,0.8929,-48157207.88757829,8784.0,476,,
4215300,4216320,7708,0.0001880000569216758,546,1.7296671148869792e-05,0.8919999999999999,-49215676.4426821,8784.0,480,,
4250440,4251456,7769,0.00018790004553734062,547,2.5934834047802725e-05,0.8911,-49601478.758902065,8784.0,484,,
4285580,4286592,7834,0.00018780003415300547,547,2.103213473674259e-05,0.8902000000000001,-48899575.324697115,8784.0,488,,
4320720,4321728,7896,0.0001877000227686703,547,2.3200776558951476e-05,0.8893,-50085264.0626239,8784.0,492,,
4355860,4356864,7957,0.00018760001138433516,547,2.219665730081033e-05,0.8883999999999999,-52449092.24345794,8784.0,496,,
4390980,4392000,,0.0001875000569216758,,2.922581807069946e-05,0.8875000256147542,,,,8784.0,-6152201.3702514
,4392000,8059,,544,,0.8875,-50552394.53061107,8784.0,500,,
4426120,4427136,8120,0.00018740004553734064,545,2.2055309318602668e-05,0.8866,-51900714.251273945,8784.0,504,,
4461260,4462272,8180,0.00018730003415300548,545,2.432256005704403e-05,0.8857,-52049709.68670348,8784.0,508,,
4496400,4497408,8240,0.00018720002276867033,545,2.057116607829812e-05,0.8847999999999999,-52862163.328897916,8784.0,512,,
4531540,4532544,8301,0.00018710001138433517,546,2.2483001157524995e-05,0.8839,-51732178.984803654,8784.0,516,,
4566660,4567680,8361,0.00018700005692167578,546,2.574385957814229e-05,0.8830000000000001,-51914593.945106834,8784.0,520,,
4601800,4602816,8421,0.00018690004553734065,546,2.0018782606712193e-05,0.8821,-53330810.36841962,8784.0,524,,
4636940,4637952,8482,0.00018680003415300547,546,2.025788935497985e-05,0.8811999999999999,-52606811.751299046,8784.0,528,,
4672080,4673088,8542,0.00018670002276867032,547,2.4708875207579696e-05,0.8803,-52856436.12395373,8784.0,532,,
4707220,4708224,8602,0.00018660001138433516,547,2.186079354942194e-05,0.8794000000000001,-51336728.708813354,8784.0,536,,
4742340,4743360,8663,0.0001865000569216758,547,2.5037075647560415e-05,0.8785,-52220817.846186064,8784.0,540,,
4777480,4778496,8724,0.00018640004553734064,547,2.3790758768882368e-05,0.8775999999999999,-52244734.9014681,8784.0,544,,
4812620,4813632,8785,0.00018630003415300549,547,2.366178405281971e-05,0.8767,-51911580.565017134,8784.0,548,,
4830180,4831200,,0.0001862500569216758,,2.1376669155870332e-05,0.8762500256147542,,,,8784.0,-6132107.6514065005
4847760,4848768,8887,0.00018620002276867033,545,2.1783824240628747e-05,0.8758000000000001,-51933013.532050245,8784.0,552,,
4882900,4883904,8948,0.00018610001138433518,545,2.37769070736249e-05,0.8749,-53547807.79724527,8784.0,556,,
4918020,4919040,9008,0.00018600005692167578,546,2.0435757642189854e-05,0.8739999999999999,-53576246.906571925,8784.0,560,,
4953160,4954176,9069,0.00018590004553734063,546,2.0082634091522777e-05,0.8731,-53160234.77990962,8784.0,564,,
4988300,4989312,9130,0.00018580003415300547,546,2.0678163855336608e-05,0.8722000000000001,-55417298.39337352,8784.0,568,,
5023440,5024448,9190,0.00018570002276867032,546,1.993052956095198e-05,0.8713,-55092102.87526001,8784.0,572,,
5058580,5059584,9251,0.00018560001138433516,546,2.2694461858918657e-05,0.8704000000000001,-56713730.73490009,8784.0,576,,
5093700,5094720,9312,0.00018550005692167577,547,3.976793877882301e-05,0.8694999999999999,-56834904.41958474,8784.0,580,,
5128840,5129856,9372,0.00018540004553734062,547,4.812708593817661e-05,0.8686,-55790042.80095757,8784.0,584,,
5163980,5164992,9433,0.0001853000341530055,547,2.5204118765032034e-05,0.8676999999999999,-54393042.986242115,8784.0,588,,
5199120,5200128,9494,0.00018520002276867033,547,2.050026114375214e-05,0.8668,-54332602.60822193,8784.0,592,,
5234260,5235264,9555,0.00018510001138433518,547,2.570121578173712e-05,0.8659,-53204602.98476012,8784.0,596,,
5269380,5270400,,0.00018500005692167578,,2.8480389664764517e-05,0.865000025614754,,,,8784.0,-6486739.0958668
,5270400,9657,,545,,0.8650000000000001,-53511227.4206577,8784.0,600,,
5304520,5305536,9718,0.00018490004553734063,545,2.4809749538690086e-05,0.8641,-52961774.294405356,8784.0,604,,
5339660,5340672,9779,0.00018480003415300548,546,2.3288996726478216e-05,0.8632000000000001,-54141461.868317954,8784.0,608,,
5374800,5375808,9839,0.00018470002276867032,546,2.049895829259185e-05,0.8623,-53344020.22670609,8784.0,612,,
5409940,5410944,9900,0.00018460001138433517,546,1.945770081874798e-05,0.8614,-52962798.574691564,8784.0,616,,
5445060,5446080,9961,0.00018450005692167577,546,2.2392925984604517e-05,0.8604999999999999,-53988102.95545802,8784.0,620,,
5480200,5481216,10022,0.00018440004553734062,546,2.138809932148433e-05,0.8596,-52742570.72358201,8784.0,624,,
5515340,5516352,10083,0.00018430003415300546,547,2.0743353252328235e-05,0.8587,-53513041.972737186,8784.0,628,,
5550480,5551488,10144,0.0001842000227686703,547,2.365973828091228e-05,0.8578000000000001,-55086391.01124383,8784.0,632,,
5585620,5586624,10205,0.00018410001138433518,547,2.2974413877818733e-05,0.8569,-55845070.66837697,8784.0,636,,
5620740,5621760,10265,0.0001840000569216758,547,2.3102542172637186e-05,0.8560000000000001,-55247441.85207276,8784.0,640,,
5655880,5656896,10326,0.00018390004553734063,547,1.9806022555712845e-05,0.8551,-55112624.54688909,8784.0,644,,
5691020,5692032,10387,0.00018380003415300545,547,2.2357904890668577e-05,0.8542000000000001,-55131353.73096988,8784.0,648,,
5708580,5709600,,0.00018375005692167578,,2.1163923156564125e-05,0.853750025614754,,,,8784.0,-6023253.1575778
5726160,5727168,10490,0.0001837000227686703,545,1.727917497191811e-05,0.8533,-54350401.34810607,8784.0,652,,
5761300,5762304,10551,0.00018360001138433517,546,1.9141574648529057e-05,0.8524,-53728383.78992763,8784.0,656,,
5796420,5797440,10612,0.00018350005692167578,546,3.045575340365758e-05,0.8514999999999999,-53076941.38254703,8784.0,660,,
5831560,5832576,10673,0.00018340004553734062,546,2.4968355501187033e-05,0.8506,-52785313.60624684,8784.0,664,,
5866700,5867712,10734,0.00018330003415300547,546,2.114968538080575e-05,0.8496999999999999,-51094997.18780392,8784.0,668,,
5901840,5902848,10795,0.0001832000227686703,546,2.2145396815176355e-05,0.8488,-49912315.913993575,8784.0,672,,
5936980,5937984,10856,0.00018310001138433516,546,2.1601619619104894e-05,0.8479,-49343563.940413885,8784.0,676,,
5972100,5973120,10918,0.0001830000569216758,547,4.8059817709145135e-05,0.8470000000000001,-48006261.82977238,8784.0,680,,
6007240,6008256,10979,0.00018290004553734064,547,1.993518599192612e-05,0.8461,-46793341.56820161,8784.0,684,,
6042380,6043392,11040,0.00018280003415300548,547,1.6840848547872157e-05,0.8452000000000001,-47265361.433289334,8784.0,688,,
6077520,6078528,11101,0.0001827000227686703,547,2.0564082751661773e-05,0.8442999999999999,-46916809.80790839,8784.0,692,,
6112660,6113664,11162,0.00018260001138433515,547,2.215210861322703e-05,0.8434,-47415105.34814234,8784.0,696,,
6147780,6148800,,0.00018250005692167578,,1.901326559163863e-05,0.8425000256147541,,,,8784.0,-6127518.0510313
,6148800,11265,,545,,0.8424999999999999,-47991569.75967359,8784.0,700,,
6182920,6183936,11326,0.00018240004553734062,545,1.764024941621756e-05,0.8416,-47069440.18433983,8784.0,704,,
6218060,6219072,11387,0.00018230003415300547,546,1.9978995487690555e-05,0.8407,-45498451.60501998,8784.0,708,,
6253200,6254208,11449,0.00018220002276867031,546,2.0058038217030116e-05,0.8398000000000001,-45669047.56736828,8784.0,712,,
6288340,6289344,11510,0.00018210001138433516,546,1.9074320243817054e-05,0.8389,-45666735.693320625,8784.0,716,,
6323460,6324480,11573,0.0001820000569216758,546,1.8994776610270492e-05,0.8380000000000001,-45610989.503511935,8784.0,720,,
6358600,6359616,11634,0.00018190004553734064,546,1.915399311656074e-05,0.8371,-45954623.8073738,8784.0,724,,
6393740,6394752,11695,0.00018180003415300546,546,1.8894621325671325e-05,0.8362,-44227715.634048596,8784.0,728,,
6428880,6429888,11759,0.0001817000227686703,546,2.0627516460081096e-05,0.8352999999999999,-42573147.775808245,8784.0,732,,
6464020,6465024,11820,0.00018160001138433515,546,1.603167065695743e-05,0.8344,-42258668.09485652,8784.0,736,,
6499140,6500160,11881,0.00018150005692167578,547,1.997503104576026e-05,0.8334999999999999,-41624000.1762296,8784.0,740,,
6534280,6535296,11942,0.00018140004553734063,547,1.7819855520428975e-05,0.8326,-40892036.35812096,8784.0,744,,
6569420,6570432,12002,0.00018130003415300547,547,1.6576553753111513e-05,0.8316999999999999,-40523324.65660768,8784.0,748,,
6586980,6588000,,0.00018125005692167578,,2.0653122874136898e-05,0.8312500256147541,,,,8784.0,-6101821.9564547
6604560,6605568,12106,0.00018120002276867032,545,2.046185941253498e-05,0.8308,-42125714.77304806,8784.0,752,,
6639700,6640704,12166,0.00018110001138433516,545,1.8109791017195676e-05,0.8299,-42741959.36246106,8784.0,756,,
6674820,6675840,12227,0.0001810000569216758,545,2.0089252893740193e-05,0.8290000000000001,-42572988.43625523,8784.0,760,,
6709960,6710976,12288,0.00018090004553734064,546,2.038914144577575e-05,0.8281,-43384026.20433449,8784.0,764,,
6745100,6746112,12349,0.0001808000341530055,546,1.8403433159619453e-05,0.8272,-42180329.99304042,8784.0,768,,
6780240,6781248,12410,0.00018070002276867033,546,2.0617382324417123e-05,0.8262999999999999,-41585898.97841151,8784.0,772,,
6815380,6816384,12470,0.00018060001138433515,546,2.069498632408795e-05,0.8254,-40724721.47912224,8784.0,776,,
6850500,6851520,12532,0.00018050005692167578,546,1.981729324143089e-05,0.8244999999999999,-41678878.63059126,8784.0,780,,
6885640,6886656,12593,0.00018040004553734063,546,1.9574590487536626e-05,0.8236,-43223954.97356626,8784.0,784,,
6920780,6921792,12654,0.00018030003415300547,546,1.7711787131702293e-05,0.8227,-43719141.685232505,8784.0,788,,
6955920,6956928,12714,0.00018020002276867032,547,1.913208211590245e-05,0.8218000000000001,-44306706.11773328,8784.0,792,,
6991060,6992064,12775,0.00018010001138433517,547,1.965355431821081e-05,0.8209,-42882830.081272304,8784.0,796,,
7026180,7027200,,0.0001800000569216758,,1.952065672412573e-05,0.8200000256147542,,,,8784.0,-6403207.2425535
,7027200,12879,,545,,0.8200000000000001,-41606503.675863124,8784.0,800,,
7061320,7062336,12940,0.00017990004553734064,545,1.9779518333962186e-05,0.8190999999999999,-40973975.05668831,8784.0,804,,
7096460,7097472,13001,0.0001798000341530055,545,1.7389681715940242e-05,0.8182,-42868029.37732401,8784.0,808,,
7131600,7132608,13062,0.0001797000227686703,546,1.9218308261770288e-05,0.8172999999999999,-42221769.849877775,8784.0,812,,
7166740,7167744,13123,0.00017960001138433515,546,1.8599728036861052e-05,0.8164,-44080700.71614478,8784.0,816,,
7201860,7202880,13184,0.0001795000569216758,546,2.22276783460984e-05,0.8154999999999999,-44289809.61465971,8784.0,820,,
7237000,7238016,13245,0.00017940004553734063,546,2.0516252880042886e-05,0.8146,-45653332.55800067,8784.0,824,,
7272140,7273152,13306,0.00017930003415300548,546,2.2652439974990556e-05,0.8136999999999999,-46859376.73845428,8784.0,828,,
7307280,7308288,13367,0.00017920002276867032,546,2.1288230027494136e-05,0.8128,-47104927.762154624,8784.0,832,,
7342420,7343424,13429,0.00017910001138433517,546,2.138327590728295e-05,0.8119,-47684863.097671025,8784.0,836,,
7377540,7378560,13490,0.00017900005692167577,546,2.265690959575295e-05,0.811,-48852248.14443211,8784.0,840,,
7412680,7413696,13551,0.00017890004553734062,547,2.581434700914542e-05,0.8100999999999999,-50449326.709086314,8784.0,844,,
7447820,7448832,13613,0.0001788000341530055,547,2.046225040430727e-05,0.8092,-51183185.25874651,8784.0,848,,
7465380,7466400,,0.0001787500569216758,,1.9650140029625617e-05,0.808750025614754,,,,8784.0,-6189413.1638348
7482960,7483968,13716,0.00017870002276867034,545,2.201809325015347e-05,0.8082999999999999,-50267024.44589447,8784.0,852,,
7518100,7519104,13777,0.00017860001138433518,545,2.238695606138208e-05,0.8074,-50551067.51831898,8784.0,856,,
7553220,7554240,13839,0.00017850005692167576,545,2.0934050598953036e-05,0.8064999999999999,-51235784.87358176,8784.0,860,,
7588360,7589376,13900,0.0001784000455373406,545,3.372938240318035e-05,0.8056,-50749126.84315047,8784.0,864,,
7623500,7624512,13961,0.00017830003415300548,546,2.1779669395982637e-05,0.8047,-50723593.8418468,8784.0,868,,
7658640,7659648,14022,0.00017820002276867033,546,1.915921757245087e-05,0.8038000000000001,-52293844.715406716,8784.0,872,,
7693780,7694784,14084,0.00017810001138433517,546,1.746274033394002e-05,0.8029,-53728359.256093465,8784.0,876,,
7728900,7729920,14145,0.00017800005692167578,546,4.654182539525209e-05,0.802,-51757150.608223915,8784.0,880,,
7764040,7765056,14207,0.00017790004553734062,546,2.0189150609439822e-05,0.8010999999999999,-50971795.64686282,8784.0,884,,
7799180,7800192,14268,0.00017780003415300547,546,2.0912639865855453e-05,0.8002,-50697177.97962494,8784.0,888,,
7834320,7835328,14330,0.00017770002276867031,546,1.9418946067162324e-05,0.7992999999999999,-49875802.34275015,8784.0,892,,
7869460,7870464,14391,0.00017760001138433516,546,1.9400230985411327e-05,0.7984,-49374676.966555364,8784.0,896,,
7904580,7905600,,0.00017750005692167577,,1.7849211963039126e-05,0.797500025614754,,,,8784.0,-6245508.1638842
,7905600,14495,,545,,0.7974999999999999,-49837171.03061965,8784.0,900,,
7939720,7940736,14556,0.0001774000455373406,545,2.193430354964221e-05,0.7966,-52481134.926788524,8784.0,904,,
7974860,7975872,14618,0.00017730003415300546,545,2.557878715379047e-05,0.7956999999999999,-52486836.76512193,8784.0,908,,
8010000,8011008,14679,0.0001772000227686703,545,2.0305651514718192e-05,0.7948,-52469491.407055765,8784.0,912,,
8045140,8046144,14741,0.00017710001138433517,545,2.0210771390338776e-05,0.7938999999999999,-50744106.029846564,8784.0,916,,
8080260,8081280,14803,0.00017700005692167578,545,1.8942384576803307e-05,0.793,-49460053.52144597,8784.0,920,,
8115400,8116416,14864,0.00017690004553734063,546,3.939869047826505e-05,0.7920999999999999,-49402891.62421704,8784.0,924,,
8150540,8151552,14926,0.00017680003415300547,546,1.8336912125960227e-05,0.7912,-49406476.33125152,8784.0,928,,
8185680,8186688,14988,0.00017670002276867032,546,2.984591510539758e-05,0.7902999999999999,-49238506.92361147,8784.0,932,,
8220820,8221824,15049,0.00017660001138433516,546,2.121028733199637e-05,0.7894,-49962012.16635023,8784.0,936,,
8255940,8256960,15111,0.0001765000569216758,546,2.108228864017292e-05,0.7885000000000001,-49899733.52495828,8784.0,940,,
8291080,8292096,15173,0.0001764000455373406,546,1.575851356392377e-05,0.7876,-49039557.92120587,8784.0,944,,
8326220,8327232,15235,0.00017630003415300546,546,2.5698566241771913e-05,0.7867,-50071683.583962716,8784.0,948,,
8343780,8344800,,0.0001762500569216758,,1.8247297794005136e-05,0.7862500256147541,,,,8784.0,-6298759.907598101
8361360,8362368,15339,0.0001762000227686703,545,2.166024059988558e-05,0.7858,-50032127.70987476,8784.0,952,,
8396500,8397504,15401,0.00017610001138433515,545,2.397542466496816e-05,0.7849000000000002,-49446228.1725888,8784.0,956,,
8431620,8432640,15462,0.00017600005692167578,545,2.3020532989903585e-05,0.784,-48819918.76298396,8784.0,960,,
8466760,8467776,15527,0.00017590004553734063,545,2.2640597535428242e-05,0.7830999999999999,-49884160.99769452,8784.0,964,,
8501900,8502912,15588,0.00017580003415300547,545,2.255399022033089e-05,0.7822,-50176828.08299244,8784.0,968,,
8537040,8538048,15653,0.00017570002276867032,545,2.1990312006892054e-05,0.7813000000000001,-48543331.259638526,8784.0,972,,
8572180,8573184,15715,0.00017560001138433516,545,1.7869734483610956e-05,0.7804,-48150851.08024249,8784.0,976,,
8607300,8608320,15777,0.00017550005692167577,545,1.7645524167164695e-05,0.7794999999999999,-49515869.3174067,8784.0,980,,
8642440,8643456,15838,0.00017540004553734062,545,2.128573096342734e-05,0.7786,-49327772.713502295,8784.0,984,,
8677580,8678592,15900,0.00017530003415300546,545,1.831645740821841e-05,0.7777000000000001,-49137367.29539429,8784.0,988,,
8712720,8713728,15962,0.0001752000227686703,545,1.805767851692508e-05,0.7767999999999999,-49400287.22557949,8784.0,992,,
8747860,8748864,16024,0.00017510001138433515,545,1.8646016860657257e-05,0.7758999999999999,-48939750.996728554,8784.0,996,,
8782980,8784000,,0.00017500005692167579,,1.9826558764179934e-05,0.7750000256147541,,,,8784.0,-6236750.7145506
,8784000,16128,,544,,0.775,-48671779.7234377,8784.0,1000,,
8818120,8819136,16190,0.00017490004553734063,544,2.4521115119569003e-05,0.7741000000000001,-46828060.13000068,8784.0,1004,,
8853260,8854272,16252,0.00017480003415300548,544,2.2287271485765812e-05,0.7732,-45088362.28965283,8784.0,1008,,
8888400,8889408,16314,0.00017470002276867032,544,1.8474640864951652e-05,0.7722999999999999,-45147650.43856764,8784.0,1012,,
8923540,8924544,16376,0.00017460001138433517,544,1.5515256427534042e-05,0.7714,-44990691.03415837,8784.0,1016,,
8958660,8959680,16438,0.0001745000569216758,545,1.8350671780353878e-05,0.7705000000000001,-45504456.91469455,8784.0,1020,,
8993800,8994816,16500,0.00017440004553734065,545,2.631746192491846e-05,0.7696,-43974155.67267231,8784.0,1024,,
9028940,9029952,16562,0.00017430003415300546,545,1.6858557546584053e-05,0.7686999999999999,-44329317.47100013,8784.0,1028,,
9064080,9065088,16624,0.0001742000227686703,545,2.1005229336878982e-05,0.7678,-44171867.73238924,8784.0,1032,,
9099220,9100224,16686,0.00017410001138433516,545,1.708441404844052e-05,0.7669000000000001,-43727223.83471879,8784.0,1036,,
9134340,9135360,16748,0.0001740000569216758,545,1.7169706779895932e-05,0.766,-45081679.186646834,8784.0,1040,,
9169480,9170496,16810,0.00017390004553734063,545,1.562905990795116e-05,0.7650999999999999,-45977788.54084489,8784.0,1044,,
9204620,9205632,16872,0.00017380003415300548,545,2.7613825113803615e-05,0.7642,-44793617.54231493,8784.0,1048,,
9222180,9223200,,0.00017375005692167578,,2.0390267673064953e-05,0.7637500256147541,,,,8784.0,-6213844.3685239
9239760,9240768,16976,0.00017370002276867033,544,1.8857760687751578e-05,0.7633000000000001,-44395230.407611266,8784.0,1052,,
9274900,9275904,17039,0.00017360001138433517,544,1.5927765434753383e-05,0.7624,-44030786.89247549,8784.0,1056,,
9310020,9311040,17101,0.00017350005692167578,544,1.7513805642010993e-05,0.7614999999999998,-43514170.06333051,8784.0,1060,,
9345160,9346176,17163,0.00017340004553734062,544,1.586005428180215e-05,0.7605999999999999,-41189576.031282276,8784.0,1064,,
9380300,9381312,17225,0.00017330003415300547,544,2.169096565012296e-05,0.7597,-42528375.673244804,8784.0,1068,,
9415440,9416448,17287,0.0001732000227686703,544,1.5370518258350786e-05,0.7587999999999999,-43008790.02949579,8784.0,1072,,
9450580,9451584,17350,0.00017310001138433516,544,1.823333695938345e-05,0.7578999999999999,-43371089.965694115,8784.0,1076,,
9485700,9486720,17412,0.0001730000569216758,544,1.5972976507327984e-05,0.757,-42434433.267094806,8784.0,1080,,
9520840,9521856,17474,0.00017290004553734064,544,1.7693185282041667e-05,0.7561000000000001,-42054560.09346874,8784.0,1084,,
9555980,9556992,17537,0.00017280003415300548,544,1.818668365558551e-05,0.7552,-43060952.32800308,8784.0,1088,,
9591120,9592128,17599,0.00017270002276867033,545,1.8020271045315895e-05,0.7542999999999999,-44989559.86774538,8784.0,1092,,
9626260,9627264,17661,0.00017260001138433517,545,1.8518923070587334e-05,0.7534,-45314988.009303086,8784.0,1096,,
9661380,9662400,,0.00017250005692167578,,1.70378907569102e-05,0.752500025614754,,,,8784.0,-6515143.117012499
,9662400,17766,,543,,0.7525000000000001,-44576658.131136455,8784.0,1100,,
9696520,9697536,17828,0.00017240004553734062,543,1.8980877075591707e-05,0.7515999999999999,-45381453.76073634,8784.0,1104,,
9731660,9732672,17890,0.0001723000341530055,544,1.7588316495675826e-05,0.7506999999999999,-45224482.03551452,8784.0,1108,,
9766800,9767808,17953,0.00017220002276867032,544,1.9989299676126394e-05,0.7498,-46103387.62808835,8784.0,1112,,
9801940,9802944,18015,0.00017210001138433516,544,1.6639718478472786e-05,0.7489000000000001,-45844166.96474226,8784.0,1116,,
9837060,9838080,18077,0.00017200005692167577,544,2.8423882667993894e-05,0.748,-45837421.09334823,8784.0,1120,,
9872200,9873216,18140,0.0001719000455373406,544,1.754368181536847e-05,0.7470999999999999,-44639361.4162838,8784.0,1124,,
9907340,9908352,18202,0.00017180003415300549,544,1.9320018554935815e-05,0.7462,-43960849.85543172,8784.0,1128,,
9942480,9943488,18265,0.00017170002276867033,544,1.5169770267675631e-05,0.7453000000000001,-43800952.36631621,8784.0,1132,,
9977620,9978624,18327,0.00017160001138433518,544,1.8650571701073203e-05,0.7444,-44707882.72872737,8784.0,1136,,
10012740,10013760,18390,0.00017150005692167578,544,2.0633369513234356e-05,0.7435,-42297002.36860671,8784.0,1140,,
10047880,10048896,18452,0.00017140004553734063,544,1.6325255319316057e-05,0.7425999999999999,-40773532.89936704,8784.0,1144,,
10083020,10084032,18515,0.00017130003415300547,544,1.8703589876167826e-05,0.7417,-40367384.92389128,8784.0,1148,,
10100580,10101600,,0.00017125005692167578,,1.473458514738013e-05,0.7412500256147541,,,,8784.0,-6045640.2079604
10118160,10119168,18619,0.00017120002276867032,543,1.7042407853296028e-05,0.7407999999999999,-40641878.65930841,8784.0,1152,,
10153300,10154304,18682,0.00017110001138433516,543,1.820205552576226e-05,0.7399,-40752769.82327222,8784.0,1156,,
10188420,10189440,18745,0.00017100005692167577,543,2.0022593344037886e-05,0.7389999999999999,-40932902.54703422,8784.0,1160,,
10223560,10224576,18807,0.00017090004553734062,543,1.65142232162907e-05,0.7381,-42024655.93652004,8784.0,1164,,
10258700,10259712,18870,0.00017080003415300546,543,1.6425460216851206e-05,0.7372,-40483478.08054203,8784.0,1168,,
10293840,10294848,18932,0.00017070002276867033,543,1.5036999047879363e-05,0.7363000000000001,-41003697.26577794,8784.0,1172,,
10328980,10329984,18995,0.00017060001138433518,543,1.4087692716202582e-05,0.7353999999999999,-41266570.696472585,8784.0,1176,,
10364100,10365120,19058,0.00017050005692167578,543,1.6235429802691216e-05,0.7345,-41700142.27907404,8784.0,1180,,
10399240,10400256,19120,0.00017040004553734063,543,1.928657602547901e-05,0.7336,-42747638.26356151,8784.0,1184,,
10434380,10435392,19183,0.00017030003415300548,543,1.9669462517413194e-05,0.7327000000000001,-42461300.48135733,8784.0,1188,,
10469520,10470528,19246,0.00017020002276867032,544,1.6471129993078647e-05,0.7318,-41639806.53354296,8784.0,1192,,
10504660,10505664,19309,0.00017010001138433517,544,1.8079454957842244e-05,0.7309000000000001,-42080182.20773883,8784.0,1196,,
10539780,10540800,,0.00017000005692167577,,1.6651472924422707e-05,0.7300000256147541,,,,8784.0,-6179118.774803999
,10540800,19414,,542,,0.73,-42783721.29088477,8784.0,1200,,
10574920,10575936,19478,0.00016990004553734062,542,2.1740397414760082e-05,0.7291000000000001,-41625601.553675495,8784.0,1204,,
10610060,10611072,19541,0.00016980003415300546,543,1.6021022656786953e-05,0.7282,-41289335.9271106,8784.0,1208,,
10645200,10646208,19607,0.0001697000227686703,542,1.5361659961854457e-05,0.7273000000000001,-40500557.72867925,8784.0,1212,,
10680340,10681344,19668,0.00016960001138433515,543,1.500604616921919e-05,0.7263999999999999,-40532773.772466704,8784.0,1216,,
10715460,10716480,19730,0.0001695000569216758,543,2.0786749928447534e-05,0.7255,-40020137.37072596,8784.0,1220,,
10750600,10751616,19792,0.00016940004553734063,543,1.6812050444059422e-05,0.7245999999999999,-40790265.488221385,8784.0,1224,,
10785740,10786752,19854,0.00016930003415300545,543,1.7639274574321462e-05,0.7237,-40561380.47873445,8784.0,1228,,
10820880,10821888,19916,0.0001692000227686703,543,1.582937006787688e-05,0.7227999999999999,-40373190.48954653,8784.0,1232,,
10856020,10857024,19978,0.00016910001138433514,543,1.6503424467373408e-05,0.7219,-39866325.89853811,8784.0,1236,,
10891140,10892160,20040,0.00016900005692167578,543,1.5621699958501267e-05,0.7209999999999999,-40536504.469461605,8784.0,1240,,
10926280,10927296,20102,0.00016890004553734062,543,1.4701852933285409e-05,0.7201,-40759000.477968216,8784.0,1244,,
10961420,10962432,20164,0.00016880003415300547,543,1.8094042843586067e-05,0.7192,-41659602.98419617,8784.0,1248,,
10978980,10980000,,0.00016875005692167577,,1.4561461966877687e-05,0.7187500256147541,,,,8784.0,-6244600.0504422
10996560,10997568,20268,0.0001687000227686703,542,1.4490780495179934e-05,0.7183,-42049593.30948526,8784.0,1252,,
11031700,11032704,20330,0.00016860001138433516,542,1.5906267435639165e-05,0.7173999999999999,-41197657.95553474,8784.0,1256,,
11066820,11067840,20392,0.0001685000569216758,542,1.6827012768771964e-05,0.7165,-42290503.547323085,8784.0,1260,,
11101960,11102976,20454,0.00016840004553734064,542,1.633033871257794e-05,0.7156,-42207436.81205545,8784.0,1264,,
11137100,11138112,20516,0.00016830003415300548,542,1.4582435323973186e-05,0.7147000000000001,-41555246.12226087,8784.0,1268,,
11172240,11173248,20579,0.00016820002276867033,542,1.4629198449256365e-05,0.7138,-40636622.99832051,8784.0,1272,,
11207380,11208384,20641,0.00016810001138433517,543,1.5023694913907093e-05,0.7129000000000001,-40195062.44588821,8784.0,1276,,
11242500,11243520,20703,0.00016800005692167578,543,1.87576767984865e-05,0.712,-40498119.460372575,8784.0,1280,,
11277640,11278656,20765,0.00016790004553734062,543,1.6636393456792576e-05,0.7111000000000001,-39816798.04597988,8784.0,1284,,
11312780,11313792,20828,0.00016780003415300547,543,1.839538822423492e-05,0.7101999999999999,-39263791.33913182,8784.0,1288,,
11347920,11348928,20891,0.00016770002276867031,543,1.7714259229251184e-05,0.7093,-39355367.200566895,8784.0,1292,,
11383060,11384064,20953,0.00016760001138433516,543,2.3560930549137994e-05,0.7083999999999999,-41390497.917061575,8784.0,1296,,
11418180,11419200,,0.0001675000569216758,,2.3074408454704097e-05,0.7075000256147541,,,,8784.0,-6175816.4578279
,11419200,21058,,542,,0.7075,-41042155.32161359,8784.0,1300,,
11453320,11454336,21120,0.00016740004553734064,542,3.04706926272047e-05,0.7065999999999999,-41262915.52483386,8784.0,1304,,
11488460,11489472,21182,0.00016730003415300548,542,1.9154379833707937e-05,0.7057,-41393578.02245926,8784.0,1308,,
11523600,11524608,21244,0.0001672000227686703,542,1.7276994049097995e-05,0.7047999999999999,-41870419.24878148,8784.0,1312,,
11558740,11559744,21307,0.00016710001138433515,542,1.6627581317152362e-05,0.7039,-41906413.73929049,8784.0,1316,,
11593860,11594880,21369,0.00016700005692167578,542,1.6237076988545595e-05,0.7029999999999998,-42636973.34045073,8784.0,1320,,
11629000,11630016,21431,0.00016690004553734063,542,1.5494767330892502e-05,0.7021,-42416255.02369818,8784.0,1324,,
11664140,11665152,21494,0.00016680003415300547,542,2.0691857980636996e-05,0.7011999999999999,-41487775.40998876,8784.0,1328,,
11699280,11700288,21556,0.00016670002276867032,542,1.528325838080491e-05,0.7003,-41311597.83057267,8784.0,1332,,
11734420,11735424,21619,0.00016660001138433516,542,1.6879898930710623e-05,0.6993999999999999,-41213981.677932,8784.0,1336,,
11769540,11770560,21681,0.0001665000569216758,542,1.587360284247552e-05,0.6985,-41326291.71042782,8784.0,1340,,
11804680,11805696,21744,0.00016640004553734064,542,1.532946889710729e-05,0.6976,-41329870.03011413,8784.0,1344,,
11839820,11840832,21806,0.0001663000341530055,542,1.5064661056385376e-05,0.6967000000000001,-41093350.85256481,8784.0,1348,,
11857380,11858400,,0.0001662500569216758,,1.8486823955754515e-05,0.6962500256147539,,,,8784.0,-6217305.757811
11874960,11875968,21911,0.00016620002276867033,542,1.7694356984065962e-05,0.6958,-41661858.54672896,8784.0,1352,,
11910100,11911104,21973,0.00016610001138433518,542,1.6271812637569382e-05,0.6949000000000001,-42529938.535600856,8784.0,1356,,
11945220,11946240,22036,0.00016600005692167578,542,1.9392213289393112e-05,0.694,-42188022.7995809,8784.0,1360,,
11980360,11981376,22098,0.00016590004553734063,542,1.7308492851952904e-05,0.6931,-41278502.18454212,8784.0,1364,,
12015500,12016512,22161,0.00016580003415300547,542,1.895806049105886e-05,0.6921999999999999,-41873702.55498671,8784.0,1368,,
12050640,12051648,22224,0.00016570002276867032,542,1.5756508901176858e-05,0.6913,-42727474.15314903,8784.0,1372,,
12085780,12086784,22286,0.00016560001138433517,542,2.011588239838602e-05,0.6904000000000001,-42767536.72658007,8784.0,1376,,
12120900,12121920,22349,0.00016550005692167577,542,1.7962671245186355e-05,0.6895,-42877541.27960684,8784.0,1380,,
12156040,12157056,22411,0.00016540004553734064,542,1.5187123153737048e-05,0.6885999999999999,-41783084.1012772,8784.0,1384,,
12191180,12192192,22474,0.0001653000341530055,542,2.043001945821743e-05,0.6877,-41346100.51905405,8784.0,1388,,
12226320,12227328,22537,0.0001652000227686703,542,1.528885513835121e-05,0.6868000000000001,-40787178.522123896,8784.0,1392,,
12261460,12262464,22600,0.00016510001138433515,542,1.58719521095918e-05,0.6859,-38724908.96292338,8784.0,1396,,
12296580,12297600,,0.00016500005692167576,,1.619403979020717e-05,0.685000025614754,,,,8784.0,-6229047.9974722
,12297600,22705,,541,,0.6849999999999998,-39097888.21070877,8784.0,1400,,
12331720,12332736,22767,0.00016490004553734063,541,1.8287715784026658e-05,0.6840999999999999,-39880555.57160465,8784.0,1404,,
12366860,12367872,22830,0.00016480003415300548,541,1.8327944962948096e-05,0.6832,-40226528.21293072,8784.0,1408,,
12402000,12403008,22893,0.00016470002276867032,541,1.5228754136842326e-05,0.6823,-41977643.60167252,8784.0,1412,,
12437140,12438144,22956,0.00016460001138433517,541,1.4681020184070804e-05,0.6813999999999999,-42425854.61237541,8784.0,1416,,
12472260,12473280,23019,0.00016450005692167577,541,2.1397478212747957e-05,0.6805,-42453925.88546868,8784.0,1420,,
12507400,12508416,23082,0.00016440004553734062,541,1.4716724945174064e-05,0.6796000000000001,-43148014.32543663,8784.0,1424,,
12542540,12543552,23145,0.00016430003415300547,541,1.7592161202628632e-05,0.6787000000000001,-43860065.919170335,8784.0,1428,,
12577680,12578688,23208,0.00016420002276867034,541,1.4525848791890894e-05,0.6778,-43864509.95619962,8784.0,1432,,
12612820,12613824,23271,0.00016410001138433518,542,1.7506870472061563e-05,0.6769000000000001,-42899756.01774501,8784.0,1436,,
12647940,12648960,23335,0.0001640000569216758,542,1.5523438696618542e-05,0.6760000000000002,-42897621.16476722,8784.0,1440,,
12683080,12684096,23398,0.00016390004553734063,542,1.526779046798765e-05,0.6751,-43305134.42380259,8784.0,1444,,
12718220,12719232,23463,0.00016380003415300545,542,1.4344954843181768e-05,0.6741999999999999,-42566036.873925164,8784.0,1448,,
12735780,12736800,,0.00016375005692167578,,1.9255416827945736e-05,0.6737500256147541,,,,8784.0,-6369391.9628608
12753360,12754368,23571,0.00016370002276867033,541,1.7677843970886897e-05,0.6733,-41703822.0650467,8784.0,1452,,
12788500,12789504,23633,0.00016360001138433517,541,1.4692186914544436e-05,0.6724000000000001,-40715978.1883215,8784.0,1456,,
12823620,12824640,23695,0.00016350005692167578,541,1.576876193212229e-05,0.6715,-40644393.76552888,8784.0,1460,,
12858760,12859776,23757,0.00016340004553734062,541,1.953222226802609e-05,0.6705999999999999,-42034634.93272075,8784.0,1464,,
12893900,12894912,23819,0.00016330003415300547,541,1.840320301198517e-05,0.6697,-41623213.535483025,8784.0,1468,,
12929040,12930048,23881,0.00016320002276867031,541,1.4356187057273928e-05,0.6688000000000001,-41772671.98032739,8784.0,1472,,
12964180,12965184,23943,0.00016310001138433516,541,1.379942996209138e-05,0.6678999999999999,-41875250.58814718,8784.0,1476,,
12999300,13000320,24005,0.00016300005692167577,541,1.678884009379544e-05,0.6669999999999998,-41796512.770345606,8784.0,1480,,
13034440,13035456,24067,0.0001629000455373406,541,1.7887327612697845e-05,0.6660999999999999,-42535539.49332209,8784.0,1484,,
13069580,13070592,24130,0.00016280003415300546,541,1.6656771367706825e-05,0.6652,-42619297.201167844,8784.0,1488,,
13104720,13105728,24192,0.0001627000227686703,541,1.5636703346899593e-05,0.6643,-43236149.19940847,8784.0,1492,,
13139860,13140864,24255,0.00016260001138433515,541,2.507873305148678e-05,0.6633999999999999,-43617536.2466325,8784.0,1496,,
13174980,13176000,,0.00016250005692167578,,1.744964342833555e-05,0.6625000256147542,,,,8784.0,-6284190.9037176
,13176000,24359,,540,,0.6625,-44240340.15601702,8784.0,1500,,
13210120,13211136,24421,0.00016240004553734063,540,1.8189852471550694e-05,0.6616000000000001,-42876870.08674813,8784.0,1504,,
13245260,13246272,24483,0.00016230003415300547,541,1.5025675338620204e-05,0.6607000000000001,-42441516.82376794,8784.0,1508,,
13280400,13281408,24546,0.00016220002276867032,541,1.3812057432005531e-05,0.6597999999999999,-40672990.275044985,8784.0,1512,,
13315540,13316544,24608,0.00016210001138433516,541,1.5736516388642485e-05,0.6589,-41427236.26329936,8784.0,1516,,
13350660,13351680,24671,0.0001620000569216758,541,1.9123776473861655e-05,0.6580000000000001,-39741117.81817444,8784.0,1520,,
13385800,13386816,24733,0.00016190004553734064,541,1.413516852153407e-05,0.6571,-38662258.2102767,8784.0,1524,,
13420940,13421952,24796,0.00016180003415300546,541,1.507652091277123e-05,0.6561999999999999,-38660026.90207825,8784.0,1528,,
13456080,13457088,24858,0.0001617000227686703,541,2.2272024807534763e-05,0.6553,-38479495.45127074,8784.0,1532,,
13491220,13492224,24921,0.00016160001138433515,541,1.5394579304484068e-05,0.6544000000000001,-39091093.96664095,8784.0,1536,,
13526340,13527360,24983,0.00016150005692167578,541,1.4420080015042913e-05,0.6535,-39129773.21232158,8784.0,1540,,
13561480,13562496,25046,0.00016140004553734063,541,1.4349923958434374e-05,0.6525999999999998,-38772067.49888604,8784.0,1544,,
13596620,13597632,25109,0.00016130003415300547,541,1.3212286125963146e-05,0.6517,-38678589.085201964,8784.0,1548,,
13614180,13615200,,0.00016125005692167578,,1.5269866526068655e-05,0.6512500256147542,,,,8784.0,-6262752.330789
13631760,13632768,25213,0.00016120002276867032,540,1.6000312962205497e-05,0.6508,-38504517.86224202,8784.0,1552,,
13666900,13667904,25276,0.00016110001138433516,540,1.4194535469869152e-05,0.6498999999999999,-38300134.88417577,8784.0,1556,,
13702020,13703040,25339,0.00016100005692167577,540,1.173530349660723e-05,0.6489999999999998,-37755204.39891753,8784.0,1560,,
13737160,13738176,25401,0.00016090004553734062,540,1.5770682693982963e-05,0.6480999999999999,-37818180.16818676,8784.0,1564,,
13772300,13773312,25464,0.00016080003415300546,540,1.356018119622604e-05,0.6472,-37559516.40830649,8784.0,1568,,
13807440,13808448,25527,0.0001607000227686703,540,1.4153100710245781e-05,0.6463,-37163704.49139473,8784.0,1572,,
13842580,13843584,25590,0.00016060001138433515,540,1.6793118811619932e-05,0.6453999999999999,-35858434.572271034,8784.0,1576,,
13877700,13878720,25652,0.00016050005692167579,541,1.7322205439995742e-05,0.6445,-36366359.45905486,8784.0,1580,,
13912840,13913856,25715,0.00016040004553734063,541,1.8069378756990773e-05,0.6436000000000001,-37108242.39487432,8784.0,1584,,
13947980,13948992,25778,0.00016030003415300548,541,1.5899860682111466e-05,0.6427,-38265102.416605026,8784.0,1588,,
13983120,13984128,25841,0.00016020002276867032,541,1.6378511509174133e-05,0.6417999999999999,-37030564.960846275,8784.0,1592,,
14018260,14019264,25904,0.00016010001138433517,541,2.1129778178874404e-05,0.6409,-36415881.35073287,8784.0,1596,,
14053380,14054400,,0.0001600000569216758,,1.8248904734718962e-05,0.640000025614754,,,,8784.0,-6192521.529547399
,14054400,26009,,540,,0.6400000000000001,-36747874.94760725,8784.0,1600,,
14088520,14089536,26072,0.00015990004553734065,540,1.528794932710298e-05,0.6391,-36986838.751944564,8784.0,1604,,
14123660,14124672,26135,0.0001598000341530055,540,1.4307432275018073e-05,0.6381999999999999,-37537385.76151571,8784.0,1608,,
14158800,14159808,26197,0.0001597000227686703,540,1.7084942237488575e-05,0.6373,-37849811.142957605,8784.0,1612,,
14193940,14194944,26260,0.00015960001138433516,540,1.5068625225467258e-05,0.6364000000000001,-36974145.414911576,8784.0,1616,,
14229060,14230080,26323,0.0001595000569216758,540,1.3907446509620059e-05,0.6355,-38520113.662105724,8784.0,1620,,
14264200,14265216,26386,0.00015940004553734063,540,1.9225221876695286e-05,0.6345999999999998,-40034169.306019835,8784.0,1624,,
14299340,14300352,26449,0.00015930003415300548,540,1.4682656592412969e-05,0.6336999999999999,-40701390.48402191,8784.0,1628,,
14334480,14335488,26512,0.00015920002276867032,540,1.3925576695328346e-05,0.6328,-41042182.29602661,8784.0,1632,,
14369620,14370624,26575,0.00015910001138433517,540,1.7612387046028745e-05,0.6318999999999999,-42024585.19124986,8784.0,1636,,
14404740,14405760,26638,0.00015900005692167578,540,1.68903171470447e-05,0.631,-41380326.61109797,8784.0,1640,,
14439880,14440896,26701,0.00015890004553734062,540,1.577698531036731e-05,0.6300999999999999,-41482332.705440626,8784.0,1644,,
14475020,14476032,26764,0.00015880003415300547,540,1.7657594617048745e-05,0.6292,-41444206.939489506,8784.0,1648,,
14492580,14493600,,0.00015875005692167577,,1.4200376654116553e-05,0.628750025614754,,,,8784.0,-6287457.5692234
14510160,14511168,26869,0.0001587000227686703,540,1.698805399428238e-05,0.6283,-41983070.618888386,8784.0,1652,,
14545300,14546304,26932,0.00015860001138433516,540,1.6675187271175674e-05,0.6274000000000001,-42299962.50164557,8784.0,1656,,
14580420,14581440,26995,0.00015850005692167576,540,1.5822897285033833e-05,0.6265,-42783275.0000022,8784.0,1660,,
14615560,14616576,27058,0.00015840004553734064,540,1.4225961831471067e-05,0.6256,-41379735.20372346,8784.0,1664,,
14650700,14651712,27121,0.00015830003415300548,540,1.4632132615588488e-05,0.6247,-41812626.155377105,8784.0,1668,,
14685840,14686848,27184,0.00015820002276867033,540,1.6261511564152898e-05,0.6238000000000001,-41310544.76309026,8784.0,1672,,
14720980,14721984,27247,0.00015810001138433517,540,1.8628221596372896e-05,0.6229,-41462116.234753825,8784.0,1676,,
14756100,14757120,27310,0.00015800005692167578,540,1.6245093365796493e-05,0.6220000000000001,-41483345.75095134,8784.0,1680,,
14791240,14792256,27374,0.00015790004553734062,540,1.4107496690485278e-05,0.6211,-40412188.19098545,8784.0,1684,,
14826380,14827392,27444,0.00015780003415300547,540,1.5652240381314187e-05,0.6202000000000001,-38748123.07086662,8784.0,1688,,
14861520,14862528,27507,0.00015770002276867034,540,1.6040877517298215e-05,0.6193,-38226492.38452236,8784.0,1692,,
14896660,14897664,27570,0.00015760001138433516,540,1.619917579773755e-05,0.6184000000000001,-39045422.145105585,8784.0,1696,,
14931780,14932800,,0.00015750005692167577,,1.4492723721559742e-05,0.617500025614754,,,,8784.0,-6112260.967932199
,14932800,27675,,539,,0.6174999999999999,-39122140.79179502,8784.0,1700,,
14966920,14967936,27739,0.0001574000455373406,539,1.2780971655956818e-05,0.6166,-39065707.77409306,8784.0,1704,,
15002060,15003072,27802,0.00015730003415300546,539,1.6421591590187744e-05,0.6156999999999999,-37903816.522264,8784.0,1708,,
15037200,15038208,27865,0.00015720002276867033,539,1.5283179345715324e-05,0.6148,-37435506.3456902,8784.0,1712,,
15072340,15073344,27928,0.00015710001138433518,539,1.6266500870187885e-05,0.6138999999999999,-37656418.34791842,8784.0,1716,,
15107460,15108480,27991,0.00015700005692167578,539,1.2750932478411415e-05,0.613,-36979064.877797075,8784.0,1720,,
15142600,15143616,28054,0.00015690004553734063,539,1.5039812205941417e-05,0.6120999999999999,-36736202.089635424,8784.0,1724,,
15177740,15178752,28118,0.00015680003415300547,539,1.3032122751610586e-05,0.6112,-36307597.085643455,8784.0,1728,,
15212880,15213888,28181,0.00015670002276867032,539,1.3212948169893935e-05,0.6103,-36502473.077984825,8784.0,1732,,
15248020,15249024,28244,0.00015660001138433516,539,1.5075987880663888e-05,0.6094,-35674012.305879265,8784.0,1736,,
15283140,15284160,28308,0.00015650005692167577,539,1.596274319126678e-05,0.6084999999999999,-36207895.81510104,8784.0,1740,,
15318280,15319296,28371,0.00015640004553734062,539,1.4470603855443186e-05,0.6076,-35876703.2183643,8784.0,1744,,
15353420,15354432,28435,0.00015630003415300546,539,1.959632795660582e-05,0.6067,-36771185.829910904,8784.0,1748,,
15370980,15372000,,0.0001562500569216758,,2.2291687218967127e-05,0.606250025614754,,,,8784.0,-6165785.0562726995
15388560,15389568,28540,0.0001562000227686703,539,1.7121738983405522e-05,0.6058000000000001,-35567184.377096154,8784.0,1752,,
15423700,15424704,28604,0.00015610001138433515,539,1.8190005084761653e-05,0.6049,-36902318.721199945,8784.0,1756,,
15458820,15459840,28667,0.00015600005692167578,539,2.0523464900179534e-05,0.6040000000000001,-36848929.22173694,8784.0,1760,,
15493960,15494976,28730,0.00015590004553734063,539,1.593624938323046e-05,0.6031,-37647476.78956793,8784.0,1764,,
15529100,15530112,28794,0.00015580003415300548,539,1.2440574528227443e-05,0.6022000000000001,-37617456.99967973,8784.0,1768,,
15564240,15565248,28858,0.00015570002276867032,539,1.596805568624404e-05,0.6013,-37551301.908257954,8784.0,1772,,
15599380,15600384,28921,0.00015560001138433517,539,1.34523254018859e-05,0.6004,-37797239.75741831,8784.0,1776,,
15634500,15635520,28985,0.00015550005692167577,539,1.3075903598291917e-05,0.5994999999999999,-37528008.591287464,8784.0,1780,,
15669640,15670656,29048,0.00015540004553734062,539,1.4882242658131872e-05,0.5986,-38404649.39777081,8784.0,1784,,
15704780,15705792,29112,0.00015530003415300546,539,1.3471577699419867e-05,0.5976999999999999,-39134717.09572144,8784.0,1788,,
15739920,15740928,29176,0.0001552000227686703,539,1.4081441850066768e-05,0.5968,-39997767.19985415,8784.0,1792,,
15775060,15776064,29240,0.00015510001138433515,539,1.8666825963009614e-05,0.5958999999999999,-40945350.06168298,8784.0,1796,,
15810180,15811200,,0.0001550000569216758,,1.8451925734552786e-05,0.5950000256147541,,,,8784.0,-6119863.2197806
,15811200,29345,,538,,0.595,-41245014.51925355,8784.0,1800,,
15845320,15846336,29409,0.00015490004553734063,538,1.796192168512789e-05,0.5940999999999999,-41079964.55441502,8784.0,1804,,
15880460,15881472,29473,0.00015480003415300548,538,1.6029229573177873e-05,0.5932,-42275970.40955368,8784.0,1808,,
15915600,15916608,29536,0.0001547000227686703,538,1.60014175435208e-05,0.5922999999999999,-42123118.43005632,8784.0,1812,,
15950740,15951744,29600,0.00015460001138433514,538,1.2671594367930083e-05,0.5914,-41479817.29535431,8784.0,1816,,
15985860,15986880,29664,0.00015450005692167578,538,1.695279634077451e-05,0.5904999999999999,-41585685.828625135,8784.0,1820,,
16021000,16022016,29728,0.00015440004553734062,538,2.40960128394363e-05,0.5896,-40650273.415783174,8784.0,1824,,
16056140,16057152,29791,0.00015430003415300547,538,1.4326228847494348e-05,0.5887,-40733743.71127165,8784.0,1828,,
16091280,16092288,29855,0.0001542000227686703,539,1.886979825940216e-05,0.5878000000000001,-40396020.32099343,8784.0,1832,,
16126420,16127424,29919,0.00015410001138433516,539,1.4329752139019547e-05,0.5869,-39613554.344744466,8784.0,1836,,
16161540,16162560,29983,0.0001540000569216758,539,1.4023744415680995e-05,0.5860000000000001,-39731519.1637482,8784.0,1840,,
16196680,16197696,30047,0.00015390004553734064,539,1.5426471190949086e-05,0.5851,-40833393.27964354,8784.0,1844,,
16231820,16232832,30111,0.00015380003415300548,539,1.5494305716856616e-05,0.5842,-39756601.73866837,8784.0,1848,,
16249380,16250400,,0.00015375005692167578,,1.4855930794510641e-05,0.583750025614754,,,,8784.0,-6233585.945730699
16266960,16267968,30217,0.00015370002276867033,538,2.2314330749395594e-05,0.5832999999999999,-40347040.72315658,8784.0,1852,,
16302100,16303104,30281,0.00015360001138433517,538,1.632870744288084e-05,0.5824,-39126283.698644236,8784.0,1856,,
16337220,16338240,30345,0.0001535000569216758,538,1.6920331609071583e-05,0.5814999999999999,-38620589.51058452,8784.0,1860,,
16372360,16373376,30409,0.00015340004553734062,538,1.893615853987285e-05,0.5806,-38214993.46515362,8784.0,1864,,
16407500,16408512,30473,0.00015330003415300547,538,1.522771940472012e-05,0.5796999999999999,-37953759.8346362,8784.0,1868,,
16442640,16443648,30537,0.00015320002276867031,538,1.4699903977088979e-05,0.5788,-38123063.77842197,8784.0,1872,,
16477780,16478784,30601,0.00015310001138433516,538,2.021109312408953e-05,0.5779000000000001,-39158100.754274756,8784.0,1876,,
16512900,16513920,30665,0.0001530000569216758,538,1.4623172410210827e-05,0.577,-38688937.12307143,8784.0,1880,,
16548040,16549056,30729,0.00015290004553734064,538,1.593226475051779e-05,0.5760999999999998,-38015258.99219587,8784.0,1884,,
16583180,16584192,30793,0.00015280003415300548,538,1.9609774335549444e-05,0.5751999999999999,-37611653.86027344,8784.0,1888,,
16618320,16619328,30857,0.0001527000227686703,538,1.6264257283182815e-05,0.5743,-36775660.41789435,8784.0,1892,,
16653460,16654464,30922,0.00015260001138433515,538,1.5585948312946128e-05,0.5734,-35661423.86798149,8784.0,1896,,
16688580,16689600,,0.00015250005692167578,,1.716686388135713e-05,0.5725000256147541,,,,8784.0,-6184254.7409805
,16689600,31028,,537,,0.5724999999999999,-34403258.138268135,8784.0,1900,,
16723720,16724736,31092,0.00015240004553734063,537,1.4392845287147793e-05,0.5716,-34818424.74920419,8784.0,1904,,
16758860,16759872,31158,0.00015230003415300547,537,1.3272888008941663e-05,0.5707000000000001,-33671598.52813994,8784.0,1908,,
16794000,16795008,31222,0.00015220002276867032,537,1.4402320812223478e-05,0.5698000000000001,-33595937.08158053,8784.0,1912,,
16829140,16830144,31291,0.00015210001138433516,537,1.5374415397673147e-05,0.5689,-33504880.932632968,8784.0,1916,,
16864260,16865280,31354,0.00015200005692167577,537,1.3999203974890407e-05,0.5680000000000001,-32985081.683015376,8784.0,1920,,
16899400,16900416,31418,0.00015190004553734064,537,1.184189375180722e-05,0.5671000000000002,-33503660.871137787,8784.0,1924,,
16934540,16935552,31481,0.0001518000341530055,537,1.219626283273101e-05,0.5662,-33569935.989308685,8784.0,1928,,
16969680,16970688,31545,0.00015170002276867033,537,1.2250651479916996e-05,0.5652999999999999,-34479373.68162003,8784.0,1932,,
17004820,17005824,31608,0.00015160001138433518,538,1.6339923058694693e-05,0.5644,-34579579.83702488,8784.0,1936,,
17039940,17040960,31672,0.00015150005692167578,538,1.7753864676706142e-05,0.5635000000000001,-34657258.799268134,8784.0,1940,,
17075080,17076096,31735,0.00015140004553734063,538,1.3160544676793507e-05,0.5626,-33800334.21551358,8784.0,1944,,
17110220,17111232,31799,0.00015130003415300547,538,1.5472115183001734e-05,0.5616999999999999,-33994179.35773465,8784.0,1948,,
17127780,17128800,,0.00015125005692167578,,1.7232415166290595e-05,0.5612500256147541,,,,8784.0,-6215802.548706
17145360,17146368,31904,0.00015120002276867032,537,1.2976344896742375e-05,0.5608,-34192417.04631292,8784.0,1952,,
17180500,17181504,31968,0.00015110001138433517,537,1.1946756194447516e-05,0.5599000000000001,-34359181.03281419,8784.0,1956,,
17215620,17216640,32032,0.00015100005692167577,537,1.2008601652269136e-05,0.5589999999999999,-34217494.904455334,8784.0,1960,,
17250760,17251776,32095,0.00015090004553734062,537,1.5894369516900043e-05,0.5580999999999998,-34294762.65607135,8784.0,1964,,
17285900,17286912,32159,0.00015080003415300546,537,1.166267536518717e-05,0.5571999999999999,-34492503.73830811,8784.0,1968,,
17321040,17322048,32223,0.00015070002276867034,537,1.6486578169860876e-05,0.5563,-35586570.89087454,8784.0,1972,,
17356180,17357184,32286,0.00015060001138433515,537,1.4799163818679516e-05,0.5554,-34212523.77031329,8784.0,1976,,
17391300,17392320,32350,0.00015050005692167576,537,1.3992088861414232e-05,0.5544999999999999,-34335851.99059688,8784.0,1980,,
17426440,17427456,32413,0.0001504000455373406,537,1.5141403264351538e-05,0.5536,-33842100.46730055,8784.0,1984,,
17461580,17462592,32477,0.00015030003415300548,537,1.5060009855005773e-05,0.5527000000000001,-34510810.401405856,8784.0,1988,,
17496720,17497728,32541,0.00015020002276867032,537,1.5954366699588717e-05,0.5518000000000001,-34636953.35117862,8784.0,1992,,
17531860,17532864,32605,0.00015010001138433517,537,1.339638060926518e-05,0.5509,-33688784.361714154,8784.0,1996,,
17566980,17568000,,0.00015000005692167577,,1.5100666178113898e-05,0.5500000256147541,,,,8784.0,-6117480.2322036
,17568000,32710,,537,,0.55,-32781023.42363371,8784.0,2000,,
17602120,17603136,32774,0.00014990004553734062,537,1.3866050949218334e-05,0.5491000000000001,-33072158.74572664,8784.0,2004,,
17637260,17638272,32838,0.00014980003415300547,537,1.4331081729324069e-05,0.5482,-34292152.15337007,8784.0,2008,,
17672400,17673408,32902,0.0001497000227686703,537,1.4437618028750876e-05,0.5472999999999999,-34854971.74505947,8784.0,2012,,
17707540,17708544,32966,0.00014960001138433518,537,1.5330753285525134e-05,0.5464,-35352952.09753519,8784.0,2016,,
17742660,17743680,33030,0.0001495000569216758,537,1.6435289990113233e-05,0.5455000000000001,-35897255.17119567,8784.0,2020,,
17777800,17778816,33094,0.00014940004553734063,537,1.6581125328229974e-05,0.5446,-35266091.63532827,8784.0,2024,,
17812940,17813952,33158,0.00014930003415300548,537,1.4377801062437356e-05,0.5436999999999999,-34967579.009694,8784.0,2028,,
17848080,17849088,33222,0.00014920002276867033,537,1.6248376141447807e-05,0.5428,-34056935.564080685,8784.0,2032,,
17883220,17884224,33287,0.00014910001138433517,537,1.7284054638366798e-05,0.5419,-34270307.95350041,8784.0,2036,,
17918340,17919360,33351,0.00014900005692167578,537,2.1812274326293846e-05,0.5409999999999999,-33910945.120413,8784.0,2040,,
17953480,17954496,33415,0.00014890004553734062,537,1.4379117646967644e-05,0.5400999999999998,-33923103.398183875,8784.0,2044,,
17988620,17989632,33479,0.00014880003415300547,537,1.489848777964653e-05,0.5391999999999999,-33363384.763805132,8784.0,2048,,
18006180,18007200,,0.00014875005692167577,,1.5042116547192564e-05,0.5387500256147542,,,,8784.0,-6143400.435543099
18023760,18024768,33586,0.00014870002276867031,536,1.3222424558989588e-05,0.5383,-33746828.63564669,8784.0,2052,,
18058900,18059904,33650,0.00014860001138433516,536,1.3491172603607993e-05,0.5374,-33176919.727091596,8784.0,2056,,
18094020,18095040,33714,0.00014850005692167577,536,1.4287376279753516e-05,0.5364999999999999,-33935429.36132681,8784.0,2060,,
18129160,18130176,33778,0.0001484000455373406,536,1.565026900607336e-05,0.5356,-33846555.23950254,8784.0,2064,,
18164300,18165312,33842,0.00014830003415300546,536,1.7566792575962608e-05,0.5347000000000001,-34665945.412196204,8784.0,2068,,
18199440,18200448,33907,0.0001482000227686703,536,1.62404139246064e-05,0.5338,-33596004.21639814,8784.0,2072,,
18234580,18235584,33971,0.00014810001138433515,536,1.4781767777094502e-05,0.5328999999999999,-34439491.23920191,8784.0,2076,,
18269700,18270720,34035,0.00014800005692167578,536,1.737063917062187e-05,0.532,-34661886.77502599,8784.0,2080,,
18304840,18305856,34099,0.00014790004553734063,536,1.568398492963752e-05,0.5311000000000001,-34516302.505324475,8784.0,2084,,
18339980,18340992,34164,0.00014780003415300547,536,1.4970916072343244e-05,0.5302,-34043267.92406216,8784.0,2088,,
18375120,18376128,34228,0.00014770002276867032,536,1.4290643457570696e-05,0.5292999999999999,-34123581.60129321,8784.0,2092,,
18410260,18411264,34293,0.00014760001138433516,536,1.4126696123639704e-05,0.5284,-34500261.38791523,8784.0,2096,,
18445380,18446400,,0.0001475000569216758,,2.2916032821740374e-05,0.527500025614754,,,,8784.0,-6217478.119163999
,18446400,34399,,536,,0.5275000000000001,-34749235.29576893,8784.0,2100,,
18480520,18481536,34463,0.00014740004553734064,536,1.3797471274301642e-05,0.5266,-34537661.28113447,8784.0,2104,,
18515660,18516672,34528,0.00014730003415300549,536,1.4588593649023096e-05,0.5256999999999998,-34508643.620132245,8784.0,2108,,
18550800,18551808,34592,0.00014720002276867033,536,1.2816818616556702e-05,0.5247999999999999,-35018253.37943834,8784.0,2112,,
18585940,18586944,34656,0.00014710001138433515,536,1.5566932188448845e-05,0.5239,-34505294.03587052,8784.0,2116,,
18621060,18622080,34721,0.00014700005692167578,536,1.7342451474178234e-05,0.5229999999999999,-34233468.98325867,8784.0,2120,,
18656200,18657216,34785,0.00014690004553734063,536,1.288744265366404e-05,0.5220999999999998,-34390658.41523065,8784.0,2124,,
18691340,18692352,34850,0.00014680003415300547,536,1.6257839388345018e-05,0.5211999999999999,-34939356.99142609,8784.0,2128,,
18726480,18727488,34915,0.00014670002276867032,536,1.4835698175375001e-05,0.5203,-36107758.172806084,8784.0,2132,,
18761620,18762624,34979,0.00014660001138433514,536,2.1760529443781705e-05,0.5194,-35760057.01721206,8784.0,2136,,
18796740,18797760,35044,0.00014650005692167577,536,1.7681475310382665e-05,0.5184999999999998,-36252528.992858805,8784.0,2140,,
18831880,18832896,35109,0.00014640004553734062,536,1.7877082609629723e-05,0.5176,-36590127.89381887,8784.0,2144,,
18867020,18868032,35174,0.00014630003415300546,536,1.3366204370868218e-05,0.5167,-36698818.16233627,8784.0,2148,,
18884580,18885600,,0.00014625005692167576,,1.333243658336869e-05,0.5162500256147542,,,,8784.0,-6227838.1767783
18902160,18903168,35280,0.0001462000227686703,535,1.4099184909355245e-05,0.5158,-36078880.44571072,8784.0,2152,,
18937300,18938304,35345,0.00014610001138433515,535,1.556715196784353e-05,0.5148999999999999,-35920662.264511,8784.0,2156,,
18972420,18973440,35409,0.00014600005692167579,535,1.6004950248316162e-05,0.514,-34992064.98102485,8784.0,2160,,
19007560,19008576,35473,0.00014590004553734063,535,1.4455594828177709e-05,0.5131000000000001,-34586645.096056044,8784.0,2164,,
19042700,19043712,35537,0.00014580003415300548,535,1.4751121307199356e-05,0.5122,-33675913.44277804,8784.0,2168,,
19077840,19078848,35602,0.00014570002276867032,535,1.3524131827580276e-05,0.5112999999999999,-33481060.170800913,8784.0,2172,,
19112980,19113984,35666,0.00014560001138433517,535,1.3679295943802571e-05,0.5104,-32790212.388096858,8784.0,2176,,
19148100,19149120,35730,0.00014550005692167577,535,1.609077116881963e-05,0.5095000000000001,-31782284.040395077,8784.0,2180,,
19183240,19184256,35794,0.00014540004553734065,535,1.2954666954101412e-05,0.5085999999999999,-32880105.335308127,8784.0,2184,,
19218380,19219392,35859,0.0001453000341530055,535,1.3962772027298342e-05,0.5076999999999998,-32847412.046237677,8784.0,2188,,
19253520,19254528,35923,0.00014520002276867034,535,1.790779879229376e-05,0.5067999999999999,-33162615.913992163,8784.0,2192,,
19288660,19289664,35987,0.00014510001138433518,536,1.4291610841610237e-05,0.5059,-32480834.15784519,8784.0,2196,,
19323780,19324800,,0.0001450000569216758,,1.5628534401912476e-05,0.505000025614754,,,,8784.0,-6220519.162123101
,19324800,36094,,535,,0.5049999999999999,-33228585.27651658,8784.0,2200,,
19358920,19359936,36158,0.00014490004553734063,535,1.864790260697191e-05,0.5040999999999998,-33336423.167061284,8784.0,2204,,
19394060,19395072,36223,0.00014480003415300548,535,1.3840588690072763e-05,0.5031999999999999,-33186103.946545243,8784.0,2208,,
19429200,19430208,36287,0.00014470002276867032,535,1.3370103306442616e-05,0.5023,-31748671.385555215,8784.0,2212,,
19464340,19465344,36352,0.00014460001138433517,535,1.59048184286803e-05,0.5014,-31658938.99573686,8784.0,2216,,
19499460,19500480,36416,0.00014450005692167578,535,1.390087707022758e-05,0.5004999999999998,-30742070.524162,8784.0,2220,,
19534600,19535616,36481,0.00014440004553734062,535,1.2910675923194504e-05,0.49959999999999993,-30981896.972178496,8784.0,2224,,
19569740,19570752,36545,0.00014430003415300547,535,1.4786382917009177e-05,0.49870000000000003,-29851079.521538552,8784.0,2228,,
19604880,19605888,36610,0.0001442000227686703,535,1.1839191984108766e-05,0.4977999999999999,-29536491.12316404,8784.0,2232,,
19640020,19641024,36674,0.00014410001138433516,535,1.47601596381719e-05,0.4968999999999998,-29409490.76445755,8784.0,2236,,
19675140,19676160,36739,0.00014400005692167576,535,1.4025064501765883e-05,0.4959999999999999,-28791333.79260428,8784.0,2240,,
19710280,19711296,36804,0.0001439000455373406,535,1.1585046559048351e-05,0.4951,-27953025.461671915,8784.0,2244,,
19745420,19746432,36868,0.00014380003415300548,535,1.1433591294007783e-05,0.4942,-28845774.63147265,8784.0,2248,,
19762980,19764000,,0.00014375005692167579,,1.522525694781507e-05,0.4937500256147541,,,,8784.0,-6117880.7394889
19780560,19781568,36975,0.00014370002276867033,534,1.321184720382007e-05,0.49330000000000007,-29634775.644549318,8784.0,2252,,
19815700,19816704,37040,0.00014360001138433517,535,1.3630551984533668e-05,0.49239999999999995,-29955411.34349915,8784.0,2256,,
19850820,19851840,37104,0.00014350005692167578,535,1.2786806792064453e-05,0.49150000000000005,-30214612.500759665,8784.0,2260,,
19885960,19886976,37169,0.00014340004553734062,535,1.673276124165568e-05,0.49060000000000015,-30537254.993134264,8784.0,2264,,
19921100,19922112,37234,0.00014330003415300547,535,1.4975216163293226e-05,0.4897,-30376055.99520866,8784.0,2268,,
19956240,19957248,37298,0.00014320002276867032,535,1.4646409817942186e-05,0.4887999999999999,-30718119.99042939,8784.0,2272,,
19991380,19992384,37363,0.0001431000113843352,535,1.6947284075286005e-05,0.4879,-31287830.302819744,8784.0,2276,,
20026500,20027520,37428,0.0001430000569216758,535,1.4340636971610365e-05,0.4870000000000001,-32499771.128631167,8784.0,2280,,
20061640,20062656,37493,0.0001429000455373406,535,1.7461506513427593e-05,0.4861,-32299240.28503076,8784.0,2284,,
20096780,20097792,37558,0.00014280003415300546,535,1.6767581337262526e-05,0.48519999999999996,-32272886.47537987,8784.0,2288,,
20131920,20132928,37623,0.0001427000227686703,535,1.6633496352369546e-05,0.48430000000000006,-31593311.346598305,8784.0,2292,,
20167060,20168064,37688,0.00014260001138433518,535,1.4198057078829151e-05,0.48340000000000016,-31948906.27934144,8784.0,2296,,
20202180,20203200,,0.00014250005692167578,,1.2888960600321298e-05,0.48250002561475414,,,,8784.0,-6058451.1383422995
,20203200,37795,,534,,0.48250000000000004,-31425750.494880747,8784.0,2300,,
20237320,20238336,37859,0.0001424000455373406,534,1.3485862928064307e-05,0.4815999999999999,-31043671.05964393,8784.0,2304,,
20272460,20273472,37924,0.00014230003415300545,534,1.1625633987932815e-05,0.4807,-30760642.193757623,8784.0,2308,,
20307600,20308608,37989,0.0001422000227686703,534,1.329269512098108e-05,0.4798000000000001,-31475677.664470997,8784.0,2312,,
20342740,20343744,38054,0.00014210001138433516,534,1.314000851380115e-05,0.4789,-31621096.328104347,8784.0,2316,,
20377860,20378880,38119,0.00014200005692167577,534,1.6875359187906723e-05,0.47799999999999987,-33203021.209076203,8784.0,2320,,
20413000,20414016,38184,0.00014190004553734062,534,1.573003764860914e-05,0.47709999999999997,-33022040.86411611,8784.0,2324,,
20448140,20449152,38249,0.00014180003415300546,534,1.3430086551124986e-05,0.47620000000000007,-33133615.47829078,8784.0,2328,,
20483280,20484288,38314,0.0001417000227686703,534,1.2468692284528516e-05,0.47530000000000006,-32440471.57794896,8784.0,2332,,
20518420,20519424,38378,0.00014160001138433515,534,1.5141996050260786e-05,0.47439999999999993,-32371524.528045505,8784.0,2336,,
20553540,20554560,38443,0.00014150005692167578,534,1.62022099175374e-05,0.47350000000000003,-32897687.763387617,8784.0,2340,,
20588680,20589696,38508,0.00014140004553734063,534,1.444034887754242e-05,0.47260000000000013,-33055557.032378722,8784.0,2344,,
20623820,20624832,38573,0.00014130003415300548,534,1.4582959147446673e-05,0.4717,-33301939.21623526,8784.0,2348,,
20641380,20642400,,0.00014125005692167578,,1.5713824359409047e-05,0.47125002561475393,,,,8784.0,-5937670.9531663
20658960,20659968,38680,0.00014120002276867032,534,1.4935378817426682e-05,0.4707999999999999,-32397761.73693584,8784.0,2352,,
20694100,20695104,38745,0.00014110001138433517,534,1.4287349313235608e-05,0.4699,-32220938.05928304,8784.0,2356,,
20729220,20730240,38810,0.0001410000569216758,534,1.5808557145646772e-05,0.4690000000000001,-32111571.506270472,8784.0,2360,,
20764360,20765376,38876,0.00014090004553734065,534,1.516973961770418e-05,0.46809999999999996,-32460025.58576213,8784.0,2364,,
20799500,20800512,38941,0.00014080003415300546,534,1.4391244485523203e-05,0.46719999999999995,-32682213.67938175,8784.0,2368,,
20834640,20835648,39006,0.0001407000227686703,534,1.2312107014622597e-05,0.46630000000000005,-32875264.04923172,8784.0,2372,,
20869780,20870784,39072,0.00014060001138433515,534,1.6825005150167272e-05,0.46540000000000015,-32110963.02999594,8784.0,2376,,
20904900,20905920,39137,0.0001405000569216758,534,1.4161291073833126e-05,0.4645,-30901743.04556651,8784.0,2380,,
20940040,20941056,39203,0.00014040004553734063,534,1.2516796050476842e-05,0.4635999999999999,-30373091.968404725,8784.0,2384,,
20975180,20976192,39268,0.00014030003415300545,534,1.3767783411822165e-05,0.4627,-30880199.85973571,8784.0,2388,,
21010320,21011328,39334,0.0001402000227686703,534,1.3664524567502668e-05,0.4618000000000001,-31341829.777676348,8784.0,2392,,
21045460,21046464,39399,0.00014010001138433514,534,2.1509834095922997e-05,0.4609,-31805442.891412713,8784.0,2396,,
21080580,21081600,,0.00014000005692167578,,1.3803856336380705e-05,0.46000002561475417,,,,8784.0,-5925780.2285496015
,21081600,39507,,533,,0.45999999999999985,-31666121.16808314,8784.0,2400,,
21115720,21116736,39572,0.00013990004553734062,533,1.3614386762128561e-05,0.45909999999999995,-31942693.24137069,8784.0,2404,,
21150860,21151872,39638,0.00013980003415300547,533,1.4649702370661543e-05,0.45820000000000005,-31455446.24725862,8784.0,2408,,
21186000,21187008,39703,0.0001397000227686703,533,1.2895062855022844e-05,0.45730000000000004,-31405880.4046764,8784.0,2412,,
21221140,21222144,39768,0.00013960001138433516,533,1.5026756409497466e-05,0.4563999999999999,-32274807.80660813,8784.0,2416,,
21256260,21257280,39833,0.0001395000569216758,533,1.5984102628863183e-05,0.4555,-32479530.15265965,8784.0,2420,,
21291400,21292416,39899,0.00013940004553734064,533,1.5511203127971384e-05,0.4546000000000001,-32268529.05459063,8784.0,2424,,
21326540,21327552,39964,0.00013930003415300548,533,1.497261810072814e-05,0.4537,-32614752.394163862,8784.0,2428,,
21361680,21362688,40030,0.00013920002276867033,533,1.908755634758563e-05,0.45279999999999987,-33313640.83167994,8784.0,2432,,
21396820,21397824,40095,0.00013910001138433517,533,1.6525782893950235e-05,0.45189999999999997,-33228033.66695978,8784.0,2436,,
21431940,21432960,40160,0.0001390000569216758,533,1.4149008393360418e-05,0.45100000000000007,-32641639.329126667,8784.0,2440,,
21467080,21468096,40226,0.00013890004553734065,533,1.8148312165067182e-05,0.45009999999999994,-32502739.084507793,8784.0,2444,,
21502220,21503232,40291,0.0001388000341530055,533,1.4378502146428219e-05,0.44919999999999993,-31134805.373334184,8784.0,2448,,
21519780,21520800,,0.0001387500569216758,,1.3835924391969456e-05,0.4487500256147541,,,,8784.0,-6220048.132593299
21537360,21538368,40399,0.00013870002276867031,533,1.3653145970238256e-05,0.44830000000000003,-31019071.060225796,8784.0,2452,,
21572500,21573504,40464,0.00013860001138433516,533,1.3132523963577115e-05,0.44740000000000013,-31634064.78736976,8784.0,2456,,
21607620,21608640,40529,0.0001385000569216758,533,1.3791194442092092e-05,0.4465,-31788340.286915116,8784.0,2460,,
21642760,21643776,40595,0.00013840004553734064,533,1.525376997051353e-05,0.4455999999999999,-31457586.957976952,8784.0,2464,,
21677900,21678912,40660,0.00013830003415300548,533,1.3524209657589381e-05,0.4447,-31975295.486257207,8784.0,2468,,
21713040,21714048,40726,0.0001382000227686703,533,1.3743995032200473e-05,0.4438000000000001,-31753882.891999852,8784.0,2472,,
21748180,21749184,40791,0.00013810001138433515,533,1.3778605125480681e-05,0.44289999999999996,-31653856.53729154,8784.0,2476,,
21783300,21784320,40857,0.00013800005692167578,533,1.3566122152042227e-05,0.44199999999999984,-31569919.939421285,8784.0,2480,,
21818440,21819456,40922,0.00013790004553734063,533,1.4893432035023579e-05,0.44109999999999994,-31692556.211901654,8784.0,2484,,
21853580,21854592,40988,0.00013780003415300547,533,1.6018237056414363e-05,0.44020000000000004,-30727766.710396312,8784.0,2488,,
21888720,21889728,41053,0.00013770002276867032,533,1.4980934247432743e-05,0.4393,-30134111.391544577,8784.0,2492,,
21923860,21924864,41119,0.00013760001138433516,533,1.6020706152630736e-05,0.4383999999999999,-29917119.55402516,8784.0,2496,,
21958980,21960000,,0.00013750005692167577,,1.438492415672954e-05,0.4375000256147541,,,,8784.0,-6081362.6783813
,21960000,41227,,532,,0.4375,-30380579.009778805,8784.0,2500,,
21994120,21995136,41293,0.00013740004553734061,532,1.6073163510554878e-05,0.4366000000000001,-29740141.620451797,8784.0,2504,,
22029260,22030272,41359,0.0001373000341530055,532,1.4009404276293936e-05,0.4357,-30431467.051948976,8784.0,2508,,
22064400,22065408,41424,0.00013720002276867033,532,1.4199505176293315e-05,0.43479999999999985,-30158286.258398607,8784.0,2512,,
22099540,22100544,41490,0.00013710001138433518,532,1.9682840456880512e-05,0.43389999999999995,-29798132.933455553,8784.0,2516,,
22134660,22135680,41556,0.00013700005692167578,532,1.7464438860770316e-05,0.43300000000000005,-29425214.47745548,8784.0,2520,,
22169800,22170816,41622,0.00013690004553734063,532,1.718429821266909e-05,0.43209999999999993,-29689864.24221671,8784.0,2524,,
22204940,22205952,41687,0.00013680003415300547,532,1.3926685232945601e-05,0.4311999999999999,-29566219.27035236,8784.0,2528,,
22240080,22241088,41754,0.00013670002276867032,532,1.3082634404781857e-05,0.4303,-28551596.238336142,8784.0,2532,,
22275220,22276224,41820,0.00013660001138433517,532,1.3758666068497404e-05,0.4294000000000001,-28735955.15891765,8784.0,2536,,
22310340,22311360,41885,0.00013650005692167577,532,1.4506512707157527e-05,0.4285,-29819753.76529937,8784.0,2540,,
22345480,22346496,41951,0.00013640004553734062,532,1.604903241059219e-05,0.42759999999999987,-30294456.924670868,8784.0,2544,,
22380620,22381632,42017,0.00013630003415300546,532,1.4492582977254642e-05,0.42669999999999997,-30795176.663973693,8784.0,2548,,
22398180,22399200,,0.0001362500569216758,,1.4428479335037992e-05,0.4262500256147541,,,,8784.0,-6080743.6914206
22415760,22416768,42126,0.0001362000227686703,532,1.567870267535909e-05,0.42580000000000007,-30916986.332324047,8784.0,2552,,
22450900,22451904,42191,0.00013610001138433515,532,1.3744319812758476e-05,0.42489999999999994,-29721575.02220336,8784.0,2556,,
22486020,22487040,42257,0.00013600005692167576,532,1.803461418603547e-05,0.4239999999999998,-29305218.63888327,8784.0,2560,,
22521160,22522176,42323,0.0001359000455373406,532,1.1602753625084006e-05,0.4230999999999999,-29188137.313217215,8784.0,2564,,
22556300,22557312,42389,0.00013580003415300545,532,1.2192602343930049e-05,0.4222,-28439673.80485167,8784.0,2568,,
22591440,22592448,42455,0.00013570002276867032,532,1.3752458562521496e-05,0.4213,-28519027.87105876,8784.0,2572,,
22626580,22627584,42522,0.00013560001138433517,532,1.2139089585616603e-05,0.4203999999999999,-28435615.46234612,8784.0,2576,,
22661700,22662720,42588,0.00013550005692167577,532,1.3764151435680106e-05,0.4195,-28776131.211424638,8784.0,2580,,
22696840,22697856,42655,0.00013540004553734062,532,1.3316970694177144e-05,0.4186000000000001,-29349694.630119953,8784.0,2584,,
22731980,22732992,42722,0.00013530003415300547,532,1.2201958111290877e-05,0.41769999999999996,-29520635.053184964,8784.0,2588,,
22767120,22768128,42788,0.0001352000227686703,532,1.3968387065688148e-05,0.41679999999999984,-29880128.386016987,8784.0,2592,,
22802260,22803264,42858,0.00013510001138433516,532,1.3241913256933912e-05,0.41589999999999994,-29562763.30051582,8784.0,2596,,
22837380,22838400,,0.0001350000569216758,,1.2487300364227848e-05,0.415000025614754,,,,8784.0,-6069305.833899301
,22838400,42967,,531,,0.41500000000000004,-28620394.773783933,8784.0,2600,,
22872520,22873536,43038,0.00013490004553734063,531,1.4191503987603938e-05,0.4140999999999999,-29010231.684233822,8784.0,2604,,
22907660,22908672,43103,0.00013480003415300548,531,1.475251438023406e-05,0.4131999999999999,-28238148.576669928,8784.0,2608,,
22942800,22943808,43168,0.00013470002276867033,531,1.136496637172968e-05,0.4123,-27684125.62606888,8784.0,2612,,
22977940,22978944,43235,0.00013460001138433514,531,1.1908715441677486e-05,0.4114000000000001,-27401544.959445797,8784.0,2616,,
23013060,23014080,43301,0.00013450005692167578,531,1.771146596638573e-05,0.4105,-26590721.70507418,8784.0,2620,,
23048200,23049216,43367,0.00013440004553734062,531,1.5124484298212337e-05,0.40959999999999985,-26473516.99251188,8784.0,2624,,
23083340,23084352,43433,0.00013430003415300547,531,1.2295430951780873e-05,0.40869999999999995,-26728956.443355422,8784.0,2628,,
23118480,23119488,43499,0.00013420002276867031,531,1.0755724747468776e-05,0.40780000000000005,-26734308.197394915,8784.0,2632,,
23153620,23154624,43565,0.00013410001138433513,531,1.4633843738920404e-05,0.40689999999999993,-26234723.193331305,8784.0,2636,,
23188740,23189760,43631,0.00013400005692167576,531,1.2804329003301973e-05,0.4059999999999998,-25586194.43955522,8784.0,2640,,
23223880,23224896,43697,0.0001339000455373406,531,1.622069194127107e-05,0.4050999999999999,-25119086.175879825,8784.0,2644,,
23259020,23260032,43763,0.00013380003415300546,531,1.7729419687384508e-05,0.4042,-25422357.727372304,8784.0,2648,,
23276580,23277600,,0.00013375005692167576,,1.2097262333554681e-05,0.40375002561475426,,,,8784.0,-6177209.0572796
23294160,23295168,43872,0.0001337000227686703,530,1.4380533525581995e-05,0.4033,-25144169.90596155,8784.0,2652,,
23329300,23330304,43938,0.00013360001138433515,530,1.70744410752377e-05,0.40239999999999987,-26689524.011217836,8784.0,2656,,
23364420,23365440,44004,0.00013350005692167578,530,1.3960394971945788e-05,0.40149999999999997,-27546659.17021604,8784.0,2660,,
23399560,23400576,44070,0.00013340004553734063,530,1.5433700627909275e-05,0.40060000000000007,-27695027.179492343,8784.0,2664,,
23434700,23435712,44137,0.00013330003415300547,530,1.5101397866601474e-05,0.39969999999999994,-27913365.26537435,8784.0,2668,,
23469840,23470848,44203,0.00013320002276867032,530,1.4389742818821106e-05,0.3987999999999998,-28046180.45087669,8784.0,2672,,
23504980,23505984,44269,0.00013310001138433516,530,1.290765239900793e-05,0.3978999999999999,-28493781.942497455,8784.0,2676,,
23540100,23541120,44336,0.0001330000569216758,530,1.53322670939815e-05,0.397,-28671249.81285836,8784.0,2680,,
23575240,23576256,44402,0.00013290004553734064,530,1.446217156626517e-05,0.3960999999999999,-28418881.081064545,8784.0,2684,,
23610380,23611392,44469,0.00013280003415300549,530,1.4597861672882573e-05,0.3951999999999999,-28212491.81653822,8784.0,2688,,
23645520,23646528,44535,0.00013270002276867033,530,1.5346111649705562e-05,0.3943,-28160348.454545077,8784.0,2692,,
23680660,23681664,44602,0.00013260001138433518,530,1.5231445695462753e-05,0.3934000000000001,-28713018.11012985,8784.0,2696,,
23715780,23716800,,0.0001325000569216758,,1.2077149540345999e-05,0.39250002561475406,,,,8784.0,-5919744.5584263
,23716800,44710,,530,,0.39249999999999996,-28670433.354456462,8784.0,2700,,
23750920,23751936,44777,0.00013240004553734063,530,1.534866478323238e-05,0.39159999999999984,-28528104.74913284,8784.0,2704,,
23786060,23787072,44843,0.00013230003415300547,530,1.3679557605428272e-05,0.39069999999999994,-28765867.80057829,8784.0,2708,,
23821200,23822208,44910,0.00013220002276867032,530,1.5317513589252486e-05,0.38980000000000004,-28798629.44190424,8784.0,2712,,
23856340,23857344,44977,0.00013210001138433516,530,1.468955913423997e-05,0.3888999999999999,-28957263.7495313,8784.0,2716,,
23891460,23892480,45043,0.0001320000569216758,530,1.3029197361902334e-05,0.3879999999999998,-29899553.093033534,8784.0,2720,,
23926600,23927616,45110,0.00013190004553734062,530,1.2812224485969637e-05,0.3870999999999999,-29555666.88871685,8784.0,2724,,
23961740,23962752,45177,0.00013180003415300546,530,1.4390254955287674e-05,0.3862,-29309303.576241404,8784.0,2728,,
23996880,23997888,45244,0.0001317000227686703,530,1.735916694087791e-05,0.3853,-29395492.209419858,8784.0,2732,,
24032020,24033024,45310,0.00013160001138433515,530,1.242861485479807e-05,0.38439999999999985,-29097844.13171687,8784.0,2736,,
24067140,24068160,45377,0.00013150005692167579,530,1.2163597057224252e-05,0.38349999999999995,-28111723.69093149,8784.0,2740,,
24102280,24103296,45444,0.00013140004553734063,530,1.6284493040075176e-05,0.38260000000000005,-28704808.55842601,8784.0,2744,,
24137420,24138432,45511,0.00013130003415300548,530,1.4804496458964422e-05,0.38169999999999993,-27758073.753701333,8784.0,2748,,
24154980,24156000,,0.00013125005692167578,,1.2325962370596243e-05,0.3812500256147541,,,,8784.0,-5977391.4398073
24172560,24173568,45619,0.00013120002276867032,529,1.2379239092297211e-05,0.3808,-27682467.606633626,8784.0,2752,,
24207700,24208704,45686,0.00013110001138433517,529,1.5033578984002816e-05,0.3798999999999999,-26694643.246873215,8784.0,2756,,
24242820,24243840,45753,0.00013100005692167577,529,1.2930603361382964e-05,0.379,-26558699.762849636,8784.0,2760,,
24277960,24278976,45820,0.00013090004553734062,529,1.5354721654148307e-05,0.3781000000000001,-26631046.44229198,8784.0,2764,,
24313100,24314112,45887,0.0001308000341530055,529,1.2039962325616215e-05,0.3772,-26443394.017653994,8784.0,2768,,
24348240,24349248,45954,0.00013070002276867034,529,1.225809419338475e-05,0.37629999999999997,-25865796.98806121,8784.0,2772,,
24383380,24384384,46021,0.00013060001138433518,529,1.2052872853018925e-05,0.37540000000000007,-25476558.401244536,8784.0,2776,,
24418500,24419520,46087,0.0001305000569216758,529,1.1230136146878067e-05,0.37450000000000017,-25501239.553995382,8784.0,2780,,
24453640,24454656,46154,0.00013040004553734063,529,1.1277061184955528e-05,0.37360000000000004,-24719700.577633753,8784.0,2784,,
24488780,24489792,46221,0.00013030003415300548,529,1.0676676470211533e-05,0.3726999999999999,-24690016.02955771,8784.0,2788,,
24523920,24524928,46287,0.00013020002276867032,529,1.2309809380894877e-05,0.3718,-24846071.115658592,8784.0,2792,,
24559060,24560064,46354,0.00013010001138433517,529,1.2522743782028556e-05,0.3709000000000001,-24322748.28017488,8784.0,2796,,
24594180,24595200,,0.00013000005692167578,,1.0636451861500973e-05,0.3700000256147541,,,,8784.0,-5973271.2006204
,24595200,46463,,529,,0.37,-25234954.07355777,8784.0,2800,,
24629320,24630336,46530,0.00012990004553734062,529,1.2128105231568042e-05,0.3690999999999999,-24939546.539490357,8784.0,2804,,
24664460,24665472,46596,0.00012980003415300547,529,1.337787175543781e-05,0.36819999999999997,-24661006.411858182,8784.0,2808,,
24699600,24700608,46663,0.0001297000227686703,529,1.692386740614893e-05,0.36730000000000007,-25594576.287989825,8784.0,2812,,
24734740,24735744,46729,0.00012960001138433516,529,1.2543672164611053e-05,0.36640000000000006,-25078144.024226326,8784.0,2816,,
24769860,24770880,46796,0.00012950005692167576,529,1.185938160688238e-05,0.36549999999999994,-23729153.35396883,8784.0,2820,,
24805000,24806016,46863,0.0001294000455373406,529,1.2419810173014411e-05,0.36460000000000004,-23737720.71705062,8784.0,2824,,
24840140,24841152,46936,0.00012930003415300545,529,1.2242126786077279e-05,0.36370000000000013,-23209019.98021257,8784.0,2828,,
24875280,24876288,47003,0.00012920002276867033,529,1.3056395482635708e-05,0.3628,-23908741.23494497,8784.0,2832,,
24910420,24911424,47069,0.00012910001138433517,529,1.2023762951685058e-05,0.3618999999999999,-24250221.9096786,8784.0,2836,,
24945540,24946560,47136,0.00012900005692167578,529,1.1135014915453212e-05,0.361,-24925945.134496745,8784.0,2840,,
24980680,24981696,47202,0.00012890004553734062,529,1.1521983788043144e-05,0.3601000000000001,-23986664.97640563,8784.0,2844,,
25015820,25016832,47269,0.00012880003415300547,529,1.2184435900053358e-05,0.35919999999999996,-24493330.139394566,8784.0,2848,,
25033380,25034400,,0.0001287500569216758,,1.3868730502508696e-05,0.358750025614754,,,,8784.0,-6215468.558447201
25050960,25051968,47378,0.00012870002276867032,528,1.0893888020291343e-05,0.35829999999999995,-24535016.124650143,8784.0,2852,,
25086100,25087104,47444,0.00012860001138433516,528,1.0205487865277973e-05,0.35740000000000005,-24362037.195921887,8784.0,2856,,
25121220,25122240,47511,0.0001285000569216758,528,1.2288816560612758e-05,0.35650000000000015,-24851011.23695293,8784.0,2860,,
25156360,25157376,47578,0.00012840004553734064,528,1.2921730058224056e-05,0.3556,-24396175.09022794,8784.0,2864,,
25191500,25192512,47644,0.00012830003415300546,528,1.162317194030038e-05,0.3546999999999999,-24578856.56252853,8784.0,2868,,
25226640,25227648,47711,0.0001282000227686703,528,1.279550481285696e-05,0.3538,-24368352.08752006,8784.0,2872,,
25261780,25262784,47778,0.00012810001138433515,528,1.2051569001414464e-05,0.3529000000000001,-24690076.351415105,8784.0,2876,,
25296900,25297920,47845,0.00012800005692167578,528,1.2445850643416634e-05,0.352,-24925863.500339065,8784.0,2880,,
25332040,25333056,47911,0.00012790004553734063,528,1.1867689863720443e-05,0.35109999999999986,-25431558.104491185,8784.0,2884,,
25367180,25368192,47978,0.00012780003415300545,528,1.2376416816550772e-05,0.35019999999999996,-25938909.524453845,8784.0,2888,,
25402320,25403328,48045,0.0001277000227686703,528,1.3947033312433633e-05,0.34930000000000005,-26438228.12880397,8784.0,2892,,
25437460,25438464,48112,0.00012760001138433514,528,1.3580153017755947e-05,0.34840000000000004,-26521923.095895074,8784.0,2896,,
25472580,25473600,,0.00012750005692167577,,1.0253433310936089e-05,0.34750002561475424,,,,8784.0,-6170596.906977
,25473600,48221,,528,,0.3474999999999999,-26114356.96665988,8784.0,2900,,
25507720,25508736,48289,0.00012740004553734062,528,1.4243472423913773e-05,0.3466,-26838473.00840514,8784.0,2904,,
25542860,25543872,48356,0.00012730003415300546,528,1.4217538046068512e-05,0.3457000000000001,-26955328.67904605,8784.0,2908,,
25578000,25579008,48423,0.0001272000227686703,528,1.5452413799721397e-05,0.3448,-27192421.83971977,8784.0,2912,,
25613140,25614144,48490,0.00012710001138433515,528,1.553030879222206e-05,0.3438999999999999,-27755263.732748304,8784.0,2916,,
25648260,25649280,48558,0.00012700005692167578,528,1.384128418067121e-05,0.34299999999999997,-28328379.485762097,8784.0,2920,,
25683400,25684416,48625,0.00012690004553734063,528,1.2723891313726198e-05,0.34210000000000007,-28341014.680927563,8784.0,2924,,
25718540,25719552,48693,0.00012680003415300548,528,1.5618009365425677e-05,0.34119999999999995,-28514764.93101696,8784.0,2928,,
25753680,25754688,48760,0.00012670002276867032,528,1.4923680828360375e-05,0.34029999999999994,-27544080.020761024,8784.0,2932,,
25788820,25789824,48828,0.00012660001138433517,528,1.335344363724289e-05,0.33940000000000003,-27145221.52353045,8784.0,2936,,
25823940,25824960,48895,0.0001265000569216758,528,1.361995362003654e-05,0.33850000000000013,-27537870.712837234,8784.0,2940,,
25859080,25860096,48963,0.00012640004553734065,528,1.3889569618186216e-05,0.3376,-28024403.61926262,8784.0,2944,,
25894220,25895232,49030,0.0001263000341530055,528,1.31261738260946e-05,0.3366999999999999,-28194643.091114946,8784.0,2948,,
25911780,25912800,,0.0001262500569216758,,1.3439206531984382e-05,0.33625002561475403,,,,8784.0,-6197034.733356801
25929360,25930368,49140,0.0001262000227686703,527,1.4090249396758737e-05,0.3358,-28491173.624755803,8784.0,2952,,
25964500,25965504,49207,0.00012610001138433515,527,1.3850568552697951e-05,0.3349000000000001,-28627822.07589905,8784.0,2956,,
25999620,26000640,49275,0.0001260000569216758,527,1.1763171892198443e-05,0.33399999999999996,-27656884.26213334,8784.0,2960,,
26034760,26035776,49342,0.00012590004553734063,527,1.734973961902142e-05,0.33309999999999984,-28107990.339932993,8784.0,2964,,
26069900,26070912,49410,0.00012580003415300548,527,1.4430207329496625e-05,0.33219999999999994,-27730791.25737562,8784.0,2968,,
26105040,26106048,49477,0.0001257000227686703,527,1.6820836117403813e-05,0.33130000000000004,-28379557.079274517,8784.0,2972,,
26140180,26141184,49545,0.00012560001138433514,527,1.6211125011977855e-05,0.3304,-27967187.283561688,8784.0,2976,,
26175300,26176320,49613,0.00012550005692167578,527,1.4170211761665996e-05,0.3294999999999999,-27272022.123300318,8784.0,2980,,
26210440,26211456,49680,0.00012540004553734062,527,1.5561100644845284e-05,0.3286,-27051181.737934586,8784.0,2984,,
26245580,26246592,49748,0.00012530003415300547,527,1.2196972966194152e-05,0.3277000000000001,-26600895.090608496,8784.0,2988,,
26280720,26281728,49816,0.0001252000227686703,527,1.7092750204028563e-05,0.3268,-25826341.74236473,8784.0,2992,,
26315860,26316864,49883,0.00012510001138433516,527,1.2524809881142573e-05,0.32589999999999986,-25688437.919909738,8784.0,2996,,
26350980,26352000,,0.0001250000569216758,,1.2132783581364492e-05,0.32500002561475405,,,,8784.0,-6192387.5970491
,26352000,49993,,527,,0.32499999999999996,-25176979.88502312,8784.0,3000,,
26386120,26387136,50061,0.00012490004553734064,527,1.1844224582091556e-05,0.32410000000000005,-24615257.15202228,8784.0,3004,,
26421260,26422272,50129,0.00012480003415300548,527,1.382617729177582e-05,0.32319999999999993,-24865125.95647049,8784.0,3008,,
26456400,26457408,50197,0.00012470002276867033,527,1.2553307510643207e-05,0.3222999999999999,-23644897.81599585,8784.0,3012,,
26491540,26492544,50265,0.00012460001138433517,527,1.1452465628281061e-05,0.3214,-23058268.312493097,8784.0,3016,,
26526660,26527680,50333,0.00012450005692167578,527,1.196452114982094e-05,0.3205000000000001,-22572458.824281935,8784.0,3020,,
26561800,26562816,50401,0.00012440004553734062,527,1.313178531745507e-05,0.3196,-22500714.342584785,8784.0,3024,,
26596940,26597952,50469,0.0001243000341530055,527,1.1012459890480385e-05,0.3186999999999999,-22331341.54562961,8784.0,3028,,
26632080,26633088,50537,0.00012420002276867034,526,1.7409690212843997e-05,0.31779999999999997,-22847530.17803207,8784.0,3032,,
26667220,26668224,50605,0.00012410001138433516,526,1.2309439034652314e-05,0.31690000000000007,-23296161.344186492,8784.0,3036,,
26702340,26703360,50674,0.00012400005692167577,526,1.1819088285847101e-05,0.31599999999999995,-22536842.71691579,8784.0,3040,,
26737480,26738496,50742,0.00012390004553734064,526,1.0596588163025445e-05,0.3150999999999998,-22228563.469352122,8784.0,3044,,
26772620,26773632,50811,0.00012380003415300548,526,1.049194356710359e-05,0.3141999999999999,-21353764.62138164,8784.0,3048,,
26790180,26791200,,0.0001237500569216758,,1.5829003177714186e-05,0.3137500256147542,,,,8784.0,-5898272.5873624
26807760,26808768,50921,0.00012370002276867033,526,1.1401583651604597e-05,0.3133,-21316193.82521328,8784.0,3052,,
26842900,26843904,50988,0.00012360001138433515,526,1.3490070114130503e-05,0.3124,-21325844.7502594,8784.0,3056,,
26878020,26879040,51056,0.00012350005692167575,526,1.1164456782353228e-05,0.3114999999999999,-20933899.3558268,8784.0,3060,,
26913160,26914176,51124,0.00012340004553734063,526,1.4644509337813361e-05,0.3106,-20349517.91866006,8784.0,3064,,
26948300,26949312,51192,0.00012330003415300547,526,1.4362808587975451e-05,0.3097000000000001,-20455405.41222986,8784.0,3068,,
26983440,26984448,51260,0.00012320002276867032,526,1.2664139376283856e-05,0.30879999999999996,-19713461.804198638,8784.0,3072,,
27018580,27019584,51328,0.00012310001138433516,526,1.0557095038166153e-05,0.30789999999999984,-19697224.41579885,8784.0,3076,,
27053700,27054720,51396,0.00012300005692167577,526,1.1865834221680415e-05,0.30699999999999994,-20199449.153990228,8784.0,3080,,
27088840,27089856,51464,0.00012290004553734061,526,1.3565554695560422e-05,0.30610000000000004,-20154082.47352581,8784.0,3084,,
27123980,27124992,51532,0.00012280003415300546,526,1.0489372743904824e-05,0.3051999999999999,-20324842.120533463,8784.0,3088,,
27159120,27160128,51599,0.00012270002276867033,526,1.3581554958363995e-05,0.3042999999999999,-20015160.683406524,8784.0,3092,,
27194260,27195264,51667,0.00012260001138433518,526,9.691480545370724e-06,0.3034,-19735717.425052825,8784.0,3096,,
27229380,27230400,,0.00012250005692167578,,1.2553205488075037e-05,0.302500025614754,,,,8784.0,-6064504.837861701
,27230400,51777,,525,,0.3025000000000001,-19893486.41518072,8784.0,3100,,
27264520,27265536,51845,0.00012240004553734063,525,1.1410137949496857e-05,0.3016,-19523984.450050443,8784.0,3104,,
27299660,27300672,51913,0.00012230003415300547,525,1.0246357987853116e-05,0.30069999999999986,-19157484.18672947,8784.0,3108,,
27334800,27335808,51982,0.00012220002276867032,525,1.0579831223367363e-05,0.29979999999999996,-19268474.463139802,8784.0,3112,,
27369940,27370944,52050,0.00012210001138433517,525,1.6160075574589428e-05,0.29890000000000005,-19460770.48826957,8784.0,3116,,
27405060,27406080,52118,0.00012200005692167577,525,8.770563249527186e-06,0.29799999999999993,-19845946.917873103,8784.0,3120,,
27440200,27441216,52186,0.00012190004553734062,525,1.1667281683003239e-05,0.2970999999999998,-20211268.88327159,8784.0,3124,,
27475340,27476352,52254,0.00012180003415300548,525,1.5350094872701448e-05,0.2961999999999999,-20549405.953140974,8784.0,3128,,
27510480,27511488,52322,0.00012170002276867032,525,9.780477489584882e-06,0.2953,-19884851.55129338,8784.0,3132,,
27545620,27546624,52390,0.00012160001138433514,525,1.1215894255656167e-05,0.2944,-19472247.155236963,8784.0,3136,,
27580740,27581760,52458,0.00012150005692167576,525,1.4925780442354153e-05,0.29349999999999987,-19424852.057237353,8784.0,3140,,
27615880,27616896,52526,0.00012140004553734062,525,1.1028598692064406e-05,0.29259999999999997,-19423915.87198467,8784.0,3144,,
27651020,27652032,52595,0.00012130003415300546,525,1.3862323748980998e-05,0.29170000000000007,-19842602.847333964,8784.0,3148,,
27668580,27669600,,0.00012125005692167577,,1.0135222601093119e-05,0.2912500256147542,,,,8784.0,-6197909.3658855
27686160,27687168,52705,0.00012120002276867031,525,8.794761833996745e-06,0.29079999999999995,-19574267.3969481,8784.0,3152,,
27721300,27722304,52773,0.00012110001138433515,525,1.0853912181119086e-05,0.2898999999999998,-19499092.64900419,8784.0,3156,,
27756420,27757440,52841,0.00012100005692167577,525,1.159802450274583e-05,0.2889999999999999,-20100844.04419921,8784.0,3160,,
27791560,27792576,52910,0.00012090004553734062,525,1.532299743303156e-05,0.2881,-20348284.49210218,8784.0,3164,,
27826700,27827712,52978,0.00012080003415300547,525,3.433018964642543e-05,0.2871999999999999,-20965444.804888465,8784.0,3168,,
27861840,27862848,53046,0.00012070002276867032,525,1.0030112093772914e-05,0.2862999999999999,-20996245.02043899,8784.0,3172,,
27896980,27897984,53115,0.00012060001138433517,525,1.0494000548533222e-05,0.2854,-20887303.16929789,8784.0,3176,,
27932100,27933120,53183,0.00012050005692167579,525,1.2485967340580828e-05,0.2845000000000001,-20854943.088093556,8784.0,3180,,
27967240,27968256,53252,0.00012040004553734063,525,1.2270964771232683e-05,0.28359999999999996,-20812954.19782003,8784.0,3184,,
28002380,28003392,53320,0.00012030003415300548,525,1.0070537723549932e-05,0.28269999999999984,-20697258.65744399,8784.0,3188,,
28037520,28038528,53388,0.00012020002276867033,525,1.1059744861086073e-05,0.28179999999999994,-20865480.993074037,8784.0,3192,,
28072660,28073664,53457,0.00012010001138433517,525,1.0435986951051746e-05,0.28090000000000004,-21204593.54384883,8784.0,3196,,
28107780,28108800,,0.00012000005692167579,,9.496103211859009e-06,0.280000025614754,,,,8784.0,-6009583.4014883
,28108800,53568,,524,,0.2799999999999999,-21531763.31021151,8784.0,3200,,
28142920,28143936,53636,0.00011990004553734062,524,1.2892089807792218e-05,0.2790999999999998,-21797402.848902564,8784.0,3204,,
28178060,28179072,53705,0.00011980003415300547,524,1.290652667194081e-05,0.2781999999999999,-22090218.68860157,8784.0,3208,,
28213200,28214208,53774,0.00011970002276867031,524,1.1903608196917048e-05,0.2773,-22065331.29347918,8784.0,3212,,
28248340,28249344,53842,0.00011960001138433516,524,1.0226762287857128e-05,0.2764,-21704475.697491404,8784.0,3216,,
28283460,28284480,53911,0.00011950005692167578,524,1.1580232876440277e-05,0.27549999999999986,-21294890.659738913,8784.0,3220,,
28318600,28319616,53979,0.00011940004553734061,524,1.2540181569420383e-05,0.27459999999999996,-21290425.168888852,8784.0,3224,,
28353740,28354752,54048,0.00011930003415300546,524,1.0122093885911455e-05,0.27370000000000005,-20756647.5020585,8784.0,3228,,
28388880,28389888,54116,0.0001192000227686703,524,1.1190999748578178e-05,0.27279999999999993,-21255614.644184142,8784.0,3232,,
28424020,28425024,54185,0.00011910001138433515,524,1.0689402256502944e-05,0.2718999999999998,-21303499.34608845,8784.0,3236,,
28459140,28460160,54253,0.00011900005692167578,524,1.0311936830476042e-05,0.2709999999999999,-21900092.038053807,8784.0,3240,,
28494280,28495296,54322,0.00011890004553734063,524,1.3461205639941909e-05,0.2701,-21807059.39653277,8784.0,3244,,
28529420,28530432,54390,0.00011880003415300547,524,1.661753365169716e-05,0.2691999999999999,-22075306.262429833,8784.0,3248,,
28546980,28548000,,0.00011875005692167577,,1.1540375476215559e-05,0.26875002561475414,,,,8784.0,-6415774.4189956
28564560,28565568,54500,0.00011870002276867032,524,1.2711901467810094e-05,0.2683,-21755369.32261533,8784.0,3252,,
28599700,28600704,54569,0.00011860001138433516,524,1.212637287153484e-05,0.26739999999999997,-21746772.220359568,8784.0,3256,,
28634820,28635840,54637,0.00011850005692167578,524,1.146079985119286e-05,0.26650000000000007,-21473944.31167552,8784.0,3260,,
28669960,28670976,54705,0.00011840004553734063,524,1.1632595897026476e-05,0.26560000000000017,-20956322.55947591,8784.0,3264,,
28705100,28706112,54774,0.00011830003415300547,524,1.0645755173754878e-05,0.26470000000000005,-20443569.202593297,8784.0,3268,,
28740240,28741248,54842,0.00011820002276867033,524,1.1414928599151608e-05,0.2637999999999999,-20448573.59098864,8784.0,3272,,
28775380,28776384,54911,0.00011810001138433518,524,1.606468749741907e-05,0.2629,-20917595.34847293,8784.0,3276,,
28810500,28811520,54980,0.0001180000569216758,524,1.1106563238172385e-05,0.2620000000000001,-20009520.72496244,8784.0,3280,,
28845640,28846656,55049,0.00011790004553734061,524,9.586876058165216e-06,0.2611,-20054423.25498746,8784.0,3284,,
28880780,28881792,55117,0.00011780003415300547,524,1.1836428416245327e-05,0.2601999999999999,-19675082.552739132,8784.0,3288,,
28915920,28916928,55186,0.00011770002276867032,523,1.2772245759151701e-05,0.2593,-19250098.544667624,8784.0,3292,,
28951060,28952064,55255,0.00011760001138433516,523,9.892498360386525e-06,0.2584000000000001,-19104179.044372078,8784.0,3296,,
28986180,28987200,,0.00011750005692167578,,1.2922459404762776e-05,0.25750002561475416,,,,8784.0,-6241740.254667801
,28987200,55365,,523,,0.25750000000000006,-18645064.01506941,8784.0,3300,,
29021320,29022336,55434,0.0001174000455373406,523,9.506661899649772e-06,0.25659999999999994,-18606472.51134518,8784.0,3304,,
29056460,29057472,55503,0.00011730003415300546,523,9.566128255755757e-06,0.25570000000000004,-18362313.54042694,8784.0,3308,,
29091600,29092608,55572,0.00011720002276867031,523,1.1873139146700851e-05,0.25480000000000014,-18763949.42219518,8784.0,3312,,
29126740,29127744,55641,0.00011710001138433515,523,1.160425190391834e-05,0.2539,-19101008.592990562,8784.0,3316,,
29161860,29162880,55710,0.00011700005692167577,523,9.55119107857172e-06,0.2529999999999999,-19154319.04012033,8784.0,3320,,
29197000,29198016,55779,0.00011690004553734062,523,1.0087724399454601e-05,0.2521,-18800392.12348461,8784.0,3324,,
29232140,29233152,55848,0.00011680003415300546,523,1.1198379274901526e-05,0.2512000000000001,-19032011.31632539,8784.0,3328,,
29267280,29268288,55917,0.00011670002276867031,523,1.2336117197264685e-05,0.25029999999999997,-18652150.220561538,8784.0,3332,,
29302420,29303424,55986,0.00011660001138433517,523,9.604268848306674e-06,0.24939999999999996,-18956156.74545924,8784.0,3336,,
29337540,29338560,56055,0.00011650005692167579,523,1.209476506573992e-05,0.24850000000000005,-18471048.81898337,8784.0,3340,,
29372680,29373696,56124,0.00011640004553734063,523,1.4061246724850207e-05,0.24760000000000015,-18338891.622703873,8784.0,3344,,
29407820,29408832,56193,0.00011630003415300548,523,1.4402715305550372e-05,0.24670000000000003,-18705236.57937514,8784.0,3348,,
29425380,29426400,,0.00011625005692167578,,1.2042027128700283e-05,0.24625002561475395,,,,8784.0,-6055731.2102779
29442960,29443968,56304,0.00011620002276867032,522,1.3973470913697383e-05,0.2457999999999999,-18998043.795801125,8784.0,3352,,
29478100,29479104,56373,0.00011610001138433517,522,1.0824549167409715e-05,0.2449,-18862261.33608615,8784.0,3356,,
29513220,29514240,56442,0.00011600005692167579,522,1.2152480712757096e-05,0.2440000000000001,-18830553.59740147,8784.0,3360,,
29548360,29549376,56511,0.00011590004553734063,522,1.1963940301029652e-05,0.24309999999999998,-18973217.751556177,8784.0,3364,,
29583500,29584512,56580,0.00011580003415300547,522,1.0490452586964238e-05,0.24219999999999986,-18575385.032359034,8784.0,3368,,
29618640,29619648,56649,0.00011570002276867031,522,1.0588332543193246e-05,0.24129999999999996,-18770930.94182541,8784.0,3372,,
29653780,29654784,56718,0.00011560001138433516,522,1.136339731147018e-05,0.24040000000000006,-18228761.442477528,8784.0,3376,,
29688900,29689920,56787,0.00011550005692167578,522,1.1054058359150076e-05,0.23950000000000005,-18286902.74958547,8784.0,3380,,
29724040,29725056,56856,0.00011540004553734064,522,1.6842541299411096e-05,0.23859999999999992,-18357672.192995798,8784.0,3384,,
29759180,29760192,56926,0.00011530003415300545,522,1.0659751205821522e-05,0.23770000000000002,-18943752.403526317,8784.0,3388,,
29794320,29795328,56995,0.0001152000227686703,522,1.253640657523647e-05,0.23680000000000012,-19450922.39972671,8784.0,3392,,
29829460,29830464,57064,0.00011510001138433514,522,1.0420111402709154e-05,0.2359,-19047750.73606416,8784.0,3396,,
29864580,29865600,,0.00011500005692167576,,1.2583100738083885e-05,0.2350000256147542,,,,8784.0,-6176557.2702073995
,29865600,57175,,522,,0.23499999999999988,-18855553.25022768,8784.0,3400,,
29899720,29900736,57244,0.00011490004553734062,522,1.0488515408724198e-05,0.23409999999999997,-19158127.36376468,8784.0,3404,,
29934860,29935872,57313,0.00011480003415300547,522,1.1410961542424048e-05,0.23320000000000007,-18990667.47682883,8784.0,3408,,
29970000,29971008,57383,0.00011470002276867031,522,1.0166504512199027e-05,0.23229999999999995,-18634781.82855663,8784.0,3412,,
30005140,30006144,57452,0.00011460001138433516,522,1.1834214637929108e-05,0.23139999999999994,-18221927.968066372,8784.0,3416,,
30040260,30041280,57521,0.00011450005692167578,522,1.0181914944951131e-05,0.23050000000000004,-18033456.30107035,8784.0,3420,,
30075400,30076416,57590,0.00011440004553734062,522,1.182290536689834e-05,0.22960000000000014,-18393396.689269558,8784.0,3424,,
30110540,30111552,57659,0.00011430003415300547,522,9.496264351582794e-06,0.22870000000000001,-18596508.17576352,8784.0,3428,,
30145680,30146688,57729,0.00011420002276867033,522,9.64567466326116e-06,0.2277999999999999,-18559621.72317582,8784.0,3432,,
30180820,30181824,57798,0.00011410001138433517,522,1.1529493485795684e-05,0.2269,-18527606.746776473,8784.0,3436,,
30215940,30216960,57867,0.0001140000569216758,522,1.2938249255967094e-05,0.2260000000000001,-18668731.631698657,8784.0,3440,,
30251080,30252096,57936,0.00011390004553734064,522,1.2656720173254143e-05,0.22509999999999997,-18571814.6941863,8784.0,3444,,
30286220,30287232,58006,0.00011380003415300548,522,1.102903754599538e-05,0.22419999999999984,-17947739.46813962,8784.0,3448,,
30303780,30304800,,0.0001137500569216758,,1.1538834314706037e-05,0.2237500256147541,,,,8784.0,-5992640.1736509
30321360,30322368,58117,0.00011370002276867032,521,1.175719266939268e-05,0.22329999999999994,-17716062.224672638,8784.0,3452,,
30356500,30357504,58187,0.00011360001138433516,521,1.0956918504234637e-05,0.22240000000000004,-17680866.82494329,8784.0,3456,,
30391620,30392640,58256,0.00011350005692167578,521,9.520689104647317e-06,0.22150000000000003,-17450071.95417031,8784.0,3460,,
30426760,30427776,58325,0.00011340004553734063,521,1.2005829421468662e-05,0.2205999999999999,-17398451.94396094,8784.0,3464,,
30461900,30462912,58394,0.00011330003415300547,521,1.129517279423453e-05,0.2197,-17785576.2919419,8784.0,3468,,
30497040,30498048,58464,0.0001132000227686703,521,8.354787337339075e-06,0.2188000000000001,-17273910.76741534,8784.0,3472,,
30532180,30533184,58533,0.00011310001138433515,521,1.0881152024921904e-05,0.21789999999999998,-17750029.720427066,8784.0,3476,,
30567300,30568320,58603,0.00011300005692167577,521,1.0390402098892083e-05,0.21699999999999986,-17846367.8816608,8784.0,3480,,
30602440,30603456,58675,0.00011290004553734062,521,1.0408611888124143e-05,0.21609999999999996,-17399313.674841896,8784.0,3484,,
30637580,30638592,58744,0.00011280003415300546,521,8.07294850346807e-06,0.21520000000000006,-16826690.058691002,8784.0,3488,,
30672720,30673728,58814,0.0001127000227686703,521,8.671088266964944e-06,0.21429999999999993,-16310620.132539824,8784.0,3492,,
30707860,30708864,58883,0.00011260001138433515,521,1.002102571874275e-05,0.21339999999999992,-16737044.445619253,8784.0,3496,,
30742980,30744000,,0.00011250005692167578,,1.1924857949452416e-05,0.21250002561475412,,,,8784.0,-5927731.892545701
,30744000,58994,,521,,0.21250000000000002,-16798069.56445478,8784.0,3500,,
30778120,30779136,59063,0.00011240004553734063,521,9.633198374103813e-06,0.21160000000000012,-16139792.818970049,8784.0,3504,,
30813260,30814272,59133,0.00011230003415300548,521,8.853097870087368e-06,0.2107,-16051495.507387271,8784.0,3508,,
30848400,30849408,59202,0.00011220002276867032,521,1.0572281325949007e-05,0.20979999999999988,-15875801.521467224,8784.0,3512,,
30883540,30884544,59272,0.00011210001138433517,521,9.449628669244703e-06,0.20889999999999997,-16316177.87880907,8784.0,3516,,
30918660,30919680,59341,0.00011200005692167579,521,1.1760377356040408e-05,0.20800000000000007,-16474410.085206442,8784.0,3520,,
30953800,30954816,59411,0.00011190004553734063,521,8.14746661035315e-06,0.20709999999999995,-16122055.99095744,8784.0,3524,,
30988940,30989952,59480,0.00011180003415300549,521,9.972938869395875e-06,0.20619999999999983,-15912387.00503116,8784.0,3528,,
31024080,31025088,59550,0.00011170002276867034,520,9.492699905422342e-06,0.20529999999999993,-15875632.016094148,8784.0,3532,,
31059220,31060224,59619,0.00011160001138433515,520,1.3834206993124098e-05,0.20440000000000003,-16112120.462602561,8784.0,3536,,
31094340,31095360,59689,0.00011150005692167577,520,9.821926141739823e-06,0.20350000000000001,-15531179.59819179,8784.0,3540,,
31129480,31130496,59758,0.00011140004553734062,520,9.342446560367534e-06,0.2025999999999999,-15959884.834679797,8784.0,3544,,
31164620,31165632,59827,0.00011130003415300548,520,1.1081315005867508e-05,0.2017,-15544880.046076333,8784.0,3548,,
31182180,31183200,,0.00011125005692167578,,1.0392441595286073e-05,0.20125002561475414,,,,8784.0,-6120062.1286969
31199760,31200768,59939,0.00011120002276867032,520,9.94913384602114e-06,0.2008000000000001,-15332589.312505754,8784.0,3552,,
31234900,31235904,60009,0.00011110001138433514,520,1.0669927200979146e-05,0.19989999999999997,-15806776.64501293,8784.0,3556,,
31270020,31271040,60078,0.00011100005692167576,520,9.143233023678477e-06,0.19899999999999984,-16050959.67281031,8784.0,3560,,
31305160,31306176,60147,0.00011090004553734061,520,9.790431249712128e-06,0.19809999999999994,-15963125.592298212,8784.0,3564,,
31340300,31341312,60217,0.00011080003415300547,520,9.28096160350833e-06,0.19720000000000004,-15775449.92092474,8784.0,3568,,
31375440,31376448,60286,0.00011070002276867031,520,9.319020841758175e-06,0.19629999999999992,-16108318.218728932,8784.0,3572,,
31410580,31411584,60356,0.00011060001138433516,520,1.1195439878974866e-05,0.1953999999999999,-15788150.82929935,8784.0,3576,,
31445700,31446720,60425,0.00011050005692167578,520,8.724937174520164e-06,0.1945,-15821201.71715821,8784.0,3580,,
31480840,31481856,60495,0.00011040004553734062,520,1.0206552815361647e-05,0.1936000000000001,-16161162.142921241,8784.0,3584,,
31515980,31516992,60565,0.00011030003415300547,520,1.2526877435448114e-05,0.19269999999999998,-16489468.640529273,8784.0,3588,,
31551120,31552128,60634,0.00011020002276867031,520,9.816590159061889e-06,0.19179999999999986,-16398326.302034833,8784.0,3592,,
31586260,31587264,60704,0.00011010001138433517,520,1.0686530254133686e-05,0.19089999999999996,-16075456.062914412,8784.0,3596,,
31621380,31622400,,0.00011000005692167579,,1.160229562628956e-05,0.19000002561475393,,,,8784.0,-6132370.2382717
,31622400,60816,,519,,0.19000000000000006,-16581721.338710373,8784.0,3600,,
31656520,31657536,60886,0.00010990004553734064,519,1.207989532758802e-05,0.18909999999999993,-16679675.693805952,8784.0,3604,,
31691660,31692672,60955,0.00010980003415300548,519,9.383139376950566e-06,0.1881999999999998,-16623662.869404245,8784.0,3608,,
31726800,31727808,61025,0.00010970002276867033,519,1.0575544752100541e-05,0.1872999999999999,-16398835.225236492,8784.0,3612,,
31761940,31762944,61095,0.00010960001138433516,519,9.651943378230498e-06,0.1864,-16179483.80530332,8784.0,3616,,
31797060,31798080,61165,0.00010950005692167578,519,9.712657492855214e-06,0.1855,-15915028.54318005,8784.0,3620,,
31832200,31833216,61235,0.00010940004553734062,519,8.626567591818457e-06,0.18459999999999988,-15674131.0378158,8784.0,3624,,
31867340,31868352,61305,0.00010930003415300547,519,1.0259421128466783e-05,0.18369999999999997,-15640563.286602452,8784.0,3628,,
31902480,31903488,61375,0.00010920002276867032,519,1.0445871293995878e-05,0.18280000000000007,-15481844.27859479,8784.0,3632,,
31937620,31938624,61445,0.00010910001138433515,519,2.4583804156463883e-05,0.18189999999999995,-15194142.543167219,8784.0,3636,,
31972740,31973760,61514,0.00010900005692167577,519,8.868878080647846e-06,0.18099999999999983,-15135922.72530704,8784.0,3640,,
32007880,32008896,61584,0.00010890004553734061,519,1.1969919864895928e-05,0.18009999999999993,-14730154.094367098,8784.0,3644,,
32043020,32044032,61655,0.00010880003415300546,519,8.535438951184915e-06,0.17920000000000003,-14908786.910235109,8784.0,3648,,
32060580,32061600,,0.00010875005692167577,,9.988572105612548e-06,0.17875002561475417,,,,8784.0,-6166240.5207231
32078160,32079168,61767,0.0001087000227686703,519,9.120688491748297e-06,0.1782999999999999,-15053761.691572562,8784.0,3652,,
32113300,32114304,61837,0.00010860001138433515,519,7.910518388598575e-06,0.1773999999999999,-14308339.1995718,8784.0,3656,,
32148420,32149440,61907,0.00010850005692167577,519,1.0936795433735824e-05,0.1765,-14009030.538413411,8784.0,3660,,
32183560,32184576,61977,0.00010840004553734063,519,7.3972299105662385e-06,0.1756000000000001,-14150960.955978012,8784.0,3664,,
32218700,32219712,62047,0.00010830003415300547,519,1.0267327957080851e-05,0.17469999999999997,-14062221.63492643,8784.0,3668,,
32253840,32254848,62117,0.00010820002276867032,519,1.14455408493086e-05,0.17379999999999984,-14134094.538117036,8784.0,3672,,
32288980,32289984,62187,0.00010810001138433516,519,9.397574672220799e-06,0.17289999999999994,-13822575.01407069,8784.0,3676,,
32324100,32325120,62257,0.00010800005692167578,519,8.976720005193784e-06,0.17200000000000004,-13941595.157504821,8784.0,3680,,
32359240,32360256,62328,0.00010790004553734063,519,8.440808960585855e-06,0.17109999999999992,-13930272.42467531,8784.0,3684,,
32394380,32395392,62399,0.00010780003415300547,519,8.72621080816316e-06,0.1701999999999998,-13743563.90756846,8784.0,3688,,
32429520,32430528,62469,0.00010770002276867033,519,9.789064688447979e-06,0.1692999999999999,-13941641.63731554,8784.0,3692,,
32464660,32465664,62540,0.00010760001138433518,519,9.087807575269835e-06,0.1684,-14389662.07993355,8784.0,3696,,
32499780,32500800,,0.0001075000569216758,,9.920528987095167e-06,0.16750002561475408,,,,8784.0,-6120232.8111393
,32500800,62654,,518,,0.16749999999999998,-13811984.177627549,8784.0,3700,,
32534920,32535936,62723,0.00010740004553734062,518,8.856450040184428e-06,0.16659999999999986,-14051310.06354652,8784.0,3704,,
32570060,32571072,62792,0.00010730003415300546,518,9.25562926568091e-06,0.16569999999999996,-14052039.8110215,8784.0,3708,,
32605200,32606208,62862,0.00010720002276867032,518,8.977604215942847e-06,0.16480000000000006,-14228000.06506181,8784.0,3712,,
32640340,32641344,62931,0.00010710001138433517,518,8.041047772167076e-06,0.16389999999999993,-13973908.599078534,8784.0,3716,,
32675460,32676480,63000,0.00010700005692167579,518,1.06225137869842e-05,0.1629999999999998,-14044250.889076589,8784.0,3720,,
32710600,32711616,63069,0.0001069000455373406,518,8.669722433296556e-06,0.1620999999999999,-14296261.83666481,8784.0,3724,,
32745740,32746752,63138,0.00010680003415300546,518,7.709285023338453e-06,0.1612,-14155695.67677405,8784.0,3728,,
32780880,32781888,63208,0.00010670002276867031,518,9.483890767114645e-06,0.1602999999999999,-14177876.321816541,8784.0,3732,,
32816020,32817024,63277,0.00010660001138433515,518,8.38746627778164e-06,0.15939999999999988,-13760173.411570292,8784.0,3736,,
32851140,32852160,63346,0.00010650005692167577,518,8.32960679417738e-06,0.15849999999999997,-13826650.811580813,8784.0,3740,,
32886280,32887296,63416,0.00010640004553734062,518,8.188720562429807e-06,0.15760000000000007,-13867358.26914733,8784.0,3744,,
32921420,32922432,63485,0.00010630003415300547,518,7.938947192087653e-06,0.15669999999999995,-13787943.531782638,8784.0,3748,,
32938980,32940000,,0.00010625005692167578,,9.866391178547928e-06,0.1562500256147541,,,,8784.0,-5945884.062413501
32956560,32957568,63597,0.00010620002276867031,518,9.970808014259091e-06,0.15580000000000005,-13832892.549986172,8784.0,3752,,
32991700,32992704,63666,0.00010610001138433516,518,7.5058372885905555e-06,0.15489999999999993,-14214562.842149252,8784.0,3756,,
33026820,33027840,63735,0.00010600005692167579,518,8.856929957801185e-06,0.15400000000000003,-14214393.369059552,8784.0,3760,,
33061960,33062976,63805,0.00010590004553734063,518,7.230240544231492e-06,0.15310000000000012,-14065101.082651557,8784.0,3764,,
33097100,33098112,63875,0.00010580003415300548,518,9.380933056490903e-06,0.1522,-14479021.97606985,8784.0,3768,,
33132240,33133248,63944,0.00010570002276867033,518,1.1318354313516466e-05,0.15129999999999988,-14397232.78243642,8784.0,3772,,
33167380,33168384,64014,0.00010560001138433517,518,1.0347787565478939e-05,0.15039999999999998,-14649816.012425289,8784.0,3776,,
33202500,33203520,64083,0.00010550005692167579,518,9.68979300068895e-06,0.14950000000000008,-14681469.99575984,8784.0,3780,,
33237640,33238656,64153,0.00010540004553734062,518,1.2314820241954295e-05,0.14860000000000007,-14408705.40526344,8784.0,3784,,
33272780,33273792,64222,0.00010530003415300547,518,8.785266436461825e-06,0.14769999999999994,-14048000.135318423,8784.0,3788,,
33307920,33308928,64292,0.00010520002276867031,518,1.1720090924427495e-05,0.14680000000000004,-14017148.050714653,8784.0,3792,,
33343060,33344064,64362,0.00010510001138433516,518,8.866657321959791e-06,0.14590000000000014,-13817798.260155011,8784.0,3796,,
33378180,33379200,,0.00010500005692167578,,9.027600071931374e-06,0.1450000256147541,,,,8784.0,-5931976.7147036
,33379200,64474,,517,,0.14500000000000002,-13885168.876089444,8784.0,3800,,
33413320,33414336,64544,0.00010490004553734061,517,9.402476734976517e-06,0.1440999999999999,-13701946.296595052,8784.0,3804,,
33448460,33449472,64613,0.00010480003415300546,517,9.645872614783002e-06,0.1432,-13834564.665645223,8784.0,3808,,
33483600,33484608,64683,0.0001047000227686703,517,1.0160852752960636e-05,0.1423000000000001,-13600910.952359362,8784.0,3812,,
33518740,33519744,64753,0.00010460001138433515,517,9.578176900504332e-06,0.14139999999999997,-13497027.94973395,8784.0,3816,,
33553860,33554880,64823,0.00010450005692167577,517,8.080541488197922e-06,0.14049999999999996,-13685153.94696761,8784.0,3820,,
33589000,33590016,64892,0.00010440004553734061,517,9.435315405426081e-06,0.13960000000000006,-13394820.546562478,8784.0,3824,,
33624140,33625152,64962,0.00010430003415300547,517,1.7710034217088833e-05,0.13870000000000016,-13525964.035236722,8784.0,3828,,
33659280,33660288,65032,0.00010420002276867032,517,8.597257328801789e-06,0.13780000000000003,-13894311.7941078,8784.0,3832,,
33694420,33695424,65102,0.00010410001138433516,517,8.882430029188981e-06,0.1368999999999999,-14064627.62540858,8784.0,3836,,
33729540,33730560,65172,0.00010400005692167578,517,8.71352203830611e-06,0.136,-13918156.49747921,8784.0,3840,,
33764680,33765696,65242,0.00010390004553734063,517,1.0073070870930679e-05,0.1351000000000001,-13834359.801189901,8784.0,3844,,
33799820,33800832,65311,0.00010380003415300547,517,7.458444588337443e-06,0.13419999999999999,-13832625.254406521,8784.0,3848,,
33817380,33818400,,0.00010375005692167579,,8.40600312130846e-06,0.13375002561475402,,,,8784.0,-6163718.557996599
33834960,33835968,65424,0.00010370002276867032,517,8.83959594375483e-06,0.13329999999999986,-13597192.317954598,8784.0,3852,,
33870100,33871104,65494,0.00010360001138433518,517,7.776210918564174e-06,0.13239999999999996,-13359538.171120107,8784.0,3856,,
33905220,33906240,65564,0.0001035000569216758,517,1.0156994130738895e-05,0.13150000000000006,-13266992.08824717,8784.0,3860,,
33940360,33941376,65634,0.00010340004553734064,517,8.841763269629155e-06,0.13060000000000005,-13140061.168078579,8784.0,3864,,
33975500,33976512,65704,0.00010330003415300546,517,1.0108213655257713e-05,0.12969999999999993,-12692856.83964777,8784.0,3868,,
34010640,34011648,65774,0.00010320002276867032,517,9.070175951819693e-06,0.12880000000000003,-12403857.353679169,8784.0,3872,,
34045780,34046784,65843,0.00010310001138433516,517,9.100579109144747e-06,0.12790000000000012,-12247472.563123582,8784.0,3876,,
34080900,34081920,65913,0.00010300005692167578,517,7.504078598685737e-06,0.127,-11891042.35432177,8784.0,3880,,
34116040,34117056,65982,0.00010290004553734063,517,8.881424332685128e-06,0.12609999999999988,-11625447.050611053,8784.0,3884,,
34151180,34152192,66052,0.00010280003415300545,517,7.885127502049727e-06,0.12519999999999998,-11705702.46490595,8784.0,3888,,
34186320,34187328,66123,0.00010270002276867031,517,6.806427518313285e-06,0.12430000000000008,-11616082.782575171,8784.0,3892,,
34221460,34222464,66193,0.00010260001138433515,517,8.858533010425163e-06,0.12339999999999995,-11614245.445187842,8784.0,3896,,
34256580,34257600,,0.00010250005692167577,,9.372923773298681e-06,0.12250002561475426,,,,8784.0,-6114066.7278818
,34257600,66305,,516,,0.12249999999999994,-11633415.01608306,8784.0,3900,,
34291720,34292736,66376,0.00010240004553734062,516,8.293293649330736e-06,0.12160000000000004,-11406673.893211849,8784.0,3904,,
34326860,34327872,66447,0.00010230003415300546,516,9.082443216357206e-06,0.12070000000000014,-11077570.50701422,8784.0,3908,,
34362000,34363008,66517,0.00010220002276867031,516,8.46568284487148e-06,0.11980000000000002,-11113321.15731533,8784.0,3912,,
34397140,34398144,66588,0.00010210001138433515,516,8.10690210073517e-06,0.1188999999999999,-11007901.70750838,8784.0,3916,,
34432260,34433280,66659,0.00010200005692167577,516,9.551414268571535e-06,0.118,-10969536.64943791,8784.0,3920,,
34467400,34468416,66729,0.00010190004553734063,516,8.639694146950206e-06,0.11710000000000009,-10951318.865050668,8784.0,3924,,
34502540,34503552,66800,0.00010180003415300548,516,7.509980582653952e-06,0.11619999999999997,-10662638.858219387,8784.0,3928,,
34537680,34538688,66871,0.00010170002276867032,516,7.996058457138133e-06,0.11529999999999985,-10263719.81263315,8784.0,3932,,
34572820,34573824,66942,0.00010160001138433517,516,7.723609883214522e-06,0.11439999999999995,-10170719.84842794,8784.0,3936,,
34607940,34608960,67012,0.00010150005692167579,516,7.633741665813431e-06,0.11350000000000005,-10088815.12440584,8784.0,3940,,
34643080,34644096,67083,0.00010140004553734063,516,8.76613560194528e-06,0.11260000000000003,-9912705.579344198,8784.0,3944,,
34678220,34679232,67154,0.00010130003415300548,516,8.806211076262116e-06,0.11169999999999991,-9804578.702196639,8784.0,3948,,
34695780,34696800,,0.0001012500569216758,,6.695823049085447e-06,0.11125002561475406,,,,8784.0,-6001423.170196
34713360,34714368,67267,0.00010120002276867031,516,8.192906716431025e-06,0.11080000000000001,-9988208.310186138,8784.0,3952,,
34748500,34749504,67337,0.00010110001138433516,516,9.541319082018163e-06,0.10990000000000011,-9987477.94109514,8784.0,3956,,
34783620,34784640,67408,0.00010100005692167578,516,8.326413740178395e-06,0.10899999999999999,-9876930.957329301,8784.0,3960,,
34818760,34819776,67479,0.00010090004553734062,516,8.590342577008415e-06,0.10809999999999986,-10041009.17486086,8784.0,3964,,
34853900,34854912,67550,0.00010080003415300547,515,9.413103248334664e-06,0.10719999999999996,-9788711.3324772,8784.0,3968,,
34889040,34890048,67620,0.0001007000227686703,515,7.83475099979114e-06,0.10630000000000006,-9635194.61168936,8784.0,3972,,
34924180,34925184,67691,0.00010060001138433514,515,6.2246080233308024e-06,0.10539999999999994,-9407321.54384382,8784.0,3976,,
34959300,34960320,67762,0.00010050005692167576,515,8.698414330865489e-06,0.10449999999999993,-9475600.07163082,8784.0,3980,,
34994440,34995456,67832,0.00010040004553734061,515,8.164540372490591e-06,0.10360000000000003,-9641075.709522901,8784.0,3984,,
35029580,35030592,67903,0.00010030003415300547,515,7.639615773769037e-06,0.10270000000000012,-9674429.50518097,8784.0,3988,,
35064720,35065728,67974,0.00010020002276867031,515,7.895258909229596e-06,0.1018,-9731170.697510248,8784.0,3992,,
35099860,35100864,68045,0.00010010001138433516,515,9.141724331129807e-06,0.10089999999999988,-9388851.719188772,8784.0,3996,,
35134980,35136000,,0.00010000005692167578,,8.8133436975113e-06,0.10000002561475407,,,,8784.0,-6072459.8779666
,35136000,68158,,515,,0.09999999999999998,-9077479.620245561,8784.0,4000,,
35170120,35171136,68229,9.990004553734062e-05,515,7.90966114436742e-06,0.1,-8983145.99311482,8784.0,4004,,
35205260,35206272,68300,9.980003415300547e-05,515,7.983101090758282e-06,0.1,-9201237.47898197,8784.0,4008,,
35240400,35241408,68371,9.970002276867032e-05,515,6.732391807418026e-06,0.1,-9088393.233696919,8784.0,4012,,
35275540,35276544,68441,9.960001138433517e-05,515,7.219389954116196e-06,0.1,-9412550.17294548,8784.0,4016,,
35310660,35311680,68512,9.95000569216758e-05,515,6.847818576716236e-06,0.1,-9260232.55327077,8784.0,4020,,
35345800,35346816,68583,9.940004553734061e-05,515,8.239975591095572e-06,0.1,-9432575.327293249,8784.0,4024,,
35380940,35381952,68654,9.930003415300546e-05,515,9.762746481101204e-06,0.1,-9538076.529951409,8784.0,4028,,
35416080,35417088,68725,9.92000227686703e-05,515,9.990395210479618e-06,0.1,-9500805.44554075,8784.0,4032,,
35451220,35452224,68796,9.910001138433516e-05,515,8.144586195157899e-06,0.1,-9501718.990902742,8784.0,4036,,
35486340,35487360,68867,9.900005692167578e-05,515,6.558881329965515e-06,0.1,-9675231.28249149,8784.0,4040,,
35521480,35522496,68938,9.890004553734063e-05,515,7.947843573674618e-06,0.1,-10040822.490432968,8784.0,4044,,
35556620,35557632,69009,9.880003415300547e-05,515,7.66778648539912e-06,0.1,-10096213.69126734,8784.0,4048,,
35574180,35575200,,9.875005692167578e-05,,8.232480467995629e-06,0.1,,,,8784.0,-6070697.772783901
35591760,35592768,69122,9.870002276867032e-05,514,8.499426394337206e-06,0.1,-9984319.171748398,8784.0,4052,,
35626900,35627904,69193,9.860001138433516e-05,514,9.375685453960614e-06,0.1,-10046663.024645628,8784.0,4056,,
35662020,35663040,69263,9.850005692167578e-05,514,8.041367300393176e-06,0.1,-10069708.948885562,8784.0,4060,,
35697160,35698176,69334,9.840004553734063e-05,514,9.310983909927017e-06,0.1,-9914741.3014489,8784.0,4064,,
35732300,35733312,69405,9.830003415300546e-05,514,8.354559827239428e-06,0.1,-9860960.918014988,8784.0,4068,,
35767440,35768448,69476,9.82000227686703e-05,514,8.175928223863594e-06,0.1,-10049051.617291091,8784.0,4072,,
35802580,35803584,69547,9.810001138433515e-05,514,9.542505608806096e-06,0.1,-10308803.640237108,8784.0,4076,,
35837700,35838720,69617,9.800005692167577e-05,514,8.058417574829945e-06,0.1,-10048611.905412829,8784.0,4080,,
35872840,35873856,69688,9.790004553734063e-05,514,7.553219961664581e-06,0.1,-10049287.03251494,8784.0,4084,,
35907980,35908992,69759,9.780003415300548e-05,514,8.204809410017333e-06,0.1,-9982594.04473568,8784.0,4088,,
35943120,35944128,69830,9.770002276867032e-05,514,6.995706576162774e-06,0.1,-9880247.30057133,8784.0,4092,,
35978260,35979264,69901,9.760001138433517e-05,514,8.815640535431158e-06,0.1,-9752444.84344741,8784.0,4096,,
36013380,36014400,,9.750005692167579e-05,,8.533286859346845e-06,0.1,,,,8784.0,-5991881.727071
,36014400,70015,,514,,0.1,-9867145.78865776,8784.0,4100,,
36048520,36049536,70086,9.740004553734063e-05,514,8.500059607285948e-06,0.1,-10227167.727477541,8784.0,4104,,
36083660,36084672,70156,9.730003415300546e-05,514,8.588506420892373e-06,0.1,-10275745.948414411,8784.0,4108,,
36118800,36119808,70230,9.720002276867031e-05,514,1.1163812473569124e-05,0.1,-10279679.700229531,8784.0,4112,,
36153940,36154944,70301,9.710001138433515e-05,514,8.81298731201241e-06,0.1,-10011374.38111835,8784.0,4116,,
36189060,36190080,70374,9.700005692167577e-05,514,1.0380938169873843e-05,0.1,-9821022.539121358,8784.0,4120,,
36224200,36225216,70444,9.690004553734062e-05,514,9.779087031347445e-06,0.1,-9826992.99195343,8784.0,4124,,
36259340,36260352,70513,9.680003415300546e-05,514,1.0190002149101928e-05,0.1,-9833807.19962644,8784.0,4128,,
36294480,36295488,70582,9.670002276867032e-05,514,9.335096069662541e-06,0.1,-9821436.678520638,8784.0,4132,,
36329620,36330624,70652,9.660001138433517e-05,514,1.0221119100606302e-05,0.1,-9927492.213124948,8784.0,4136,,
36364740,36365760,70721,9.650005692167579e-05,514,7.225682475109352e-06,0.1,-9896915.641761841,8784.0,4140,,
36399880,36400896,70790,9.640004553734063e-05,514,9.382263488078025e-06,0.1,-9671003.7583835,8784.0,4144,,
36435020,36436032,70860,9.630003415300545e-05,514,9.123206427830156e-06,0.1,-9880350.929504989,8784.0,4148,,
36452580,36453600,,9.625005692167577e-05,,7.92371988609375e-06,0.1,,,,8784.0,-5908998.066152399
36470160,36471168,70971,9.620002276867031e-05,513,1.0635254648150294e-05,0.1,-9832297.37292917,8784.0,4152,,
36505300,36506304,71041,9.610001138433516e-05,513,9.034252252604347e-06,0.1,-9818862.77722574,8784.0,4156,,
36540420,36541440,71110,9.600005692167578e-05,513,9.009965538098186e-06,0.1,-9805912.54099807,8784.0,4160,,
36575560,36576576,71179,9.590004553734062e-05,513,8.59731387663487e-06,0.1,-10041426.59450707,8784.0,4164,,
36610700,36611712,71248,9.580003415300547e-05,513,7.729500202913186e-06,0.1,-10125209.94825269,8784.0,4168,,
36645840,36646848,71317,9.570002276867031e-05,513,7.899088700469292e-06,0.1,-9929481.25395939,8784.0,4172,,
36680980,36681984,71387,9.560001138433516e-05,513,1.0526593473514368e-05,0.1,-9840854.10673183,8784.0,4176,,
36716100,36717120,71456,9.550005692167578e-05,513,8.142311207848251e-06,0.1,-10082811.718890341,8784.0,4180,,
36751240,36752256,71526,9.540004553734064e-05,513,9.95603272713197e-06,0.1,-10009127.027986933,8784.0,4184,,
36786380,36787392,71595,9.530003415300548e-05,513,8.029192872527347e-06,0.1,-10064396.59325723,8784.0,4188,,
36821520,36822528,71664,9.52000227686703e-05,513,7.414867241095635e-06,0.1,-10042046.05924972,8784.0,4192,,
36856660,36857664,71733,9.510001138433515e-05,513,7.252969498949824e-06,0.1,-9976782.547885241,8784.0,4196,,
36891780,36892800,,9.500005692167578e-05,,6.137309355835896e-06,0.1,,,,8784.0,-6211185.311447101
,36892800,71845,,513,,0.1,-9943790.72406038,8784.0,4200,,
36926920,36927936,71914,9.490004553734062e-05,513,6.358127052408236e-06,0.1,-9627444.734793492,8784.0,4204,,
36962060,36963072,71984,9.480003415300547e-05,513,7.566001454506477e-06,0.1,-9326407.895583369,8784.0,4208,,
36997200,36998208,72053,9.470002276867032e-05,513,7.831399898350355e-06,0.1,-9391387.457560591,8784.0,4212,,
37032340,37033344,72123,9.460001138433516e-05,513,9.444150987292232e-06,0.1,-9381324.72866136,8784.0,4216,,
37067460,37068480,72192,9.450005692167578e-05,513,8.423964982284814e-06,0.1,-9489479.97850682,8784.0,4220,,
37102600,37103616,72262,9.440004553734063e-05,513,8.274650804196427e-06,0.1,-9194299.57949373,8784.0,4224,,
37137740,37138752,72331,9.430003415300549e-05,513,7.193573742370063e-06,0.1,-9231738.95819024,8784.0,4228,,
37172880,37173888,72401,9.42000227686703e-05,513,8.845660727274662e-06,0.1,-9213904.176714309,8784.0,4232,,
37208020,37209024,72470,9.410001138433515e-05,513,8.482224302497343e-06,0.1,-9269467.33999725,8784.0,4236,,
37243140,37244160,72540,9.400005692167577e-05,513,9.030858768710459e-06,0.1,-9453953.204609599,8784.0,4240,,
37278280,37279296,72609,9.390004553734061e-05,513,7.138609998946777e-06,0.1,-9680638.69431526,8784.0,4244,,
37313420,37314432,72679,9.380003415300547e-05,513,1.419536695266288e-05,0.1,-9464476.52568865,8784.0,4248,,
37330980,37332000,,9.375005692167578e-05,,7.3275432896480195e-06,0.1,,,,8784.0,-5990892.3905288
37348560,37349568,72791,9.370002276867032e-05,513,7.799629474902759e-06,0.1,-9448896.0051383,8784.0,4252,,
37383700,37384704,72860,9.360001138433516e-05,513,7.327513822019683e-06,0.1,-9300180.53400131,8784.0,4256,,
37418820,37419840,72930,9.350005692167578e-05,513,8.15124560631375e-06,0.1,-9231352.874986071,8784.0,4260,,
37453960,37454976,72999,9.340004553734063e-05,513,7.134036127354193e-06,0.1,-8796488.45510815,8784.0,4264,,
37489100,37490112,73068,9.330003415300547e-05,513,8.641358226668671e-06,0.1,-9031510.55794744,8784.0,4268,,
37524240,37525248,73138,9.32000227686703e-05,513,7.756250693091715e-06,0.1,-9121118.074687278,8784.0,4272,,
37559380,37560384,73207,9.310001138433515e-05,513,7.623238866472093e-06,0.1,-9230222.51175103,8784.0,4276,,
37594500,37595520,73277,9.300005692167577e-05,513,7.84224355356855e-06,0.1,-9060251.355664508,8784.0,4280,,
37629640,37630656,73346,9.290004553734062e-05,513,5.270910601211654e-05,0.1,-8990874.38464091,8784.0,4284,,
37664780,37665792,73416,9.280003415300546e-05,513,8.266482791441376e-06,0.1,-9221358.781407692,8784.0,4288,,
37699920,37700928,73485,9.270002276867031e-05,513,1.439059234371598e-05,0.1,-9572391.631989721,8784.0,4292,,
37735060,37736064,73555,9.260001138433517e-05,513,7.271114554896485e-06,0.1,-9698951.0628561,8784.0,4296,,
37770180,37771200,,9.250005692167579e-05,,7.830748427295475e-06,0.1,,,,8784.0,-5912253.601743201
,37771200,73666,,512,,0.1,-9648949.863888778,8784.0,4300,,
37805320,37806336,73736,9.240004553734063e-05,512,7.179161298154213e-06,0.1,-9765311.90187031,8784.0,4304,,
37840460,37841472,73805,9.230003415300548e-05,512,8.557497176298057e-06,0.1,-9869568.862834182,8784.0,4308,,
37875600,37876608,73875,9.220002276867032e-05,512,7.836925851734122e-06,0.1,-9856967.35114473,8784.0,4312,,
37910740,37911744,73944,9.210001138433515e-05,512,7.3385226414757195e-06,0.1,-9782866.65391874,8784.0,4316,,
37945860,37946880,74014,9.200005692167577e-05,512,8.782472082202731e-06,0.1,-9775367.402582401,8784.0,4320,,
37981000,37982016,74084,9.190004553734062e-05,512,7.981424687386607e-06,0.1,-9704103.78256122,8784.0,4324,,
38016140,38017152,74154,9.180003415300547e-05,512,8.168669978658727e-06,0.1,-9627521.849556528,8784.0,4328,,
38051280,38052288,74225,9.170002276867031e-05,512,8.996982091957762e-06,0.1,-9636989.08151378,8784.0,4332,,
38086420,38087424,74302,9.160001138433516e-05,512,8.428698220086516e-06,0.1,-9700213.75982974,8784.0,4336,,
38121540,38122560,74372,9.150005692167578e-05,512,8.508554469699447e-06,0.1,-9383244.362831911,8784.0,4340,,
38156680,38157696,74442,9.140004553734063e-05,512,7.488812570954906e-06,0.1,-9079308.14585368,8784.0,4344,,
38191820,38192832,74512,9.130003415300548e-05,512,8.143375907820882e-06,0.1,-9163072.22681453,8784.0,4348,,
38209380,38210400,,9.125005692167578e-05,,7.727235333732096e-06,0.1,,,,8784.0,-6063658.033618101
38226960,38227968,74625,9.120002276867033e-05,512,8.302984406327596e-06,0.1,-9201773.929393629,8784.0,4352,,
38262100,38263104,74695,9.110001138433514e-05,512,8.161208529600118e-06,0.1,-9302400.57893778,8784.0,4356,,
38297220,38298240,74765,9.100005692167576e-05,512,8.354421856893168e-06,0.1,-9322134.409517111,8784.0,4360,,
38332360,38333376,74836,9.090004553734062e-05,512,7.879356689954876e-06,0.1,-9472431.875320781,8784.0,4364,,
38367500,38368512,74907,9.080003415300547e-05,512,7.141854825931659e-06,0.1,-9273901.16781676,8784.0,4368,,
38402640,38403648,74977,9.070002276867031e-05,512,9.184946225104796e-06,0.1,-9269723.02791012,8784.0,4372,,
38437780,38438784,75048,9.060001138433516e-05,512,1.7157460388261824e-05,0.1,-9286963.63869683,8784.0,4376,,
38472900,38473920,75118,9.050005692167578e-05,512,7.72481996591523e-06,0.1,-9407472.619698787,8784.0,4380,,
38508040,38509056,75189,9.040004553734062e-05,512,7.875533015067049e-06,0.1,-9621836.510888329,8784.0,4384,,
38543180,38544192,75259,9.030003415300547e-05,512,6.674127166661492e-06,0.1,-9553367.21470337,8784.0,4388,,
38578320,38579328,75330,9.020002276867033e-05,512,8.963327695710177e-06,0.1,-9462705.783198452,8784.0,4392,,
38613460,38614464,75401,9.010001138433517e-05,512,8.235683208113186e-06,0.1,-9579455.145023631,8784.0,4396,,
38648580,38649600,,9.000005692167577e-05,,7.741627177892951e-06,0.1,,,,8784.0,-5918639.2437055
,38649600,75514,,511,,0.1,-9689047.81307717,8784.0,4400,,
38683720,38684736,75584,8.990004553734061e-05,511,7.342465505644214e-06,0.1,-9582123.050096292,8784.0,4404,,
38718860,38719872,75655,8.980003415300546e-05,511,6.7385139800535395e-06,0.1,-9474903.75434119,8784.0,4408,,
38754000,38755008,75725,8.970002276867032e-05,511,7.789251890244487e-06,0.1,-9374358.255369872,8784.0,4412,,
38789140,38790144,75796,8.960001138433516e-05,511,7.329348864004714e-06,0.1,-9457236.38310031,8784.0,4416,,
38824260,38825280,75866,8.950005692167578e-05,511,6.798150843678741e-06,0.1,-9415572.43915535,8784.0,4420,,
38859400,38860416,75937,8.940004553734063e-05,511,8.590827565058135e-06,0.1,-9470147.478837121,8784.0,4424,,
38894540,38895552,76007,8.930003415300547e-05,511,7.071809193348599e-06,0.1,-9427573.59173208,8784.0,4428,,
38929680,38930688,76078,8.920002276867032e-05,511,6.515092218251084e-06,0.1,-9356782.14532011,8784.0,4432,,
38964820,38965824,76148,8.910001138433516e-05,511,7.202854931165348e-06,0.1,-9317120.16601265,8784.0,4436,,
38999940,39000960,76218,8.900005692167577e-05,511,6.447145347010519e-06,0.1,-9422396.44687752,8784.0,4440,,
39035080,39036096,76289,8.890004553734061e-05,511,8.0213548244501e-06,0.1,-9415110.08593304,8784.0,4444,,
39070220,39071232,76359,8.880003415300546e-05,511,6.7533565925259605e-06,0.1,-9472786.622843469,8784.0,4448,,
39087780,39088800,,8.875005692167578e-05,,7.985082174855051e-06,0.1,,,,8784.0,-6154779.091869
39105360,39106368,76472,8.87000227686703e-05,511,7.0560676249442625e-06,0.1,-9629310.59902154,8784.0,4452,,
39140500,39141504,76543,8.860001138433515e-05,511,6.676614202660858e-06,0.1,-9446647.12256353,8784.0,4456,,
39175620,39176640,76613,8.850005692167578e-05,511,6.98377616572543e-06,0.1,-9623422.832249468,8784.0,4460,,
39210760,39211776,76684,8.840004553734063e-05,511,8.501243894443177e-06,0.1,-9665305.485096509,8784.0,4464,,
39245900,39246912,76755,8.830003415300547e-05,511,8.06973910130182e-06,0.1,-9459486.264145091,8784.0,4468,,
39281040,39282048,76825,8.820002276867032e-05,511,5.9224241681476995e-06,0.1,-9375292.017058419,8784.0,4472,,
39316180,39317184,76896,8.810001138433517e-05,511,7.302717654056323e-06,0.1,-9291886.432596369,8784.0,4476,,
39351300,39352320,76966,8.800005692167579e-05,511,6.870715310469677e-06,0.1,-9330014.598779852,8784.0,4480,,
39386440,39387456,77037,8.790004553734062e-05,511,6.5893004148165344e-06,0.1,-9213051.600181999,8784.0,4484,,
39421580,39422592,77108,8.780003415300546e-05,511,7.633717200405953e-06,0.1,-9031476.29992773,8784.0,4488,,
39456720,39457728,77178,8.770002276867031e-05,511,9.126315512730799e-06,0.1,-9043476.560920142,8784.0,4492,,
39491860,39492864,77249,8.760001138433515e-05,511,6.3542086763845875e-06,0.1,-9375476.443853112,8784.0,4496,,
39526980,39528000,,8.750005692167577e-05,,7.733509050922294e-06,0.1,,,,8784.0,-5985982.8235504
,39528000,77362,,510,,0.1,-9277460.592778519,8784.0,4500,,
39562120,39563136,77433,8.740004553734062e-05,510,8.606481310380332e-06,0.1,-9310259.75279197,8784.0,4504,,
39597260,39598272,77504,8.730003415300548e-05,510,7.538510749327542e-06,0.1,-9297698.259614069,8784.0,4508,,
39632400,39633408,77575,8.720002276867032e-05,510,7.643538378943048e-06,0.1,-9416137.08446853,8784.0,4512,,
39667540,39668544,77645,8.710001138433517e-05,510,6.712999629598926e-06,0.1,-9394675.43974126,8784.0,4516,,
39702660,39703680,77716,8.700005692167579e-05,510,6.184578592183243e-06,0.1,-9549287.630600661,8784.0,4520,,
39737800,39738816,77788,8.69000455373406e-05,510,7.197728837127215e-06,0.1,-9512380.103909802,8784.0,4524,,
39772940,39773952,77858,8.680003415300547e-05,510,6.113721224210167e-06,0.1,-9366169.24251945,8784.0,4528,,
39808080,39809088,77929,8.670002276867031e-05,510,8.260604090537527e-06,0.1,-9359502.545363462,8784.0,4532,,
39843220,39844224,78000,8.660001138433516e-05,510,6.977026055210445e-06,0.1,-9382111.19880398,8784.0,4536,,
39878340,39879360,78070,8.650005692167578e-05,510,7.17320642706909e-06,0.1,-9391889.69871682,8784.0,4540,,
39913480,39914496,78143,8.640004553734062e-05,510,7.692028611927526e-06,0.1,-9481784.58854653,8784.0,4544,,
39948620,39949632,78213,8.630003415300547e-05,510,8.174622405476838e-06,0.1,-9444901.2320738,8784.0,4548,,
39966180,39967200,,8.625005692167578e-05,,7.270978426276997e-06,0.1,,,,8784.0,-5969965.8762748
39983760,39984768,78325,8.620002276867031e-05,510,1.2039656871820625e-05,0.1,-9474173.18079434,8784.0,4552,,
40018900,40019904,78395,8.610001138433517e-05,510,7.5321456733945524e-06,0.1,-9580301.668338569,8784.0,4556,,
40054020,40055040,78465,8.600005692167579e-05,510,8.497935664308897e-06,0.1,-9525601.80808003,8784.0,4560,,
40089160,40090176,78535,8.590004553734064e-05,510,6.755110757694638e-06,0.1,-9487772.410314232,8784.0,4564,,
40124300,40125312,78605,8.580003415300545e-05,510,7.029463517937984e-06,0.1,-9632113.77537995,8784.0,4568,,
40159440,40160448,78675,8.570002276867031e-05,510,6.477132387772144e-06,0.1,-9744998.589901859,8784.0,4572,,
40194580,40195584,78745,8.560001138433516e-05,510,6.21039569068671e-06,0.1,-9822026.04604954,8784.0,4576,,
40229700,40230720,78815,8.550005692167578e-05,510,7.760805237921886e-06,0.1,-9840385.52361951,8784.0,4580,,
40264840,40265856,78885,8.540004553734062e-05,510,7.103438088051917e-06,0.1,-9635703.96776256,8784.0,4584,,
40299980,40300992,78955,8.530003415300547e-05,510,7.362644987551903e-06,0.1,-9633839.11734191,8784.0,4588,,
40335120,40336128,79025,8.520002276867032e-05,510,8.972164619081013e-06,0.1,-9530730.24458803,8784.0,4592,,
40370260,40371264,79095,8.510001138433516e-05,510,5.77548615865453e-06,0.1,-9188873.48729072,8784.0,4596,,
40405380,40406400,,8.500005692167578e-05,,8.765687221057306e-06,0.1,,,,8784.0,-6048308.419919001
,40406400,79207,,510,,0.1,-9237724.71682349,8784.0,4600,,
40440520,40441536,79277,8.490004553734064e-05,510,1.3069126725895331e-05,0.1,-9414224.802299617,8784.0,4604,,
40475660,40476672,79347,8.480003415300546e-05,510,6.8956525865360165e-06,0.1,-9559640.81190785,8784.0,4608,,
40510800,40511808,79418,8.47000227686703e-05,510,8.4052796864853e-06,0.1,-9849924.78019461,8784.0,4612,,
40545940,40546944,79488,8.460001138433515e-05,510,7.5316931543056855e-06,0.1,-9922025.97447127,8784.0,4616,,
40581060,40582080,79558,8.450005692167577e-05,510,8.14894222003204e-06,0.1,-9906570.12783714,8784.0,4620,,
40616200,40617216,79628,8.440004553734063e-05,510,8.708379664312815e-06,0.1,-10093051.39716307,8784.0,4624,,
40651340,40652352,79698,8.430003415300547e-05,510,7.165161741795601e-06,0.1,-10189614.33246894,8784.0,4628,,
40686480,40687488,79768,8.420002276867032e-05,510,8.641726230962376e-06,0.1,-10240020.613031501,8784.0,4632,,
40721620,40722624,79838,8.410001138433516e-05,510,6.9127323513384905e-06,0.1,-10066879.116755782,8784.0,4636,,
40756740,40757760,79908,8.400005692167578e-05,510,8.836498182063224e-06,0.1,-10040360.199958501,8784.0,4640,,
40791880,40792896,79978,8.390004553734063e-05,510,9.788079933059634e-06,0.1,-10047415.43653252,8784.0,4644,,
40827020,40828032,80048,8.380003415300546e-05,510,7.304722316803236e-06,0.1,-9886553.032148032,8784.0,4648,,
40844580,40845600,,8.375005692167576e-05,,6.8078039930696835e-06,0.1,,,,8784.0,-5923539.404045501
40862160,40863168,80161,8.37000227686703e-05,509,8.106876953206665e-06,0.1,-9751342.382610131,8784.0,4652,,
40897300,40898304,80231,8.360001138433515e-05,509,8.31296706564899e-06,0.1,-9653168.10026079,8784.0,4656,,
40932420,40933440,80301,8.350005692167577e-05,509,7.170562435021566e-06,0.1,-9676716.44932382,8784.0,4660,,
40967560,40968576,80371,8.340004553734062e-05,509,7.2390478408124185e-06,0.1,-9764331.25956004,8784.0,4664,,
41002700,41003712,80441,8.330003415300546e-05,509,8.300595550281286e-06,0.1,-9705869.48961781,8784.0,4668,,
41037840,41038848,80512,8.320002276867032e-05,509,7.484376396860171e-06,0.1,-9789861.52727791,8784.0,4672,,
41072980,41073984,80582,8.310001138433517e-05,509,8.1497787959961e-06,0.1,-9745936.735755948,8784.0,4676,,
41108100,41109120,80652,8.300005692167579e-05,509,7.139904732866853e-06,0.1,-9717458.533852488,8784.0,4680,,
41143240,41144256,80722,8.290004553734063e-05,509,7.028211916804139e-06,0.1,-9811092.30975674,8784.0,4684,,
41178380,41179392,80792,8.280003415300548e-05,509,5.716025350466225e-06,0.1,-9769473.279232739,8784.0,4688,,
41213520,41214528,80862,8.270002276867031e-05,509,6.750108150299639e-06,0.1,-9922102.07182697,8784.0,4692,,
41248660,41249664,80932,8.260001138433515e-05,509,7.569617628178093e-06,0.1,-9972463.149139252,8784.0,4696,,
41283780,41284800,,8.250005692167577e-05,,7.652808312741399e-06,0.1,,,,8784.0,-6122285.866085
,41284800,81045,,509,,0.1,-10057997.31733745,8784.0,4700,,
41318920,41319936,81115,8.240004553734062e-05,509,6.6263422468182395e-06,0.1,-9877894.74015341,8784.0,4704,,
41354060,41355072,81185,8.230003415300546e-05,509,7.416512380586937e-06,0.1,-9775587.60749955,8784.0,4708,,
41389200,41390208,81255,8.220002276867031e-05,509,8.410916711909521e-06,0.1,-9529814.53227176,8784.0,4712,,
41424340,41425344,81326,8.210001138433517e-05,509,7.187931532826042e-06,0.1,-9737001.42618148,8784.0,4716,,
41459460,41460480,81396,8.200005692167579e-05,509,6.514850656458293e-06,0.1,-9464505.90232921,8784.0,4720,,
41494600,41495616,81466,8.190004553734063e-05,509,6.656709524577309e-06,0.1,-9273789.330663001,8784.0,4724,,
41529740,41530752,81536,8.180003415300548e-05,509,6.688725488857017e-06,0.1,-9331297.671814911,8784.0,4728,,
41564880,41565888,81606,8.17000227686703e-05,509,7.055389164634107e-06,0.1,-9278983.23335355,8784.0,4732,,
41600020,41601024,81677,8.160001138433516e-05,509,7.061431097099557e-06,0.1,-9415647.274782311,8784.0,4736,,
41635140,41636160,81747,8.150005692167578e-05,509,6.367653350025649e-06,0.1,-9493757.296379723,8784.0,4740,,
41670280,41671296,81817,8.140004553734062e-05,509,6.820956809860945e-06,0.1,-9421198.59197975,8784.0,4744,,
41705420,41706432,81887,8.130003415300547e-05,509,6.726297465320386e-06,0.1,-9449369.30557107,8784.0,4748,,
41722980,41724000,,8.125005692167577e-05,,6.4315172721762796e-06,0.1,,,,8784.0,-6153801.856793901
41740560,41741568,82000,8.120002276867031e-05,509,6.661943166363926e-06,0.1,-9464169.71867712,8784.0,4752,,
41775700,41776704,82072,8.110001138433516e-05,509,6.446863972087158e-06,0.1,-9458118.08121934,8784.0,4756,,
41810820,41811840,82143,8.100005692167578e-05,509,6.302227529886295e-06,0.1,-9360010.60586536,8784.0,4760,,
41845960,41846976,82214,8.090004553734062e-05,508,7.801004562679736e-06,0.1,-9457704.65797334,8784.0,4764,,
41881100,41882112,82285,8.080003415300548e-05,508,6.39494736560664e-06,0.1,-9400746.60683557,8784.0,4768,,
41916240,41917248,82356,8.07000227686703e-05,508,6.175683017772826e-06,0.1,-9310448.19061116,8784.0,4772,,
41951380,41952384,82428,8.060001138433515e-05,508,6.780330306810356e-06,0.1,-9095968.37740751,8784.0,4776,,
41986500,41987520,82499,8.050005692167577e-05,508,7.2193275400422864e-06,0.1,-9337529.11128936,8784.0,4780,,
42021640,42022656,82570,8.040004553734062e-05,508,8.482226758133037e-06,0.1,-9495294.74373533,8784.0,4784,,
42056780,42057792,82641,8.030003415300547e-05,508,7.739078273516498e-06,0.1,-9790585.154305212,8784.0,4788,,
42091920,42092928,82712,8.020002276867032e-05,508,7.517328049289062e-06,0.1,-9528221.726582991,8784.0,4792,,
42127060,42128064,82783,8.010001138433516e-05,508,7.882344107201789e-06,0.1,-9364916.366503172,8784.0,4796,,
42162180,42163200,,8.000005692167578e-05,,1.3103550236337469e-05,0.1,,,,8784.0,-5965695.1254419
,42163200,82897,,508,,0.1,-9532375.64710903,8784.0,4800,,
42197320,42198336,82968,7.990004553734063e-05,508,8.332761899509933e-06,0.1,-9528801.91979739,8784.0,4804,,
42232460,42233472,83039,7.980003415300547e-05,508,7.651421083210152e-06,0.1,-9594037.96803481,8784.0,4808,,
42267600,42268608,83110,7.970002276867033e-05,508,1.0851970478142902e-05,0.1,-9655847.57333677,8784.0,4812,,
42302740,42303744,83182,7.960001138433515e-05,508,6.295102366493666e-06,0.1,-9410398.915761739,8784.0,4816,,
42337860,42338880,83253,7.950005692167577e-05,508,9.11405597889825e-06,0.1,-9698496.28035857,8784.0,4820,,
42373000,42374016,83324,7.940004553734061e-05,508,7.642137120456027e-06,0.1,-9968434.79002358,8784.0,4824,,
42408140,42409152,83395,7.930003415300546e-05,508,7.432050642819376e-06,0.1,-10062263.719805669,8784.0,4828,,
42443280,42444288,83466,7.920002276867032e-05,508,7.063238149385142e-06,0.1,-10134381.81168372,8784.0,4832,,
42478420,42479424,83537,7.910001138433516e-05,508,6.789335247958661e-06,0.1,-10290822.71303348,8784.0,4836,,
42513540,42514560,83608,7.900005692167578e-05,508,6.997297396083013e-06,0.1,-10180005.85911675,8784.0,4840,,
42548680,42549696,83680,7.890004553734063e-05,508,8.363863025806495e-06,0.1,-10280079.344821848,8784.0,4844,,
42583820,42584832,83751,7.880003415300547e-05,508,6.826854928476678e-06,0.1,-10270798.17756898,8784.0,4848,,
42601380,42602400,,7.875005692167579e-05,,8.366567703887995e-06,0.1,,,,8784.0,-6079364.4844537005
42618960,42619968,83865,7.870002276867032e-05,508,6.574216195076588e-06,0.1,-10414862.366518,8784.0,4852,,
42654100,42655104,83936,7.860001138433515e-05,508,6.177405862217711e-06,0.1,-10509162.246887669,8784.0,4856,,
42689220,42690240,84008,7.850005692167577e-05,508,8.312440445479297e-06,0.1,-10594206.90576325,8784.0,4860,,
42724360,42725376,84079,7.840004553734062e-05,508,7.1908625386640775e-06,0.1,-10324253.52803009,8784.0,4864,,
42759500,42760512,84150,7.830003415300546e-05,508,6.461281975589372e-06,0.1,-10435991.68934061,8784.0,4868,,
42794640,42795648,84222,7.820002276867031e-05,508,6.4793113892847035e-06,0.1,-10388399.811262108,8784.0,4872,,
42829780,42830784,84293,7.810001138433515e-05,508,6.337480340334878e-06,0.1,-10463008.82772914,8784.0,4876,,
42864900,42865920,84364,7.800005692167577e-05,508,7.492716122214915e-06,0.1,-10399063.00394814,8784.0,4880,,
42900040,42901056,84435,7.790004553734063e-05,508,7.445939399985946e-06,0.1,-10220613.81880164,8784.0,4884,,
42935180,42936192,84506,7.780003415300548e-05,508,8.150384132932231e-06,0.1,-9842540.323525669,8784.0,4888,,
42970320,42971328,84578,7.770002276867032e-05,508,6.139651168268756e-06,0.1,-9822674.11531935,8784.0,4892,,
43005460,43006464,84649,7.760001138433517e-05,508,7.759729624012834e-06,0.1,-10059354.62683769,8784.0,4896,,
43040580,43041600,,7.750005692167577e-05,,7.883530770413927e-06,0.1,,,,8784.0,-6165744.1261154
,43041600,84763,,507,,0.1,-10061276.94254918,8784.0,4900,,
43075720,43076736,84834,7.740004553734062e-05,507,9.483524854658753e-06,0.1,-9971754.46076186,8784.0,4904,,
43110860,43111872,84905,7.730003415300546e-05,507,5.894071750844887e-06,0.1,-9797910.01920139,8784.0,4908,,
43146000,43147008,84977,7.720002276867031e-05,507,7.231264362417278e-06,0.1,-9656173.13776336,8784.0,4912,,
43181140,43182144,85048,7.710001138433516e-05,507,1.0088361409543723e-05,0.1,-9791182.80478929,8784.0,4916,,
43216260,43217280,85119,7.700005692167578e-05,507,6.677681767541799e-06,0.1,-9692143.10600011,8784.0,4920,,
43251400,43252416,85191,7.690004553734062e-05,507,7.013155141066818e-06,0.1,-9615500.528732391,8784.0,4924,,
43286540,43287552,85262,7.680003415300548e-05,507,6.929026881152822e-06,0.1,-9557219.71844344,8784.0,4928,,
43321680,43322688,85333,7.670002276867033e-05,507,7.194265049292881e-06,0.1,-9592605.41214097,8784.0,4932,,
43356820,43357824,85405,7.660001138433517e-05,507,9.238619304596795e-06,0.1,-9414248.007736158,8784.0,4936,,
43391940,43392960,85475,7.650005692167576e-05,507,6.643499466463254e-06,0.1,-9482810.63366113,8784.0,4940,,
43427080,43428096,85547,7.640004553734061e-05,507,6.984244532759476e-06,0.1,-9406763.75315118,8784.0,4944,,
43462220,43463232,85618,7.630003415300547e-05,507,6.508706837848876e-06,0.1,-9612427.45866601,8784.0,4948,,
43479780,43480800,,7.625005692167577e-05,,6.759828511349042e-06,0.1,,,,8784.0,-5910878.9225550005
43497360,43498368,85732,7.620002276867031e-05,507,6.297342315519927e-06,0.1,-9307551.92502887,8784.0,4952,,
43532500,43533504,85803,7.610001138433516e-05,507,7.69602629588917e-06,0.1,-9525907.786868028,8784.0,4956,,
43567620,43568640,85875,7.600005692167578e-05,507,8.000272839581157e-06,0.1,-9490771.4016345,8784.0,4960,,
43602760,43603776,85946,7.590004553734062e-05,507,6.952922649361426e-06,0.1,-9579726.89654433,8784.0,4964,,
43637900,43638912,86017,7.580003415300547e-05,507,7.825924171811494e-06,0.1,-9553842.56894544,8784.0,4968,,
43673040,43674048,86087,7.570002276867031e-05,507,9.019060053105932e-06,0.1,-9493141.96170287,8784.0,4972,,
43708180,43709184,86157,7.560001138433517e-05,507,6.92607259225042e-06,0.1,-9525194.27580119,8784.0,4976,,
43743300,43744320,86227,7.550005692167579e-05,507,6.08916327564657e-06,0.1,-9509561.01896296,8784.0,4980,,
43778440,43779456,86298,7.540004553734061e-05,507,7.710907470936946e-06,0.1,-9787037.00005077,8784.0,4984,,
43813580,43814592,86368,7.530003415300546e-05,507,7.271076856341096e-06,0.1,-9965265.746428471,8784.0,4988,,
43848720,43849728,86438,7.52000227686703e-05,507,7.272213997566723e-06,0.1,-10055471.125384262,8784.0,4992,,
43883860,43884864,86508,7.510001138433516e-05,507,9.6504529210506e-06,0.1,-10246034.926108452,8784.0,4996,,
43918980,43920000,,7.500005692167578e-05,,9.283653230340861e-06,0.1,,,,8784.0,-5928138.939609999
,43920000,86621,,507,,0.1,-10399026.31072024,8784.0,5000,,
43954120,43955136,86691,7.490004553734063e-05,507,7.978890243975911e-06,0.1,-10430078.41282348,8784.0,5004,,
43989260,43990272,86762,7.480003415300547e-05,507,7.779124507578672e-06,0.1,-10657352.839978362,8784.0,5008,,
44024400,44025408,86832,7.470002276867032e-05,507,7.434305121023499e-06,0.1,-10679749.59670919,8784.0,5012,,
44059540,44060544,86903,7.460001138433516e-05,507,6.989661210354825e-06,0.1,-10472061.71748704,8784.0,5016,,
44094660,44095680,86973,7.450005692167578e-05,507,7.095587648109358e-06,0.1,-10422586.95912558,8784.0,5020,,
44129800,44130816,87043,7.440004553734061e-05,506,6.301588416590675e-06,0.1,-10304750.79856388,8784.0,5024,,
44164940,44165952,87114,7.430003415300546e-05,506,6.444645237024815e-06,0.1,-10315793.73051266,8784.0,5028,,
44200080,44201088,87184,7.42000227686703e-05,506,7.4370516131239125e-06,0.1,-10263980.58526269,8784.0,5032,,
44235220,44236224,87254,7.410001138433515e-05,506,6.704733755213965e-06,0.1,-10167575.526366077,8784.0,5036,,
44270340,44271360,87325,7.400005692167577e-05,506,5.0655350037231985e-06,0.1,-10180932.778106028,8784.0,5040,,
44305480,44306496,87395,7.390004553734063e-05,506,7.697530577388534e-06,0.1,-10402211.63264922,8784.0,5044,,
44340620,44341632,87466,7.380003415300547e-05,506,6.824637853242166e-06,0.1,-10146304.1191386,8784.0,5048,,
44358180,44359200,,7.375005692167578e-05,,6.177899297199474e-06,0.1,,,,8784.0,-5971412.115291201
44375760,44376768,87578,7.370002276867032e-05,506,6.621743773393974e-06,0.1,-10304627.919958359,8784.0,5052,,
44410900,44411904,87649,7.360001138433517e-05,506,8.222889755415963e-06,0.1,-10073137.927917968,8784.0,5056,,
44446020,44447040,87719,7.350005692167579e-05,506,6.910700699336303e-06,0.1,-10008409.92353092,8784.0,5060,,
44481160,44482176,87789,7.340004553734063e-05,506,7.214681670575374e-06,0.1,-10018191.79319816,8784.0,5064,,
44516300,44517312,87860,7.330003415300546e-05,506,6.618767088184541e-06,0.1,-10007878.13765531,8784.0,5068,,
44551440,44552448,87930,7.320002276867031e-05,506,7.092174064382561e-06,0.1,-10090173.788121559,8784.0,5072,,
44586580,44587584,88000,7.310001138433515e-05,506,7.336490330089873e-06,0.1,-10314462.87245885,8784.0,5076,,
44621700,44622720,88071,7.300005692167577e-05,506,7.096001172612887e-06,0.1,-10171298.69271509,8784.0,5080,,
44656840,44657856,88141,7.290004553734062e-05,506,7.1325358590001995e-06,0.1,-9974382.2446196,8784.0,5084,,
44691980,44692992,88212,7.280003415300546e-05,506,7.526401054747111e-06,0.1,-9884906.38869343,8784.0,5088,,
44727120,44728128,88282,7.270002276867032e-05,506,6.0341340031300206e-06,0.1,-9795324.920440042,8784.0,5092,,
44762260,44763264,88352,7.260001138433517e-05,506,7.24214610272611e-06,0.1,-9588935.65538134,8784.0,5096,,
44797380,44798400,,7.250005692167579e-05,,7.262358985826723e-06,0.1,,,,8784.0,-5994323.365526299
,44798400,88466,,506,,0.1,-9295026.520719692,8784.0,5100,,
44832520,44833536,88536,7.240004553734063e-05,506,7.093222711773705e-06,0.1,-9380596.057169659,8784.0,5104,,
44867660,44868672,88606,7.230003415300545e-05,506,6.848760995126213e-06,0.1,-9182787.972503651,8784.0,5108,,
44902800,44903808,88677,7.220002276867031e-05,506,6.64847599409768e-06,0.1,-9173367.96905799,8784.0,5112,,
44937940,44938944,88747,7.210001138433516e-05,506,5.548434842239658e-06,0.1,-9160486.72643125,8784.0,5116,,
44973060,44974080,88818,7.200005692167578e-05,506,9.480965104557981e-06,0.1,-9093391.50255531,8784.0,5120,,
45008200,45009216,88888,7.190004553734062e-05,506,6.90306362685078e-06,0.1,-9158962.253439458,8784.0,5124,,
45043340,45044352,88958,7.180003415300547e-05,506,7.383813908745651e-06,0.1,-9188700.51954623,8784.0,5128,,
45078480,45079488,89029,7.170002276867031e-05,506,6.17959722148953e-06,0.1,-9351046.896955399,8784.0,5132,,
45113620,45114624,89099,7.160001138433516e-05,506,7.275301391018729e-06,0.1,-9468048.12042155,8784.0,5136,,
45148740,45149760,89170,7.150005692167579e-05,506,6.225747210919508e-06,0.1,-9516627.85017242,8784.0,5140,,
45183880,45184896,89240,7.140004553734064e-05,506,6.281404625951836e-06,0.1,-9313975.20809482,8784.0,5144,,
45219020,45220032,89311,7.130003415300545e-05,506,6.1181046248748315e-06,0.1,-9489458.56698394,8784.0,5148,,
45236580,45237600,,7.125005692167577e-05,,6.070336280572519e-06,0.1,,,,8784.0,-6074180.2837118
45254160,45255168,89424,7.12000227686703e-05,506,7.037675868559745e-06,0.1,-9461049.31767357,8784.0,5152,,
45289300,45290304,89494,7.110001138433515e-05,506,6.526477363877348e-06,0.1,-9495215.971360961,8784.0,5156,,
45324420,45325440,89564,7.100005692167578e-05,506,8.067069688877383e-06,0.1,-9513403.24967886,8784.0,5160,,
45359560,45360576,89635,7.090004553734062e-05,506,6.161089299894229e-06,0.1,-9541184.1685413,8784.0,5164,,
45394700,45395712,89705,7.080003415300547e-05,506,7.593014038320689e-06,0.1,-9570753.17734723,8784.0,5168,,
45429840,45430848,89777,7.070002276867032e-05,506,9.146911384050328e-06,0.1,-9853708.214478308,8784.0,5172,,
45464980,45465984,89848,7.060001138433516e-05,506,5.9431731756376395e-06,0.1,-9682394.89894565,8784.0,5176,,
45500100,45501120,89922,7.050005692167578e-05,506,7.663799885904155e-06,0.1,-9683035.146400498,8784.0,5180,,
45535240,45536256,89993,7.040004553734063e-05,505,6.47633753487753e-06,0.1,-9638483.34472544,8784.0,5184,,
45570380,45571392,90063,7.030003415300548e-05,505,7.5295772830941136e-06,0.1,-9802929.558230223,8784.0,5188,,
45605520,45606528,90134,7.02000227686703e-05,505,7.361981238318549e-06,0.1,-9751722.820395421,8784.0,5192,,
45640660,45641664,90205,7.010001138433515e-05,505,6.515166728604527e-06,0.1,-9507766.29552816,8784.0,5196,,
45675780,45676800,,7.000005692167577e-05,,7.2619952334207484e-06,0.1,,,,8784.0,-5902420.6370792
,45676800,90318,,505,,0.1,-9320370.39021681,8784.0,5200,,
45710920,45711936,90389,6.990004553734061e-05,505,7.464233704013168e-06,0.1,-9401349.63330536,8784.0,5204,,
45746060,45747072,90460,6.980003415300547e-05,505,9.155503789770592e-06,0.1,-9648794.322355092,8784.0,5208,,
45781200,45782208,90531,6.970002276867032e-05,505,6.073889369417884e-06,0.1,-9747266.868744912,8784.0,5212,,
45816340,45817344,90602,6.960001138433516e-05,505,5.457827273858129e-06,0.1,-9847331.76180098,8784.0,5216,,
45851460,45852480,90672,6.950005692167578e-05,505,7.1134411882667335e-06,0.1,-10072730.15959639,8784.0,5220,,
45886600,45887616,90743,6.940004553734063e-05,505,6.10873776167864e-06,0.1,-10033281.09548627,8784.0,5224,,
45921740,45922752,90814,6.930003415300547e-05,505,6.394179308699677e-06,0.1,-9989303.294350408,8784.0,5228,,
45956880,45957888,90884,6.92000227686703e-05,505,6.704090924358752e-06,0.1,-9844722.44517729,8784.0,5232,,
45992020,45993024,90955,6.910001138433515e-05,505,7.566080489596061e-06,0.1,-9828511.64648184,8784.0,5236,,
46027140,46028160,91026,6.900005692167577e-05,505,7.028619643278944e-06,0.1,-9738997.67459546,8784.0,5240,,
46062280,46063296,91096,6.890004553734062e-05,505,5.858851795892406e-06,0.1,-9747386.298891151,8784.0,5244,,
46097420,46098432,91167,6.880003415300546e-05,505,9.11976792394853e-06,0.1,-9491202.127088811,8784.0,5248,,
46114980,46116000,,6.875005692167578e-05,,7.644139896001433e-06,0.1,,,,8784.0,-5943933.4115941
46132560,46133568,91281,6.870002276867031e-05,505,7.132094697226421e-06,0.1,-9673258.31884663,8784.0,5252,,
46167700,46168704,91352,6.860001138433517e-05,505,6.470769926636422e-06,0.1,-9556311.27316579,8784.0,5256,,
46202820,46203840,91422,6.850005692167579e-05,505,8.531872640560324e-06,0.1,-9790956.042292679,8784.0,5260,,
46237960,46238976,91493,6.840004553734063e-05,505,1.0748580689323716e-05,0.1,-9796387.742763279,8784.0,5264,,
46273100,46274112,91564,6.830003415300548e-05,505,7.603707013004169e-06,0.1,-9943419.131906021,8784.0,5268,,
46308240,46309248,91635,6.820002276867031e-05,505,7.191831377895141e-06,0.1,-9666584.52188445,8784.0,5272,,
46343380,46344384,91706,6.810001138433515e-05,505,8.162993890437064e-06,0.1,-9849532.7376993,8784.0,5276,,
46378500,46379520,91776,6.800005692167577e-05,505,6.0538755747074905e-06,0.1,-9921633.45898024,8784.0,5280,,
46413640,46414656,91847,6.790004553734062e-05,505,6.979833960940595e-06,0.1,-9851064.63198622,8784.0,5284,,
46448780,46449792,91918,6.780003415300546e-05,505,6.007431898069626e-06,0.1,-9794807.137483919,8784.0,5288,,
46483920,46484928,91989,6.770002276867031e-05,505,6.3797186612646325e-06,0.1,-9938017.5670582,8784.0,5292,,
46519060,46520064,92059,6.760001138433516e-05,505,5.956097788839543e-06,0.1,-10028669.01316231,8784.0,5296,,
46554180,46555200,,6.750005692167577e-05,,6.1260333382051614e-06,0.1,,,,8784.0,-6070616.949226001
,46555200,92173,,505,,0.1,-10067404.61906524,8784.0,5300,,
46589320,46590336,92244,6.740004553734063e-05,505,6.715048175465199e-06,0.1,-10010358.34541658,8784.0,5304,,
46624460,46625472,92315,6.730003415300548e-05,505,6.722535260905715e-06,0.1,-10001457.851423291,8784.0,5308,,
46659600,46660608,92385,6.720002276867032e-05,505,6.771246205516945e-06,0.1,-10127082.41438883,8784.0,5312,,
46694740,46695744,92456,6.710001138433514e-05,505,6.492961813364673e-06,0.1,-10021963.87787881,8784.0,5316,,
46729860,46730880,92527,6.700005692167576e-05,505,7.286998993549787e-06,0.1,-9892882.09002775,8784.0,5320,,
46765000,46766016,92597,6.690004553734062e-05,505,6.499657160929928e-06,0.1,-9878330.668208648,8784.0,5324,,
46800140,46801152,92668,6.680003415300547e-05,505,7.094350439729169e-06,0.1,-10054768.70703636,8784.0,5328,,
46835280,46836288,92739,6.670002276867031e-05,505,6.9862242071394576e-06,0.1,-10333456.165395752,8784.0,5332,,
46870420,46871424,92810,6.660001138433516e-05,505,5.9894656942560685e-06,0.1,-10260242.09164057,8784.0,5336,,
46905540,46906560,92880,6.650005692167578e-05,505,6.598949471481319e-06,0.1,-10373601.79033871,8784.0,5340,,
46940680,46941696,92951,6.640004553734062e-05,505,7.99344593360729e-06,0.1,-10499639.425915388,8784.0,5344,,
46975820,46976832,93022,6.630003415300547e-05,505,6.814862717874348e-06,0.1,-10554761.111732371,8784.0,5348,,
46993380,46994400,,6.625005692167579e-05,,9.25604656458745e-06,0.1,,,,8784.0,-5959224.3478239
47010960,47011968,93135,6.620002276867033e-05,504,6.378736247825145e-06,0.1,-10406818.240452252,8784.0,5352,,
47046100,47047104,93206,6.610001138433515e-05,504,6.2409077031588826e-06,0.1,-10406234.31282448,8784.0,5356,,
47081220,47082240,93277,6.600005692167577e-05,504,6.479773946921341e-06,0.1,-10139084.044864308,8784.0,5360,,
47116360,47117376,93348,6.590004553734061e-05,504,6.118253566000931e-06,0.1,-10079411.821896749,8784.0,5364,,
47151500,47152512,93418,6.580003415300546e-05,504,6.450559840232017e-06,0.1,-9921423.05158975,8784.0,5368,,
47186640,47187648,93489,6.570002276867032e-05,504,6.630445363953186e-06,0.1,-9836745.80894201,8784.0,5372,,
47221780,47222784,93560,6.560001138433516e-05,504,6.6508949203125665e-06,0.1,-9549489.36781626,8784.0,5376,,
47256900,47257920,93631,6.550005692167578e-05,504,6.8184615088284776e-06,0.1,-9328326.51099517,8784.0,5380,,
47292040,47293056,93702,6.540004553734063e-05,504,5.887595284548297e-06,0.1,-9567064.050159,8784.0,5384,,
47327180,47328192,94854,6.530003415300547e-05,498,6.823049670856563e-06,0.1,-9661692.781309381,8784.0,5388,,
47362320,47363328,94926,6.520002276867032e-05,498,6.340227059808967e-06,0.1,-9690664.94836157,8784.0,5392,,
47397460,47398464,94998,6.510001138433516e-05,498,5.5048811191227285e-06,0.1,-9597657.22910052,8784.0,5396,,
47432580,47433600,,6.500005692167577e-05,,5.453456424220349e-06,0.1,,,,8784.0,-5927855.193128499
,47433600,95112,,498,,0.1,-9784894.96864932,8784.0,5400,,
47467720,47468736,95184,6.490004553734061e-05,498,6.766307387806592e-06,0.1,-9827846.95588113,8784.0,5404,,
47502860,47503872,95255,6.480003415300546e-05,498,6.394444312718406e-06,0.1,-9834038.891998118,8784.0,5408,,
47538000,47539008,95326,6.47000227686703e-05,498,6.195761625349405e-06,0.1,-9548493.85639227,8784.0,5412,,
47573140,47574144,95398,6.460001138433516e-05,498,6.771306743758032e-06,0.1,-9612837.972941559,8784.0,5416,,
47608260,47609280,95469,6.450005692167578e-05,498,6.228843426470121e-06,0.1,-9361438.456025159,8784.0,5420,,
47643400,47644416,95541,6.440004553734063e-05,498,6.5057548908953325e-06,0.1,-9508694.621836709,8784.0,5424,,
47678540,47679552,95612,6.430003415300547e-05,498,6.362524504766043e-06,0.1,-9207068.87995839,8784.0,5428,,
47713680,47714688,95684,6.420002276867032e-05,498,6.13526185588853e-06,0.1,-9094163.822894359,8784.0,5432,,
47748820,47749824,95755,6.410001138433517e-05,498,5.56600055006129e-06,0.1,-9036753.228183411,8784.0,5436,,
47783940,47784960,95827,6.400005692167577e-05,498,9.253461462321865e-06,0.1,-8902220.60669796,8784.0,5440,,
47819080,47820096,95898,6.390004553734062e-05,498,5.606839033589495e-06,0.1,-8717917.53943632,8784.0,5444,,
47854220,47855232,95970,6.380003415300546e-05,498,6.818729968927073e-06,0.1,-8920499.2476614,8784.0,5448,,
47871780,47872800,,6.375005692167577e-05,,5.227980477684469e-06,0.1,,,,8784.0,-6014440.0200291
47889360,47890368,96084,6.370002276867031e-05,498,5.9028808777839e-06,0.1,-9107687.79104235,8784.0,5452,,
47924500,47925504,96156,6.360001138433515e-05,498,6.685164953523781e-06,0.1,-9147925.360804249,8784.0,5456,,
47959620,47960640,96227,6.350005692167577e-05,498,7.561897814412078e-06,0.1,-9188243.572506238,8784.0,5460,,
47994760,47995776,96299,6.340004553734062e-05,498,6.490007785941998e-06,0.1,-9237790.149356728,8784.0,5464,,
48029900,48030912,96370,6.330003415300548e-05,498,7.585404023302544e-06,0.1,-9160068.545808539,8784.0,5468,,
48065040,48066048,96442,6.320002276867032e-05,498,5.403805892001401e-06,0.1,-9305359.78711517,8784.0,5472,,
48100180,48101184,96513,6.310001138433517e-05,498,6.551622300321469e-06,0.1,-9521181.661765449,8784.0,5476,,
48135300,48136320,96585,6.300005692167579e-05,498,5.705532873889751e-06,0.1,-9910505.174127068,8784.0,5480,,
48170440,48171456,96657,6.290004553734062e-05,498,6.6517696495793645e-06,0.1,-9884339.162683677,8784.0,5484,,
48205580,48206592,96729,6.280003415300546e-05,498,5.697302185581066e-06,0.1,-9792143.15544659,8784.0,5488,,
48240720,48241728,96800,6.270002276867031e-05,498,6.552993397690443e-06,0.1,-9613062.71730622,8784.0,5492,,
48275860,48276864,96872,6.260001138433516e-05,498,5.944544886915537e-06,0.1,-9675275.43667463,8784.0,5496,,
48310980,48312000,,6.250005692167578e-05,,6.1145034806031616e-06,0.1,,,,8784.0,-5993100.357826
,48312000,96986,,498,,0.1,-9548636.37257332,8784.0,5500,,
48346120,48347136,97058,6.240004553734062e-05,498,6.701877521209099e-06,0.1,-9398906.454859922,8784.0,5504,,
48381260,48382272,97130,6.230003415300547e-05,498,6.035273781890283e-06,0.1,-9331925.06952818,8784.0,5508,,
48416400,48417408,97201,6.220002276867031e-05,498,6.031099815118068e-06,0.1,-9537764.83275023,8784.0,5512,,
48451540,48452544,97273,6.210001138433517e-05,498,5.994236198603176e-06,0.1,-9535585.84638359,8784.0,5516,,
48486660,48487680,97344,6.200005692167579e-05,498,6.277841998780787e-06,0.1,-10000269.22251564,8784.0,5520,,
48521800,48522816,97416,6.190004553734061e-05,498,6.150501837964839e-06,0.1,-9858122.339136638,8784.0,5524,,
48556940,48557952,97487,6.180003415300545e-05,498,6.932535814030416e-06,0.1,-9910374.55866172,8784.0,5528,,
48592080,48593088,97559,6.170002276867031e-05,498,1.8142768431061997e-05,0.1,-9845519.66185217,8784.0,5532,,
48627220,48628224,97630,6.160001138433516e-05,498,6.089919236274e-06,0.1,-9833806.03397673,8784.0,5536,,
48662340,48663360,97700,6.150005692167578e-05,498,6.204799683473539e-06,0.1,-9922520.55705715,8784.0,5540,,
48697480,48698496,97771,6.140004553734062e-05,498,7.558193328804919e-06,0.1,-10006065.99302718,8784.0,5544,,
48732620,48733632,97842,6.130003415300547e-05,498,6.364340708842064e-06,0.1,-10112849.31777867,8784.0,5548,,
48750180,48751200,,6.125005692167579e-05,,6.795076296839398e-06,0.1,,,,8784.0,-6128138.3619647
48767760,48768768,97955,6.120002276867031e-05,497,5.738195318372163e-06,0.1,-9896038.4497456,8784.0,5552,,
48802900,48803904,98026,6.110001138433516e-05,497,6.58502108308312e-06,0.1,-9860205.747786298,8784.0,5556,,
48838020,48839040,98096,6.1000056921675786e-05,497,8.494644293932652e-06,0.1,-9821520.66342788,8784.0,5560,,
48873160,48874176,98167,6.090004553734063e-05,497,6.330534631615592e-06,0.1,-9835258.44090432,8784.0,5564,,
48908300,48909312,98238,6.080003415300546e-05,497,5.996959225740284e-06,0.1,-9903151.678401869,8784.0,5568,,
48943440,48944448,98309,6.070002276867031e-05,497,5.077316359347606e-06,0.1,-9905388.269918311,8784.0,5572,,
48978580,48979584,98379,6.0600011384335155e-05,497,6.0003727071489266e-06,0.1,-9704163.453934679,8784.0,5576,,
49013700,49014720,98450,6.0500056921675774e-05,497,5.3529877618530005e-06,0.1,-9343797.38977854,8784.0,5580,,
49048840,49049856,98521,6.040004553734062e-05,497,4.8227775778286745e-06,0.1,-9244778.513805907,8784.0,5584,,
49083980,49084992,98591,6.030003415300547e-05,497,6.490412010862201e-06,0.1,-9370731.28419723,8784.0,5588,,
49119120,49120128,98662,6.020002276867032e-05,497,5.20936234806868e-06,0.1,-9587477.9179987,8784.0,5592,,
49154260,49155264,98739,6.010001138433516e-05,497,6.044789722636779e-06,0.1,-9765530.427596001,8784.0,5596,,
49189380,49190400,,6.000005692167578e-05,,6.846870894605672e-06,0.1,,,,8784.0,-6041371.7396171
,49190400,98852,,497,,0.1,-9768497.81838547,8784.0,5600,,
49224520,49225536,98922,5.9900045537340635e-05,497,5.551495428335329e-06,0.1,-9905838.054394329,8784.0,5604,,
49259660,49260672,98993,5.980003415300546e-05,497,5.6925989497358385e-06,0.1,-9808894.540880539,8784.0,5608,,
49294800,49295808,99063,5.9700022768670305e-05,497,5.775536055807606e-06,0.1,-9876899.99897266,8784.0,5612,,
49329940,49330944,99134,5.960001138433515e-05,497,5.4252573704616225e-06,0.1,-10144808.74906721,8784.0,5616,,
49365060,49366080,99204,5.950005692167577e-05,497,7.4523128205328245e-06,0.1,-10143301.49035753,8784.0,5620,,
49400200,49401216,99274,5.940004553734062e-05,497,5.5864458772703076e-06,0.1,-10101976.745806182,8784.0,5624,,
49435340,49436352,99345,5.930003415300547e-05,497,6.614370568058802e-06,0.1,-10230358.304743912,8784.0,5628,,
49470480,49471488,99415,5.920002276867031e-05,497,6.193443505253527e-06,0.1,-10339831.462691832,8784.0,5632,,
49505620,49506624,99486,5.9100011384335166e-05,497,6.6093755549445635e-06,0.1,-10382051.6101196,8784.0,5636,,
49540740,49541760,99556,5.9000056921675785e-05,497,6.371901213242381e-06,0.1,-10292848.016994491,8784.0,5640,,
49575880,49576896,99627,5.890004553734063e-05,497,5.215838802996586e-06,0.1,-10220603.398390189,8784.0,5644,,
49611020,49612032,99697,5.8800034153005456e-05,497,5.795561082777567e-06,0.1,-9904348.32624622,8784.0,5648,,
49628580,49629600,,5.8750056921675765e-05,,5.97045790300399e-06,0.1,,,,8784.0,-6028584.091599101
49646160,49647168,99810,5.87000227686703e-05,497,6.121004639680905e-06,0.1,-9844442.911385888,8784.0,5652,,
49681300,49682304,99881,5.8600011384335153e-05,497,6.3149713923849046e-06,0.1,-10073385.154248342,8784.0,5656,,
49716420,49717440,99951,5.850005692167577e-05,497,5.506773891283956e-06,0.1,-10222332.336205682,8784.0,5660,,
49751560,49752576,100022,5.840004553734062e-05,497,5.78876533836592e-06,0.1,-10222599.481518548,8784.0,5664,,
49786700,49787712,100093,5.8300034153005464e-05,497,6.336734736578365e-06,0.1,-10394046.935978351,8784.0,5668,,
49821840,49822848,100163,5.8200022768670316e-05,497,5.394412903569901e-06,0.1,-10427656.473287601,8784.0,5672,,
49856980,49857984,100234,5.810001138433516e-05,497,5.732771569455508e-06,0.1,-10451130.63575905,8784.0,5676,,
49892100,49893120,100304,5.800005692167578e-05,497,5.471443932947295e-06,0.1,-10488600.971647581,8784.0,5680,,
49927240,49928256,100375,5.790004553734063e-05,497,5.447744570119539e-06,0.1,-10487629.43550192,8784.0,5684,,
49962380,49963392,100445,5.780003415300548e-05,497,5.679394837443396e-06,0.1,-10239994.60252712,8784.0,5688,,
49997520,49998528,100516,5.7700022768670304e-05,497,5.543345582736947e-06,0.1,-10021012.206395509,8784.0,5692,,
50032660,50033664,100586,5.760001138433515e-05,497,5.50280706193007e-06,0.1,-9898164.256849848,8784.0,5696,,
50067780,50068800,,5.750005692167577e-05,,6.146561167952313e-06,0.1,,,,8784.0,-5955095.5460642
,50068800,100700,,497,,0.1,-10087368.891369259,8784.0,5700,,
50102920,50103936,100770,5.740004553734062e-05,497,6.338930586480274e-06,0.1,-9946659.587572379,8784.0,5704,,
50138060,50139072,100840,5.730003415300547e-05,497,6.049936837371206e-06,0.1,-10095165.766366718,8784.0,5708,,
50173200,50174208,100911,5.720002276867031e-05,497,5.879541072317807e-06,0.1,-9939507.741023632,8784.0,5712,,
50208340,50209344,100981,5.7100011384335164e-05,497,6.5774752897596045e-06,0.1,-9819992.085947921,8784.0,5716,,
50243460,50244480,101052,5.7000056921675784e-05,497,7.672078118048375e-06,0.1,-9817205.3815471,8784.0,5720,,
50278600,50279616,101123,5.690004553734063e-05,497,6.200189864102867e-06,0.1,-9904214.530539282,8784.0,5724,,
50313740,50314752,101193,5.6800034153005475e-05,497,6.498356128759042e-06,0.1,-9861757.269873999,8784.0,5728,,
50348880,50349888,101264,5.67000227686703e-05,497,6.11686900811037e-06,0.1,-9633295.1312338,8784.0,5732,,
50384020,50385024,101334,5.660001138433515e-05,497,4.847209879699221e-06,0.1,-9654844.11781135,8784.0,5736,,
50419140,50420160,101405,5.650005692167577e-05,497,6.4051820231725285e-06,0.1,-9962746.574686049,8784.0,5740,,
50454280,50455296,101475,5.640004553734062e-05,497,5.827087238685635e-06,0.1,-10172232.433205491,8784.0,5744,,
50489420,50490432,101547,5.630003415300546e-05,497,5.345787667465629e-06,0.1,-10326274.646094192,8784.0,5748,,
50506980,50508000,,5.625005692167577e-05,,6.342360234157241e-06,0.1,,,,8784.0,-6012792.7545627
50524560,50525568,101661,5.6200022768670315e-05,496,7.608951500515105e-06,0.1,-10454810.49817106,8784.0,5752,,
50559700,50560704,101732,5.610001138433516e-05,496,7.285568517545471e-06,0.1,-10120764.335250802,8784.0,5756,,
50594820,50595840,101804,5.600005692167578e-05,496,5.812637209601235e-06,0.1,-9929973.329113793,8784.0,5760,,
50629960,50630976,101875,5.5900045537340625e-05,496,7.1581462862013724e-06,0.1,-9956569.119454961,8784.0,5764,,
50665100,50666112,101947,5.580003415300548e-05,496,5.573916689627368e-06,0.1,-9838358.620204391,8784.0,5768,,
50700240,50701248,102018,5.57000227686703e-05,496,5.560084287026257e-06,0.1,-9848091.58048556,8784.0,5772,,
50735380,50736384,102089,5.560001138433515e-05,496,6.516495182040671e-06,0.1,-9764392.847592652,8784.0,5776,,
50770500,50771520,102160,5.550005692167577e-05,496,6.314054667200253e-06,0.1,-9884150.63039665,8784.0,5780,,
50805640,50806656,102232,5.540004553734062e-05,496,7.0431305630336284e-06,0.1,-10092661.80122764,8784.0,5784,,
50840780,50841792,102303,5.5300034153005466e-05,496,5.609764286873542e-06,0.1,-10180799.984553719,8784.0,5788,,
50875920,50876928,102374,5.520002276867031e-05,496,6.164348428683298e-06,0.1,-10330741.079738019,8784.0,5792,,
50911060,50912064,102445,5.5100011384335156e-05,496,5.889284227578173e-06,0.1,-10294304.88393,8784.0,5796,,
50946180,50947200,,5.500005692167578e-05,,5.977557202641038e-06,0.1,,,,8784.0,-5905126.247602499
,50947200,102559,,496,,0.1,-9994129.84009341,8784.0,5800,,
50981320,50982336,102637,5.490004553734063e-05,496,6.1889562857686545e-06,0.1,-10160076.17141009,8784.0,5804,,
51016460,51017472,102709,5.4800034153005474e-05,496,6.193426133904722e-06,0.1,-10113206.75787524,8784.0,5808,,
51051600,51052608,102780,5.4700022768670326e-05,496,5.620710078346747e-06,0.1,-9960964.61249451,8784.0,5812,,
51086740,51087744,102851,5.460001138433515e-05,496,6.665958721896459e-06,0.1,-9912284.503948608,8784.0,5816,,
51121860,51122880,102922,5.450005692167577e-05,496,6.277823990785691e-06,0.1,-9685441.83256884,8784.0,5820,,
51157000,51158016,102993,5.4400045537340616e-05,496,5.411833922153164e-06,0.1,-9721758.95093065,8784.0,5824,,
51192140,51193152,103064,5.430003415300546e-05,496,6.611625440200441e-06,0.1,-9846344.13085102,8784.0,5828,,
51227280,51228288,103135,5.4200022768670314e-05,496,6.100755967963778e-06,0.1,-9849267.359804459,8784.0,5832,,
51262420,51263424,103207,5.410001138433516e-05,496,5.6934176996037426e-06,0.1,-9743908.247908551,8784.0,5836,,
51297540,51298560,103278,5.400005692167578e-05,496,5.771030600953964e-06,0.1,-9683846.325070523,8784.0,5840,,
51332680,51333696,103349,5.3900045537340624e-05,496,6.86850412421336e-06,0.1,-9501425.42992952,8784.0,5844,,
51367820,51368832,103420,5.3800034153005477e-05,496,5.74705505869133e-06,0.1,-9560544.06285494,8784.0,5848,,
51385380,51386400,,5.3750056921675786e-05,,6.785045934520895e-06,0.1,,,,8784.0,-5970592.9824587
51402960,51403968,103535,5.370002276867032e-05,496,4.672618797485484e-06,0.1,-9456536.744375579,8784.0,5852,,
51438100,51439104,103606,5.360001138433515e-05,496,6.723350088577717e-06,0.1,-9962277.31579608,8784.0,5856,,
51473220,51474240,103677,5.350005692167577e-05,496,5.282891640945308e-06,0.1,-10192835.85218145,8784.0,5860,,
51508360,51509376,103749,5.340004553734061e-05,496,5.998399967666046e-06,0.1,-10269263.52119079,8784.0,5864,,
51543500,51544512,103820,5.3300034153005464e-05,496,5.497531321907445e-06,0.1,-10294967.32275409,8784.0,5868,,
51578640,51579648,103891,5.320002276867031e-05,496,7.145442202727281e-06,0.1,-10316823.45466616,8784.0,5872,,
51613780,51614784,103963,5.3100011384335155e-05,496,5.46061878594628e-06,0.1,-10501785.7387242,8784.0,5876,,
51648900,51649920,104034,5.3000056921675775e-05,496,6.405419389921007e-06,0.1,-10477089.33509317,8784.0,5880,,
51684040,51685056,104105,5.290004553734063e-05,496,6.503918484668247e-06,0.1,-10402656.54777869,8784.0,5884,,
51719180,51720192,104177,5.280003415300547e-05,496,8.166754673766263e-06,0.1,-10292948.519419748,8784.0,5888,,
51754320,51755328,104248,5.270002276867032e-05,496,6.692946180919535e-06,0.1,-10273829.4216621,8784.0,5892,,
51789460,51790464,104319,5.260001138433517e-05,496,7.564363477285951e-06,0.1,-10474962.01371777,8784.0,5896,,
51824580,51825600,,5.250005692167577e-05,,5.947682734586124e-06,0.1,,,,8784.0,-6032624.046727501
,51825600,104434,,496,,0.1,-10503844.49761318,8784.0,5900,,
51859720,51860736,104505,5.2400045537340615e-05,496,5.974410544240527e-06,0.1,-10386367.48742832,8784.0,5904,,
51894860,51895872,104576,5.230003415300546e-05,496,5.749642457431037e-06,0.1,-10376838.4512034,8784.0,5908,,
51930000,51931008,104648,5.2200022768670306e-05,496,5.22897076962181e-06,0.1,-10438817.41178879,8784.0,5912,,
51965140,51966144,104720,5.210001138433516e-05,496,5.5954719300643775e-06,0.1,-10502316.61053663,8784.0,5916,,
52000260,52001280,104791,5.200005692167578e-05,496,7.987647927620856e-06,0.1,-10731427.410317939,8784.0,5920,,
52035400,52036416,104862,5.190004553734062e-05,496,6.780316812182718e-06,0.1,-10599806.24171144,8784.0,5924,,
52070540,52071552,104933,5.1800034153005475e-05,496,7.057095422169368e-06,0.1,-10485594.587990401,8784.0,5928,,
52105680,52106688,105005,5.170002276867032e-05,496,8.001901233001262e-06,0.1,-10546119.13117584,8784.0,5932,,
52140820,52141824,105076,5.1600011384335166e-05,496,5.711477808745258e-06,0.1,-10454875.21841566,8784.0,5936,,
52175940,52176960,105147,5.1500056921675765e-05,496,5.6861338634917045e-06,0.1,-10139909.04798336,8784.0,5940,,
52211080,52212096,105219,5.140004553734061e-05,496,5.467388325541833e-06,0.1,-10341202.88629504,8784.0,5944,,
52246220,52247232,105290,5.130003415300546e-05,496,7.044950439194508e-06,0.1,-10052212.758079989,8784.0,5948,,
52263780,52264800,,5.125005692167577e-05,,5.96219456383551e-06,0.1,,,,8784.0,-6024270.176527
52281360,52282368,105405,5.120002276867031e-05,496,5.925666130224272e-06,0.1,-9990872.856561089,8784.0,5952,,
52316500,52317504,105476,5.1100011384335154e-05,496,5.832849876696855e-06,0.1,-9624556.03316496,8784.0,5956,,
52351620,52352640,105548,5.1000056921675774e-05,496,6.236847536911228e-06,0.1,-9661519.67818057,8784.0,5960,,
52386760,52387776,105619,5.0900045537340626e-05,496,5.310682558956614e-06,0.1,-9628141.42645432,8784.0,5964,,
52421900,52422912,105690,5.080003415300547e-05,496,7.211119680050615e-06,0.1,-9565762.003084531,8784.0,5968,,
52457040,52458048,105762,5.070002276867032e-05,495,5.783868732578412e-06,0.1,-9457521.99702575,8784.0,5972,,
52492180,52493184,105833,5.060001138433517e-05,495,3.994608346147288e-06,0.1,-9334530.002058249,8784.0,5976,,
52527300,52528320,105904,5.050005692167579e-05,495,5.533483135877759e-06,0.1,-9409427.14907155,8784.0,5980,,
52562440,52563456,105976,5.0400045537340614e-05,495,5.166374103282579e-06,0.1,-9241638.45711175,8784.0,5984,,
52597580,52598592,106047,5.030003415300546e-05,495,5.450360106351582e-06,0.1,-9260928.56030308,8784.0,5988,,
52632720,52633728,106118,5.0200022768670305e-05,495,5.039000700435281e-06,0.1,-9282007.236272592,8784.0,5992,,
52667860,52668864,106190,5.010001138433516e-05,495,5.4290989851324415e-06,0.1,-9145839.564801639,8784.0,5996,,
52702980,52704000,,5.0000056921675776e-05,,5.6700403774812004e-06,0.1,,,,8784.0,-5924755.765366199
,52704000,106304,,495,,0.1,-9436118.62173715,8784.0,6000,,
52738120,52739136,106376,4.990004553734062e-05,495,5.493247056165274e-06,0.1,-9435290.37557887,8784.0,6004,,
52773260,52774272,106447,4.980003415300547e-05,495,5.292429636938323e-06,0.1,-9360482.59835018,8784.0,6008,,
52808400,52809408,106519,4.970002276867032e-05,495,6.443129939270875e-06,0.1,-9723476.44532711,8784.0,6012,,
52843540,52844544,106595,4.9600011384335165e-05,495,7.332842301366327e-06,0.1,-9549189.8145336,8784.0,6016,,
52878660,52879680,106666,4.9500056921675785e-05,495,6.708074920425133e-06,0.1,-9259126.38877717,8784.0,6020,,
52913800,52914816,106736,4.940004553734061e-05,495,4.937401979532297e-06,0.1,-9306752.87307819,8784.0,6024,,
52948940,52949952,106807,4.930003415300546e-05,495,5.334052559646807e-06,0.1,-9151466.977281759,8784.0,6028,,
52984080,52985088,106877,4.920002276867031e-05,495,4.697253496033227e-06,0.1,-9323653.51466649,8784.0,6032,,
53019220,53020224,106948,4.910001138433515e-05,495,5.019250193072367e-06,0.1,-9423156.836256221,8784.0,6036,,
53054340,53055360,107018,4.900005692167577e-05,495,1.1375542408131878e-05,0.1,-9595185.75501943,8784.0,6040,,
53089480,53090496,107089,4.8900045537340625e-05,495,6.772114591058198e-06,0.1,-9322587.269927299,8784.0,6044,,
53124620,53125632,107159,4.880003415300547e-05,495,6.058383360141306e-06,0.1,-9539889.9740508,8784.0,6048,,
53142180,53143200,,4.875005692167578e-05,,5.546736053929635e-06,0.1,,,,8784.0,-6102192.2267732
53159760,53160768,107273,4.8700022768670316e-05,495,4.55540463235593e-06,0.1,-9558107.745491559,8784.0,6052,,
53194900,53195904,107343,4.860001138433517e-05,495,5.539307426261075e-06,0.1,-9581423.59741736,8784.0,6056,,
53230020,53231040,107414,4.850005692167579e-05,495,6.394803358489299e-06,0.1,-9725169.464277958,8784.0,6060,,
53265160,53266176,107485,4.840004553734063e-05,495,6.0474386600617436e-06,0.1,-9584051.100460399,8784.0,6064,,
53300300,53301312,107555,4.830003415300546e-05,495,5.063088769929891e-06,0.1,-9708983.88589605,8784.0,6068,,
53335440,53336448,107626,4.8200022768670303e-05,495,5.190821264022816e-06,0.1,-9630764.66536603,8784.0,6072,,
53370580,53371584,107696,4.8100011384335156e-05,495,6.561587724718265e-06,0.1,-9804100.27429476,8784.0,6076,,
53405700,53406720,107767,4.8000056921675775e-05,495,5.226668304203486e-06,0.1,-9916625.44257286,8784.0,6080,,
53440840,53441856,107837,4.790004553734062e-05,495,5.67520932008847e-06,0.1,-10049561.43261882,8784.0,6084,,
53475980,53476992,107908,4.7800034153005466e-05,495,5.541234327210987e-06,0.1,-10280824.32189022,8784.0,6088,,
53511120,53512128,107979,4.770002276867032e-05,495,5.8586554018802415e-06,0.1,-10538925.570088362,8784.0,6092,,
53546260,53547264,108049,4.7600011384335164e-05,495,5.575034754201624e-06,0.1,-10548664.996691922,8784.0,6096,,
53581380,53582400,,4.7500056921675783e-05,,6.543299150507664e-06,0.1,,,,8784.0,-5979680.8654628005
,53582400,108162,,495,,0.1,-10390749.28895996,8784.0,6100,,
53616520,53617536,108233,4.740004553734063e-05,495,5.554105496230477e-06,0.1,-10627883.53078796,8784.0,6104,,
53651660,53652672,108303,4.7300034153005454e-05,495,6.336732576528448e-06,0.1,-10708812.58961379,8784.0,6108,,
53686800,53687808,108374,4.7200022768670306e-05,495,5.7770857210925895e-06,0.1,-10795534.45685867,8784.0,6112,,
53721940,53722944,108444,4.710001138433515e-05,495,7.142237177504285e-06,0.1,-11033454.47809776,8784.0,6116,,
53757060,53758080,108515,4.700005692167577e-05,495,5.932234421379689e-06,0.1,-11215931.64478702,8784.0,6120,,
53792200,53793216,108586,4.690004553734062e-05,495,6.415725079023105e-06,0.1,-11263596.93747351,8784.0,6124,,
53827340,53828352,108656,4.680003415300547e-05,495,7.562987343590067e-06,0.1,-11348184.67501494,8784.0,6128,,
53862480,53863488,108727,4.6700022768670314e-05,495,5.917957605561242e-06,0.1,-11101342.53223099,8784.0,6132,,
53897620,53898624,108797,4.660001138433516e-05,495,6.426378308788116e-06,0.1,-10998373.024951601,8784.0,6136,,
53932740,53933760,108868,4.6500056921675786e-05,495,6.085844893277681e-06,0.1,-11166866.765937151,8784.0,6140,,
53967880,53968896,108938,4.640004553734063e-05,495,7.934290488265106e-06,0.1,-11341386.257816888,8784.0,6144,,
54003020,54004032,109009,4.630003415300546e-05,495,6.485855556093156e-06,0.1,-11417866.135977462,8784.0,6148,,
54020580,54021600,,4.6250056921675767e-05,,6.274118459259626e-06,0.1,,,,8784.0,-6014844.6325918
54038160,54039168,109122,4.62000227686703e-05,495,5.7729011587071e-06,0.1,-11655452.26048451,8784.0,6152,,
54073300,54074304,109193,4.610001138433515e-05,495,6.936821205272281e-06,0.1,-11744720.03015187,8784.0,6156,,
54108420,54109440,109263,4.6000056921675774e-05,495,6.5473592258058485e-06,0.1,-11454143.695271349,8784.0,6160,,
54143560,54144576,109335,4.590004553734062e-05,495,5.49658249155982e-06,0.1,-11700931.418444542,8784.0,6164,,
54178700,54179712,109405,4.5800034153005465e-05,495,6.321493117411592e-06,0.1,-11539139.95885992,8784.0,6168,,
54213840,54214848,109476,4.570002276867032e-05,495,8.144401954268688e-06,0.1,-11855170.450529076,8784.0,6172,,
54248980,54249984,109545,4.560001138433516e-05,495,6.702208588649228e-06,0.1,-11690556.751185058,8784.0,6176,,
54284100,54285120,109615,4.550005692167578e-05,495,5.637757885779137e-06,0.1,-11441935.50826552,8784.0,6180,,
54319240,54320256,109686,4.540004553734063e-05,495,5.793836044176714e-06,0.1,-11403572.84556989,8784.0,6184,,
54354380,54355392,109756,4.530003415300548e-05,495,5.934520459049963e-06,0.1,-11197006.90670795,8784.0,6188,,
54389520,54390528,109826,4.5200022768670305e-05,495,5.124235133280308e-06,0.1,-10896659.56694005,8784.0,6192,,
54424660,54425664,109896,4.510001138433515e-05,495,6.624392403864476e-06,0.1,-10834789.323887408,8784.0,6196,,
54459780,54460800,,4.500005692167577e-05,,6.026362802913354e-06,0.1,,,,8784.0,-5946177.832378999
,54460800,110009,,495,,0.1,-10691051.83823679,8784.0,6200,,
54494920,54495936,110079,4.4900045537340616e-05,495,5.9164034155401165e-06,0.1,-10513907.34803066,8784.0,6204,,
54530060,54531072,110149,4.480003415300547e-05,495,5.983549942811805e-06,0.1,-10620511.799427988,8784.0,6208,,
54565200,54566208,110219,4.470002276867031e-05,495,5.670329619533731e-06,0.1,-10182192.142844819,8784.0,6212,,
54600340,54601344,110289,4.460001138433516e-05,495,6.966630121496564e-06,0.1,-9960403.631800579,8784.0,6216,,
54635460,54636480,110359,4.450005692167578e-05,495,4.98152014642983e-06,0.1,-9765889.52391253,8784.0,6220,,
54670600,54671616,110430,4.440004553734063e-05,495,6.024169874763175e-06,0.1,-9702090.970429951,8784.0,6224,,
54705740,54706752,110506,4.4300034153005476e-05,495,5.225036886713497e-06,0.1,-9627130.700406458,8784.0,6228,,
54740880,54741888,110577,4.42000227686703e-05,495,4.7721350256324515e-06,0.1,-9819492.096115451,8784.0,6232,,
54776020,54777024,110647,4.4100011384335147e-05,495,5.598027019004803e-06,0.1,-9982081.33326916,8784.0,6236,,
54811140,54812160,110717,4.400005692167577e-05,495,6.057569987660827e-06,0.1,-9740592.31089882,8784.0,6240,,
54846280,54847296,110787,4.390004553734062e-05,495,5.049481262631161e-06,0.1,-9630798.226114338,8784.0,6244,,
54881420,54882432,110857,4.3800034153005464e-05,495,4.898314546153415e-06,0.1,-9337475.797335858,8784.0,6248,,
54898980,54900000,,4.3750056921675774e-05,,5.119481318160979e-06,0.1,,,,8784.0,-6005723.439320201
54916560,54917568,110970,4.370002276867031e-05,494,5.0067725851477006e-06,0.1,-9310413.63348639,8784.0,6252,,
54951700,54952704,111040,4.360001138433516e-05,494,5.459675594465807e-06,0.1,-9231631.00415703,8784.0,6256,,
54986820,54987840,111111,4.350005692167578e-05,494,4.570557939587161e-06,0.1,-9157466.05332067,8784.0,6260,,
55021960,55022976,111181,4.3400045537340627e-05,494,4.285755505861744e-06,0.1,-8936214.678917682,8784.0,6264,,
55057100,55058112,111251,4.330003415300547e-05,494,4.682815688283881e-06,0.1,-8967575.34790378,8784.0,6268,,
55092240,55093248,111321,4.3200022768670304e-05,494,4.9361831088390314e-06,0.1,-8674806.88622079,8784.0,6272,,
55127380,55128384,111391,4.310001138433515e-05,494,4.225660518386576e-06,0.1,-8681204.269071989,8784.0,6276,,
55162500,55163520,111462,4.300005692167577e-05,494,5.2166063255754125e-06,0.1,-8908278.77324553,8784.0,6280,,
55197640,55198656,111532,4.2900045537340614e-05,494,5.753499556249153e-06,0.1,-8891980.211751489,8784.0,6284,,
55232780,55233792,111603,4.280003415300547e-05,494,5.991245575387438e-06,0.1,-8955512.522852011,8784.0,6288,,
55267920,55268928,111673,4.270002276867031e-05,494,5.599133203304518e-06,0.1,-8872912.38289267,8784.0,6292,,
55303060,55304064,111743,4.260001138433516e-05,494,4.723543963791599e-06,0.1,-8811056.26077652,8784.0,6296,,
55338180,55339200,,4.250005692167578e-05,,4.899178247796954e-06,0.1,,,,8784.0,-5975770.2732405
,55339200,111856,,494,,0.1,-8867558.480436899,8784.0,6300,,
55373320,55374336,111927,4.240004553734063e-05,494,4.337369739459973e-06,0.1,-8734340.225511221,8784.0,6304,,
55408460,55409472,111997,4.2300034153005475e-05,494,5.337821562534373e-06,0.1,-8554834.57938172,8784.0,6308,,
55443600,55444608,112068,4.220002276867032e-05,494,4.248116590588325e-06,0.1,-8579678.52631145,8784.0,6312,,
55478740,55479744,112138,4.2100011384335145e-05,494,5.319271258485969e-06,0.1,-8660239.301605629,8784.0,6316,,
55513860,55514880,112209,4.2000056921675765e-05,494,6.3421606000702015e-06,0.1,-8862168.889154522,8784.0,6320,,
55549000,55550016,112279,4.190004553734062e-05,494,4.991817900190654e-06,0.1,-9015413.49588427,8784.0,6324,,
55584140,55585152,112349,4.180003415300546e-05,494,5.509310346951679e-06,0.1,-9194472.55520431,8784.0,6328,,
55619280,55620288,112420,4.170002276867031e-05,494,4.1578105197004335e-06,0.1,-8943902.795698998,8784.0,6332,,
55654420,55655424,112490,4.160001138433516e-05,494,4.09641227179236e-06,0.1,-8768865.49115102,8784.0,6336,,
55689540,55690560,112560,4.150005692167578e-05,494,4.833922037050797e-06,0.1,-8771788.56511245,8784.0,6340,,
55724680,55725696,112631,4.1400045537340625e-05,494,4.636528217361047e-06,0.1,-8792185.627656559,8784.0,6344,,
55759820,55760832,112701,4.130003415300547e-05,494,4.440500754299137e-06,0.1,-8951666.3661016,8784.0,6348,,
55777380,55778400,,4.125005692167578e-05,,3.969300439621293e-06,0.1,,,,8784.0,-5954121.654352
55794960,55795968,112814,4.120002276867032e-05,494,4.054273381370876e-06,0.1,-8853002.729177542,8784.0,6352,,
55830100,55831104,112884,4.110001138433515e-05,494,3.772573904825549e-06,0.1,-8868548.8978951,8784.0,6356,,
55865220,55866240,112955,4.100005692167577e-05,494,4.3549043880375395e-06,0.1,-9049067.33594906,8784.0,6360,,
55900360,55901376,113025,4.090004553734061e-05,494,5.049478329510748e-06,0.1,-9136536.79478187,8784.0,6364,,
55935500,55936512,113096,4.080003415300546e-05,494,5.670449252193066e-06,0.1,-9463705.213572668,8784.0,6368,,
55970640,55971648,113166,4.070002276867031e-05,494,5.324677147200418e-06,0.1,-9494893.419958381,8784.0,6372,,
56005780,56006784,113237,4.0600011384335156e-05,494,4.916664079246402e-06,0.1,-9506734.5024114,8784.0,6376,,
56040900,56041920,113309,4.0500056921675776e-05,494,5.6933238624878865e-06,0.1,-9467729.29806444,8784.0,6380,,
56076040,56077056,113380,4.040004553734063e-05,494,5.210660981447291e-06,0.1,-9449872.40863544,8784.0,6384,,
56111180,56112192,113451,4.0300034153005474e-05,494,4.962207390235562e-06,0.1,-9442579.50975905,8784.0,6388,,
56146320,56147328,113523,4.020002276867032e-05,494,4.366666235000593e-06,0.1,-9518153.95149745,8784.0,6392,,
56181460,56182464,113595,4.0100011384335165e-05,494,4.595672135110363e-06,0.1,-9663817.81699355,8784.0,6396,,
56216580,56217600,,4.0000056921675764e-05,,4.953151892550522e-06,0.1,,,,8784.0,-5916701.2338229
,56217600,113709,,494,,0.1,-9865693.906993762,8784.0,6400,,
56251720,56252736,113780,3.9900045537340616e-05,494,5.718354225336953e-06,0.1,-10041393.648161992,8784.0,6404,,
56286860,56287872,113852,3.980003415300546e-05,494,5.226213272635505e-06,0.1,-10253941.96506894,8784.0,6408,,
56322000,56323008,113924,3.970002276867031e-05,494,4.384610792840249e-06,0.1,-10327420.741079802,8784.0,6412,,
56357140,56358144,113995,3.960001138433516e-05,494,4.2851399484789e-06,0.1,-10215803.34387757,8784.0,6416,,
56392260,56393280,114067,3.950005692167578e-05,494,4.884914835656673e-06,0.1,-10011241.52376942,8784.0,6420,,
56427400,56428416,114138,3.9400045537340624e-05,494,4.8324749855055416e-06,0.1,-10036361.260749651,8784.0,6424,,
56462540,56463552,114209,3.930003415300547e-05,494,4.411895770317642e-06,0.1,-9836423.313954292,8784.0,6428,,
56497680,56498688,114281,3.920002276867032e-05,494,5.258660451090691e-06,0.1,-10075195.16109359,8784.0,6432,,
56532820,56533824,114357,3.910001138433517e-05,494,6.541019979522389e-06,0.1,-10130988.038072702,8784.0,6436,,
56567940,56568960,114429,3.9000056921675767e-05,494,5.432340185507201e-06,0.1,-10451250.612782631,8784.0,6440,,
56603080,56604096,114500,3.890004553734061e-05,494,5.554130996188178e-06,0.1,-10430094.73381923,8784.0,6444,,
56638220,56639232,114572,3.880003415300546e-05,494,5.1527901973713595e-06,0.1,-10574386.859024407,8784.0,6448,,
56655780,56656800,,3.875005692167577e-05,,5.275629837342421e-06,0.1,,,,8784.0,-5908077.2085029995
56673360,56674368,114686,3.870002276867031e-05,494,5.550463390591176e-06,0.1,-10449340.866677148,8784.0,6452,,
56708500,56709504,114757,3.8600011384335155e-05,494,5.7786914908319885e-06,0.1,-10441429.64627781,8784.0,6456,,
56743620,56744640,114829,3.8500056921675775e-05,494,4.906293543172069e-06,0.1,-10406320.711971179,8784.0,6460,,
56778760,56779776,114900,3.840004553734062e-05,494,5.5515970984743035e-06,0.1,-10231129.06721845,8784.0,6464,,
56813900,56814912,114972,3.830003415300547e-05,494,4.409562745877338e-06,0.1,-10015336.69348023,8784.0,6468,,
56849040,56850048,115043,3.820002276867032e-05,494,5.363709328776168e-06,0.1,-10030011.72921227,8784.0,6472,,
56884180,56885184,115114,3.8100011384335163e-05,494,9.191677725084446e-06,0.1,-10252303.33964303,8784.0,6476,,
56919300,56920320,115186,3.800005692167578e-05,494,4.675624609262741e-06,0.1,-9950481.022484059,8784.0,6480,,
56954440,56955456,115257,3.7900045537340615e-05,494,5.383162078942405e-06,0.1,-9989768.381875169,8784.0,6484,,
56989580,56990592,115329,3.780003415300546e-05,494,4.736103687719151e-06,0.1,-9871870.38511196,8784.0,6488,,
57024720,57025728,115400,3.7700022768670306e-05,494,5.082751670215657e-06,0.1,-9712515.031330988,8784.0,6492,,
57059860,57060864,115471,3.760001138433515e-05,494,4.522968310993747e-06,0.1,-9676118.064795502,8784.0,6496,,
57094980,57096000,,3.750005692167578e-05,,4.383134762520058e-06,0.1,,,,8784.0,-5941412.8476594
,57096000,115586,,493,,0.1,-9473449.99960674,8784.0,6500,,
57130120,57131136,115657,3.740004553734062e-05,493,4.15795670960506e-06,0.1,-9414253.90056751,8784.0,6504,,
57165260,57166272,115729,3.730003415300547e-05,493,4.702546539192553e-06,0.1,-9289610.785963481,8784.0,6508,,
57200400,57201408,115800,3.7200022768670314e-05,493,4.486549107696191e-06,0.1,-9482399.564336602,8784.0,6512,,
57235540,57236544,115872,3.7100011384335166e-05,493,4.723429185560235e-06,0.1,-9660732.364227,8784.0,6516,,
57270660,57271680,115943,3.7000056921675786e-05,493,5.276762078665343e-06,0.1,-9773840.59471412,8784.0,6520,,
57305800,57306816,116015,3.690004553734061e-05,493,6.052853507299005e-06,0.1,-9616790.595788272,8784.0,6524,,
57340940,57341952,116086,3.6800034153005456e-05,493,5.444081364203157e-06,0.1,-9815593.412576102,8784.0,6528,,
57376080,57377088,116157,3.670002276867031e-05,493,4.429915634318604e-06,0.1,-9661812.678341288,8784.0,6532,,
57411220,57412224,116229,3.6600011384335154e-05,493,4.277294976873236e-06,0.1,-9819075.6180028,8784.0,6536,,
57446340,57447360,116301,3.6500056921675774e-05,493,4.7613851961614275e-06,0.1,-9627299.06858257,8784.0,6540,,
57481480,57482496,116372,3.640004553734062e-05,493,4.436425695075741e-06,0.1,-9576573.76069595,8784.0,6544,,
57516620,57517632,116443,3.630003415300547e-05,493,4.635369452898885e-06,0.1,-9793030.120309139,8784.0,6548,,
57534180,57535200,,3.625005692167578e-05,,4.9291564323539205e-06,0.1,,,,8784.0,-5912993.5042502
57551760,57552768,116558,3.620002276867032e-05,493,5.063970229457482e-06,0.1,-9927312.35910136,8784.0,6552,,
57586900,57587904,116629,3.610001138433516e-05,493,5.8630810144677525e-06,0.1,-9975766.204001099,8784.0,6556,,
57622020,57623040,116701,3.600005692167578e-05,493,8.257819922619092e-06,0.1,-9954393.61297279,8784.0,6560,,
57657160,57658176,116772,3.5900045537340634e-05,493,4.452326402315521e-06,0.1,-10081038.95740732,8784.0,6564,,
57692300,57693312,116844,3.580003415300546e-05,493,5.138649544278451e-06,0.1,-9929054.342543868,8784.0,6568,,
57727440,57728448,116915,3.5700022768670305e-05,493,4.806023878245469e-06,0.1,-10080720.55160306,8784.0,6572,,
57762580,57763584,116987,3.560001138433515e-05,493,5.123646303673013e-06,0.1,-9818067.67669116,8784.0,6576,,
57797700,57798720,117058,3.550005692167577e-05,493,4.266835503585753e-06,0.1,-9833142.62317375,8784.0,6580,,
57832840,57833856,117129,3.540004553734062e-05,493,4.794564415533387e-06,0.1,-9883467.994510349,8784.0,6584,,
57867980,57868992,117200,3.530003415300547e-05,493,6.89223728613797e-06,0.1,-10203378.829369469,8784.0,6588,,
57903120,57904128,117271,3.520002276867031e-05,493,5.634781325625227e-06,0.1,-10447546.09335617,8784.0,6592,,
57938260,57939264,117342,3.5100011384335165e-05,493,6.221455123522901e-06,0.1,-10260922.368190031,8784.0,6596,,
57973380,57974400,,3.5000056921675785e-05,,4.949704612045025e-06,0.1,,,,8784.0,-5954465.7584118005
,57974400,117455,,493,,0.1,-10228691.005997809,8784.0,6600,,
58008520,58009536,117527,3.490004553734063e-05,493,4.884457337084314e-06,0.1,-10406909.3217953,8784.0,6604,,
58043660,58044672,117597,3.4800034153005455e-05,493,4.688830358645646e-06,0.1,-10348062.35754457,8784.0,6608,,
58078800,58079808,117669,3.47000227686703e-05,493,4.908965763661399e-06,0.1,-10158288.15339675,8784.0,6612,,
58113940,58114944,117740,3.460001138433515e-05,493,5.72894828110293e-06,0.1,-10015695.58277818,8784.0,6616,,
58149060,58150080,117811,3.450005692167577e-05,493,4.605058654760796e-06,0.1,-9953914.27588868,8784.0,6620,,
58184200,58185216,117882,3.440004553734062e-05,493,4.709571976491134e-06,0.1,-10155174.02968465,8784.0,6624,,
58219340,58220352,117953,3.430003415300547e-05,493,4.8948185281005864e-06,0.1,-10180526.391348539,8784.0,6628,,
58254480,58255488,118025,3.4200022768670316e-05,493,4.474550485156214e-06,0.1,-10218751.52819144,8784.0,6632,,
58289620,58290624,118096,3.410001138433516e-05,493,5.067523886737035e-06,0.1,-10221250.40085203,8784.0,6636,,
58324740,58325760,118167,3.400005692167578e-05,493,4.679266442053631e-06,0.1,-10321106.81703935,8784.0,6640,,
58359880,58360896,118238,3.390004553734063e-05,493,4.845272781039967e-06,0.1,-10343920.420964532,8784.0,6644,,
58395020,58396032,118313,3.380003415300546e-05,493,5.291226921144699e-06,0.1,-10084284.26577513,8784.0,6648,,
58412580,58413600,,3.375005692167577e-05,,5.047104559707805e-06,0.1,,,,8784.0,-6026422.5709094005
58430160,58431168,118427,3.3700022768670303e-05,493,4.411771146806131e-06,0.1,-9992004.115777249,8784.0,6652,,
58465300,58466304,118497,3.360001138433515e-05,493,4.5323428480514846e-06,0.1,-9952170.399148868,8784.0,6656,,
58500420,58501440,118569,3.350005692167577e-05,493,4.545167507785664e-06,0.1,-9859442.545551531,8784.0,6660,,
58535560,58536576,118639,3.340004553734062e-05,493,4.249645064646756e-06,0.1,-9789575.38386724,8784.0,6664,,
58570700,58571712,118710,3.3300034153005466e-05,493,5.623948129596101e-06,0.1,-9987039.80506509,8784.0,6668,,
58605840,58606848,118781,3.320002276867031e-05,493,5.096838992812991e-06,0.1,-9725102.20560436,8784.0,6672,,
58640980,58641984,118851,3.3100011384335164e-05,493,5.592533489107154e-06,0.1,-9990984.22929721,8784.0,6676,,
58676100,58677120,118922,3.300005692167578e-05,493,4.718832212802227e-06,0.1,-10043633.450046029,8784.0,6680,,
58711240,58712256,118993,3.290004553734063e-05,493,5.369648829400831e-06,0.1,-9861258.73381149,8784.0,6684,,
58746380,58747392,119063,3.2800034153005474e-05,493,3.984344743912516e-06,0.1,-9592090.880721962,8784.0,6688,,
58781520,58782528,119134,3.27000227686703e-05,493,4.527991688973998e-06,0.1,-9375325.438915212,8784.0,6692,,
58816660,58817664,119205,3.260001138433515e-05,493,4.291681307222461e-06,0.1,-9597203.90766504,8784.0,6696,,
58851780,58852800,,3.250005692167577e-05,,4.438193138867064e-06,0.1,,,,8784.0,-5964761.598867801
,58852800,119318,,493,,0.1,-9599449.7970511,8784.0,6700,,
58886920,58887936,119389,3.240004553734062e-05,493,4.496944745824294e-06,0.1,-9320536.64266263,8784.0,6704,,
58922060,58923072,119459,3.230003415300546e-05,493,3.822425412636221e-06,0.1,-9331336.387608709,8784.0,6708,,
58957200,58958208,119530,3.2200022768670314e-05,493,4.193491918158543e-06,0.1,-9349684.351528209,8784.0,6712,,
58992340,58993344,119601,3.210001138433516e-05,493,4.285440013518382e-06,0.1,-9588714.27197895,8784.0,6716,,
59027460,59028480,119671,3.200005692167578e-05,493,4.518614571225044e-06,0.1,-9697167.54544743,8784.0,6720,,
59062600,59063616,119742,3.1900045537340625e-05,493,4.538676762422256e-06,0.1,-9559950.059569532,8784.0,6724,,
59097740,59098752,119813,3.180003415300548e-05,493,6.831163773313165e-06,0.1,-9498513.069796812,8784.0,6728,,
59132880,59133888,119884,3.17000227686703e-05,493,3.9070129105311935e-06,0.1,-9478289.787859472,8784.0,6732,,
59168020,59169024,119954,3.160001138433515e-05,493,8.044430649079004e-06,0.1,-9629087.45059946,8784.0,6736,,
59203140,59204160,120025,3.150005692167577e-05,493,4.036614586766518e-06,0.1,-9358508.128046459,8784.0,6740,,
59238280,59239296,120096,3.140004553734062e-05,493,4.672277225381549e-06,0.1,-9569751.92325803,8784.0,6744,,
59273420,59274432,120166,3.1300034153005465e-05,493,4.122412656215602e-06,0.1,-9352071.30949786,8784.0,6748,,
59290980,59292000,,3.1250056921675775e-05,,4.085704085809994e-06,0.1,,,,8784.0,-5972394.428943099
59308560,59309568,120279,3.120002276867031e-05,493,4.409035472008327e-06,0.1,-9244442.546078641,8784.0,6752,,
59343700,59344704,120350,3.1100011384335156e-05,493,3.828976480235724e-06,0.1,-9532745.473537011,8784.0,6756,,
59378820,59379840,120421,3.100005692167578e-05,493,4.83232995520666e-06,0.1,-9663030.095369961,8784.0,6760,,
59413960,59414976,120491,3.090004553734063e-05,493,4.886246381374804e-06,0.1,-9659163.62309427,8784.0,6764,,
59449100,59450112,120562,3.080003415300547e-05,493,5.614828035049868e-06,0.1,-9594364.404560948,8784.0,6768,,
59484240,59485248,120632,3.07000227686703e-05,493,4.881254380961764e-06,0.1,-9775259.07864954,8784.0,6772,,
59519380,59520384,120702,3.060001138433515e-05,493,5.4299766247822845e-06,0.1,-9606595.41798171,8784.0,6776,,
59554500,59555520,120772,3.0500056921675767e-05,493,4.2214445556965075e-06,0.1,-9702307.90447338,8784.0,6780,,
59589640,59590656,120843,3.0400045537340615e-05,493,4.221081621835765e-06,0.1,-9970590.72529217,8784.0,6784,,
59624780,59625792,120913,3.0300034153005464e-05,493,5.029363626363192e-06,0.1,-10190454.88433995,8784.0,6788,,
59659920,59660928,120984,3.020002276867031e-05,493,4.991445837276842e-06,0.1,-10167083.907915888,8784.0,6792,,
59695060,59696064,121055,3.010001138433516e-05,493,5.589258194049762e-06,0.1,-10060467.376527278,8784.0,6796,,
59730180,59731200,,3.0000056921675778e-05,,4.678169534599874e-06,0.1,,,,8784.0,-5940770.6767107
,59731200,121169,,492,,0.1,-10462049.460602969,8784.0,6800,,
59765320,59766336,121240,2.9900045537340627e-05,492,4.653563053125254e-06,0.1,-10557067.11435172,8784.0,6804,,
59800460,59801472,121311,2.9800034153005473e-05,492,5.077574871847901e-06,0.1,-10535902.468257101,8784.0,6808,,
59835600,59836608,121383,2.970002276867032e-05,492,4.1813965708570325e-06,0.1,-10399910.938919857,8784.0,6812,,
59870740,59871744,121454,2.9600011384335147e-05,492,4.631833905932581e-06,0.1,-10288812.666433899,8784.0,6816,,
59905860,59906880,121526,2.9500056921675766e-05,492,4.3318937287040175e-06,0.1,-10137519.79542088,8784.0,6820,,
59941000,59942016,121597,2.9400045537340615e-05,492,4.610161067830632e-06,0.1,-10082813.643172331,8784.0,6824,,
59976140,59977152,121669,2.9300034153005464e-05,492,4.4436938878789075e-06,0.1,-10099127.9079014,8784.0,6828,,
60011280,60012288,121740,2.920002276867031e-05,492,4.400243233249057e-06,0.1,-10000250.457572721,8784.0,6832,,
60046420,60047424,121812,2.9100011384335158e-05,492,4.085112266238866e-06,0.1,-9902237.699075809,8784.0,6836,,
60081540,60082560,121883,2.9000056921675778e-05,492,4.284492649730964e-06,0.1,-9901585.07429085,8784.0,6840,,
60116680,60117696,121955,2.8900045537340626e-05,492,3.892778545377951e-06,0.1,-9679630.497874642,8784.0,6844,,
60151820,60152832,122026,2.8800034153005472e-05,492,4.828479211482772e-06,0.1,-9798407.597148892,8784.0,6848,,
60169380,60170400,,2.875005692167578e-05,,4.3903074015361195e-06,0.1,,,,8784.0,-5961780.5974442
60186960,60187968,122141,2.870002276867032e-05,492,4.081364386365749e-06,0.1,-9911435.363659402,8784.0,6852,,
60222100,60223104,122212,2.8600011384335146e-05,492,4.0957063902169464e-06,0.1,-9498976.071028061,8784.0,6856,,
60257220,60258240,122283,2.8500056921675765e-05,492,3.5354507190277216e-06,0.1,-9385931.1310396,8784.0,6860,,
60292360,60293376,122354,2.8400045537340614e-05,492,4.134548851197905e-06,0.1,-9550538.46135375,8784.0,6864,,
60327500,60328512,122425,2.830003415300546e-05,492,4.371044212803099e-06,0.1,-9604668.751081072,8784.0,6868,,
60362640,60363648,122495,2.820002276867031e-05,492,4.2718163399513285e-06,0.1,-9718381.830243312,8784.0,6872,,
60397780,60398784,122566,2.8100011384335157e-05,492,4.515281773365132e-06,0.1,-9623176.576472009,8784.0,6876,,
60432900,60433920,122637,2.8000056921675777e-05,492,4.625569192739931e-06,0.1,-9683681.237652801,8784.0,6880,,
60468040,60469056,122708,2.7900045537340626e-05,492,4.5304916966415474e-06,0.1,-9656232.652185641,8784.0,6884,,
60503180,60504192,122778,2.780003415300547e-05,492,3.95714719161333e-06,0.1,-9588404.26896281,8784.0,6888,,
60538320,60539328,122849,2.770002276867032e-05,492,3.937511803542293e-06,0.1,-9700305.41419527,8784.0,6892,,
60573460,60574464,122920,2.7600011384335166e-05,492,4.471992008348025e-06,0.1,-9986560.07996259,8784.0,6896,,
60608580,60609600,,2.7500056921675765e-05,,4.921488732634316e-06,0.1,,,,8784.0,-5901709.493437601
,60609600,123034,,492,,0.1,-9595732.993041508,8784.0,6900,,
60643720,60644736,123105,2.7400045537340614e-05,492,4.218146341372631e-06,0.1,-9756384.924272578,8784.0,6904,,
60678860,60679872,123175,2.730003415300546e-05,492,4.438257235506171e-06,0.1,-9767120.14905815,8784.0,6908,,
60714000,60715008,123247,2.7200022768670308e-05,492,4.325088548284839e-06,0.1,-9891487.79796708,8784.0,6912,,
60749140,60750144,123317,2.7100011384335157e-05,492,4.769251620473369e-06,0.1,-9798899.25059334,8784.0,6916,,
60784260,60785280,123388,2.7000056921675776e-05,492,4.1049353626476656e-06,0.1,-9864743.152148759,8784.0,6920,,
60819400,60820416,123459,2.6900045537340622e-05,492,4.556761734875181e-06,0.1,-10037241.62227909,8784.0,6924,,
60854540,60855552,123530,2.680003415300547e-05,492,5.631503222502943e-06,0.1,-9979726.24899678,8784.0,6928,,
60889680,60890688,123601,2.670002276867032e-05,492,4.140415023812239e-06,0.1,-10065556.499817,8784.0,6932,,
60924820,60925824,123672,2.6600011384335165e-05,492,4.007671236649912e-06,0.1,-9818470.380055139,8784.0,6936,,
60959940,60960960,123742,2.6500056921675764e-05,492,3.7633647707480124e-06,0.1,-9851305.527091462,8784.0,6940,,
60995080,60996096,123813,2.6400045537340613e-05,492,3.7645967267962988e-06,0.1,-9937576.669863239,8784.0,6944,,
61030220,61031232,123884,2.630003415300546e-05,492,4.369452062746859e-06,0.1,-9910991.718168069,8784.0,6948,,
61047780,61048800,,2.625005692167577e-05,,4.2059799284288605e-06,0.1,,,,8784.0,-5919702.3027743995
61065360,61066368,123998,2.6200022768670307e-05,492,3.822476844561606e-06,0.1,-9996122.31401599,8784.0,6952,,
61100500,61101504,124069,2.6100011384335153e-05,492,5.677362344158609e-06,0.1,-10248398.619328838,8784.0,6956,,
61135620,61136640,124139,2.6000056921675776e-05,492,3.7925908259239804e-06,0.1,-10304624.468235169,8784.0,6960,,
61170760,61171776,124210,2.590004553734062e-05,492,3.687642401928315e-06,0.1,-10239303.340624278,8784.0,6964,,
61205900,61206912,124281,2.580003415300547e-05,492,4.613638282080501e-06,0.1,-10536666.84722937,8784.0,6968,,
61241040,61242048,124352,2.570002276867032e-05,492,4.718859224794869e-06,0.1,-10530260.97084998,8784.0,6972,,
61276180,61277184,124423,2.5600011384335164e-05,492,4.739991379665298e-06,0.1,-10703173.9883854,8784.0,6976,,
61311300,61312320,124494,2.5500056921675784e-05,492,4.212100532186014e-06,0.1,-10797594.17961974,8784.0,6980,,
61346440,61347456,124564,2.5400045537340613e-05,492,4.577864808652521e-06,0.1,-10712079.91276123,8784.0,6984,,
61381580,61382592,124635,2.5300034153005458e-05,492,4.378775611257879e-06,0.1,-10462245.10176472,8784.0,6988,,
61416720,61417728,124706,2.5200022768670307e-05,492,4.0579694541520436e-06,0.1,-10473036.77014447,8784.0,6992,,
61451860,61452864,124777,2.5100011384335152e-05,492,5.248835429938481e-06,0.1,-10426621.30889257,8784.0,6996,,
61486980,61488000,,2.5000056921675775e-05,,4.411386578340171e-06,0.1,,,,8784.0,-5989068.1313056
,61488000,124890,,492,,0.1,-10504404.50768359,8784.0,7000,,
61522120,61523136,124961,2.490004553734062e-05,492,4.423904806571955e-06,0.1,-10437441.825810682,8784.0,7004,,
61557260,61558272,125032,2.480003415300547e-05,492,4.455231703559548e-06,0.1,-10598986.04567516,8784.0,7008,,
61592400,61593408,125103,2.4700022768670315e-05,492,4.740149165627372e-06,0.1,-10472153.28784366,8784.0,7012,,
61627540,61628544,125174,2.4600011384335164e-05,492,4.44857272441368e-06,0.1,-10428537.44926983,8784.0,7016,,
61662660,61663680,125244,2.4500056921675783e-05,492,1.1470681033642905e-05,0.1,-10617338.133637238,8784.0,7020,,
61697800,61698816,125315,2.440004553734061e-05,492,4.881736924744473e-06,0.1,-10453447.696724162,8784.0,7024,,
61732940,61733952,125386,2.4300034153005457e-05,492,7.184259914083668e-06,0.1,-10561056.81157548,8784.0,7028,,
61768080,61769088,125457,2.4200022768670306e-05,492,4.399992883463711e-06,0.1,-10871461.37504294,8784.0,7032,,
61803220,61804224,125528,2.4100011384335152e-05,492,4.318551998494513e-06,0.1,-11021274.34448065,8784.0,7036,,
61838340,61839360,125598,2.4000056921675775e-05,492,4.768470080307452e-06,0.1,-10932147.03091291,8784.0,7040,,
61873480,61874496,125669,2.390004553734062e-05,492,4.065619737048109e-06,0.1,-10883086.626550272,8784.0,7044,,
61908620,61909632,125740,2.380003415300547e-05,492,4.549967093225859e-06,0.1,-10941584.704704517,8784.0,7048,,
61926180,61927200,,2.375005692167578e-05,,4.335315838943643e-06,0.1,,,,8784.0,-5933241.7300889
61943760,61944768,125854,2.3700022768670314e-05,492,4.19469488406321e-06,0.1,-10781027.545547219,8784.0,7052,,
61978900,61979904,125924,2.3600011384335163e-05,492,3.797365150148835e-06,0.1,-10675629.303826751,8784.0,7056,,
62014020,62015040,125995,2.3500056921675783e-05,492,4.183611486041627e-06,0.1,-10639472.28296204,8784.0,7060,,
62049160,62050176,126066,2.340004553734063e-05,492,4.232247215441021e-06,0.1,-10543107.03578023,8784.0,7064,,
62084300,62085312,126143,2.3300034153005457e-05,492,5.1481133709785356e-06,0.1,-10277586.18398255,8784.0,7068,,
62119440,62120448,126213,2.3200022768670306e-05,492,4.155975398134615e-06,0.1,-10119532.454261292,8784.0,7072,,
62154580,62155584,126284,2.310001138433515e-05,492,4.3743687001551734e-06,0.1,-10013507.482163971,8784.0,7076,,
62189700,62190720,126354,2.300005692167577e-05,492,4.432746925431274e-06,0.1,-9747690.00355544,8784.0,7080,,
62224840,62225856,126424,2.290004553734062e-05,492,4.03284051344599e-06,0.1,-9552620.32780718,8784.0,7084,,
62259980,62260992,126495,2.280003415300547e-05,492,4.3999606873512676e-06,0.1,-9647504.134302171,8784.0,7088,,
62295120,62296128,126565,2.2700022768670314e-05,492,3.7455669371411203e-06,0.1,-9612100.32203447,8784.0,7092,,
62330260,62331264,126635,2.2600011384335163e-05,492,3.6601274132408434e-06,0.1,-9637494.97790746,8784.0,7096,,
62365380,62366400,,2.2500056921675782e-05,,4.007890674984083e-06,0.1,,,,8784.0,-5915448.7606166
,62366400,126748,,492,,0.1,-9767520.8718131,8784.0,7100,,
62400520,62401536,126818,2.240004553734063e-05,492,3.8341519257301115e-06,0.1,-9619962.610585809,8784.0,7104,,
62435660,62436672,126889,2.2300034153005456e-05,492,4.146144863170775e-06,0.1,-9367799.369495578,8784.0,7108,,
62470800,62471808,126959,2.2200022768670302e-05,492,3.892712243214191e-06,0.1,-9418669.10083782,8784.0,7112,,
62505940,62506944,127029,2.210001138433515e-05,492,3.833851417311962e-06,0.1,-9328132.98779609,8784.0,7116,,
62541060,62542080,127100,2.200005692167577e-05,492,3.976375046477187e-06,0.1,-9362178.2422527,8784.0,7120,,
62576200,62577216,127170,2.190004553734062e-05,492,3.865036694605805e-06,0.1,-9414646.63821535,8784.0,7124,,
62611340,62612352,127240,2.1800034153005468e-05,492,4.0837366668711185e-06,0.1,-9241709.384216221,8784.0,7128,,
62646480,62647488,127310,2.1700022768670313e-05,492,3.4904340964203584e-06,0.1,-8974246.83368356,8784.0,7132,,
62681620,62682624,127381,2.1600011384335162e-05,492,4.033133677694423e-06,0.1,-8912803.179343408,8784.0,7136,,
62716740,62717760,127451,2.150005692167578e-05,492,3.915226034223451e-06,0.1,-8880852.29477188,8784.0,7140,,
62751880,62752896,127521,2.140004553734063e-05,492,3.85871629760004e-06,0.1,-8780324.005156301,8784.0,7144,,
62787020,62788032,127591,2.1300034153005456e-05,492,3.3120543321274454e-06,0.1,-8721117.88154449,8784.0,7148,,
62804580,62805600,,2.1250056921675765e-05,,3.851282610867202e-06,0.1,,,,8784.0,-5968064.2584504
62822160,62823168,127704,2.12000227686703e-05,491,3.395841349629336e-06,0.1,-8913178.557099842,8784.0,7152,,
62857300,62858304,127774,2.110001138433515e-05,491,5.310080939580075e-06,0.1,-8955245.22915012,8784.0,7156,,
62892420,62893440,127844,2.100005692167577e-05,491,3.78079556639932e-06,0.1,-8906690.93870477,8784.0,7160,,
62927560,62928576,127915,2.090004553734062e-05,491,3.558778917067684e-06,0.1,-9092304.56770972,8784.0,7164,,
62962700,62963712,127985,2.0800034153005464e-05,491,4.000748208454752e-06,0.1,-8906554.50171828,8784.0,7168,,
62997840,62998848,128055,2.0700022768670313e-05,491,3.2586198472017714e-06,0.1,-8791031.067659,8784.0,7172,,
63032980,63033984,128125,2.060001138433516e-05,491,3.3374395911778267e-06,0.1,-8631726.99027756,8784.0,7176,,
63068100,63069120,128195,2.050005692167578e-05,491,3.924142697542266e-06,0.1,-8760308.351028882,8784.0,7180,,
63103240,63104256,128266,2.040004553734063e-05,491,4.020414939986949e-06,0.1,-8952725.89908602,8784.0,7184,,
63138380,63139392,128336,2.0300034153005475e-05,491,3.926433703327348e-06,0.1,-9020630.17369867,8784.0,7188,,
63173520,63174528,128406,2.02000227686703e-05,491,4.537482016075955e-06,0.1,-9133212.986050991,8784.0,7192,,
63208660,63209664,128476,2.010001138433515e-05,491,3.923217627743725e-06,0.1,-8892565.64074597,8784.0,7196,,
63243780,63244800,,2.000005692167577e-05,,3.1367891097033863e-06,0.1,,,,8784.0,-5990924.169008
,63244800,128590,,491,,0.1,-8628235.81554636,8784.0,7200,,
63278920,63279936,128660,1.9900045537340618e-05,491,3.962108348787297e-06,0.1,-8576807.75235916,8784.0,7204,,
63314060,63315072,128731,1.9800034153005463e-05,491,4.09823344398319e-06,0.1,-8858859.58318514,8784.0,7208,,
63349200,63350208,128801,1.9700022768670312e-05,491,3.90410174304634e-06,0.1,-8792664.263045361,8784.0,7212,,
63384340,63385344,128872,1.960001138433516e-05,491,3.868645853799535e-06,0.1,-9167474.56548276,8784.0,7216,,
63419460,63420480,128944,1.950005692167578e-05,491,4.516839976531628e-06,0.1,-9073238.472106898,8784.0,7220,,
63454600,63455616,129016,1.9400045537340626e-05,491,3.900774845533306e-06,0.1,-9255654.71050189,8784.0,7224,,
63489740,63490752,129087,1.9300034153005475e-05,491,4.2035627416225905e-06,0.1,-9381005.790739981,8784.0,7228,,
63524880,63525888,129159,1.92000227686703e-05,491,4.585091301123612e-06,0.1,-9374545.041899242,8784.0,7232,,
63560020,63561024,129231,1.910001138433515e-05,491,4.0626617760608495e-06,0.1,-9409665.22420846,8784.0,7236,,
63595140,63596160,129302,1.9000056921675768e-05,491,3.59369147417965e-06,0.1,-9590415.0930339,8784.0,7240,,
63630280,63631296,129374,1.8900045537340617e-05,491,4.497228678701503e-06,0.1,-9952238.52994059,8784.0,7244,,
63665420,63666432,129446,1.8800034153005463e-05,491,4.425066049407178e-06,0.1,-10018045.249785049,8784.0,7248,,
63682980,63684000,,1.8750056921675772e-05,,5.308646132107242e-06,0.1,,,,8784.0,-5959540.0052988995
63700560,63701568,129560,1.870002276867031e-05,491,3.780251665830292e-06,0.1,-9940529.70486296,8784.0,7252,,
63735700,63736704,129632,1.8600011384335157e-05,491,4.430057708759705e-06,0.1,-10047095.478951862,8784.0,7256,,
63770820,63771840,129703,1.850005692167578e-05,491,4.157965804552077e-06,0.1,-10068168.857031671,8784.0,7260,,
63805960,63806976,129775,1.8400045537340625e-05,491,3.7125115909475427e-06,0.1,-9945047.01058033,8784.0,7264,,
63841100,63842112,129846,1.8300034153005474e-05,491,3.5163874372301507e-06,0.1,-9922857.224961728,8784.0,7268,,
63876240,63877248,129918,1.82000227686703e-05,491,3.7146712770663727e-06,0.1,-10110585.58091456,8784.0,7272,,
63911380,63912384,129989,1.8100011384335148e-05,491,5.312843120464094e-06,0.1,-10369531.085402312,8784.0,7276,,
63946500,63947520,130063,1.8000056921675768e-05,491,3.3361680493726453e-06,0.1,-10106394.78676541,8784.0,7280,,
63981640,63982656,130134,1.7900045537340617e-05,491,3.961578050848402e-06,0.1,-10119388.52426633,8784.0,7284,,
64016780,64017792,130205,1.7800034153005462e-05,491,3.937496649086824e-06,0.1,-10080208.00850072,8784.0,7288,,
64051920,64052928,130276,1.770002276867031e-05,491,4.091859216259763e-06,0.1,-9964446.77829613,8784.0,7292,,
64087060,64088064,130347,1.7600011384335156e-05,491,3.937166411560611e-06,0.1,-9854458.07910876,8784.0,7296,,
64122180,64123200,,1.750005692167578e-05,,4.0009034933063955e-06,0.1,,,,8784.0,-5944441.3743659
,64123200,130461,,491,,0.1,-9942827.89231479,8784.0,7300,,
64157320,64158336,130533,1.7400045537340625e-05,491,4.103025480617361e-06,0.1,-10321690.615130138,8784.0,7304,,
64192460,64193472,130604,1.7300034153005474e-05,491,4.477649497403036e-06,0.1,-10364714.87321108,8784.0,7308,,
64227600,64228608,130675,1.7200022768670322e-05,491,4.157290220518917e-06,0.1,-10357527.696153453,8784.0,7312,,
64262740,64263744,130746,1.7100011384335148e-05,491,4.060656499405013e-06,0.1,-10086386.091487221,8784.0,7316,,
64297860,64298880,130817,1.7000056921675767e-05,491,3.744014031781262e-06,0.1,-9886568.09986401,8784.0,7320,,
64333000,64334016,130889,1.6900045537340613e-05,491,3.7135520187803195e-06,0.1,-9881880.95935408,8784.0,7324,,
64368140,64369152,130960,1.680003415300546e-05,491,3.7563695059361636e-06,0.1,-9897738.958435362,8784.0,7328,,
64403280,64404288,131031,1.670002276867031e-05,491,3.680698273456073e-06,0.1,-9893001.81012668,8784.0,7332,,
64438420,64439424,131102,1.6600011384335156e-05,491,4.126122291836509e-06,0.1,-10000611.272650909,8784.0,7336,,
64473540,64474560,131173,1.650005692167578e-05,491,3.458155725866163e-06,0.1,-9967128.12851144,8784.0,7340,,
64508680,64509696,131244,1.6400045537340624e-05,491,3.904588254499686e-06,0.1,-9741427.11929917,8784.0,7344,,
64543820,64544832,131315,1.6300034153005473e-05,491,3.7184359371167373e-06,0.1,-9949330.36962403,8784.0,7348,,
64561380,64562400,,1.6250056921675783e-05,,4.045640991989785e-06,0.1,,,,8784.0,-5922620.9028109
64578960,64579968,131429,1.620002276867032e-05,491,3.1900340331958434e-06,0.1,-9905986.17934297,8784.0,7352,,
64614100,64615104,131500,1.6100011384335144e-05,491,4.545594879346026e-06,0.1,-9852416.31334763,8784.0,7356,,
64649220,64650240,131571,1.6000056921675767e-05,491,4.1640318499958084e-06,0.1,-9835388.691318639,8784.0,7360,,
64684360,64685376,131643,1.5900045537340612e-05,491,4.023825181320717e-06,0.1,-10071653.945929311,8784.0,7364,,
64719500,64720512,131714,1.580003415300546e-05,491,3.8884356627022495e-06,0.1,-10147418.767769322,8784.0,7368,,
64754640,64755648,131785,1.570002276867031e-05,491,3.7961683005960367e-06,0.1,-9940705.869334402,8784.0,7372,,
64789780,64790784,131856,1.5600011384335155e-05,491,3.874921571878076e-06,0.1,-9873913.943847021,8784.0,7376,,
64824900,64825920,131927,1.5500056921675775e-05,491,3.651354984413047e-06,0.1,-10128459.44805996,8784.0,7380,,
64860040,64861056,131998,1.5400045537340624e-05,491,3.6539614143293875e-06,0.1,-10071337.230632959,8784.0,7384,,
64895180,64896192,132069,1.5300034153005472e-05,491,3.7142086057428967e-06,0.1,-10096840.90321759,8784.0,7388,,
64930320,64931328,132140,1.520002276867032e-05,491,3.3111231175553256e-06,0.1,-10086410.511076592,8784.0,7392,,
64965460,64966464,132211,1.5100011384335167e-05,491,3.5628761679618036e-06,0.1,-10001199.24604911,8784.0,7396,,
65000580,65001600,,1.5000056921675764e-05,,3.828947308193165e-06,0.1,,,,8784.0,-5906368.4480439
,65001600,132325,,491,,0.1,-9989587.86967328,8784.0,7400,,
65035720,65036736,132396,1.4900045537340613e-05,491,4.678581944972393e-06,0.1,-9658094.76207457,8784.0,7404,,
65070860,65071872,132467,1.480003415300546e-05,491,3.621022210609226e-06,0.1,-9354922.35030237,8784.0,7408,,
65106000,65107008,132539,1.4700022768670307e-05,491,3.47430087686007e-06,0.1,-9440420.29367298,8784.0,7412,,
65141140,65142144,132610,1.4600011384335155e-05,491,4.104879110400361e-06,0.1,-9433242.060451519,8784.0,7416,,
65176260,65177280,132681,1.4500056921675776e-05,491,3.830195976206596e-06,0.1,-9533026.12579748,8784.0,7420,,
65211400,65212416,132752,1.4400045537340623e-05,491,3.835353049908008e-06,0.1,-9262765.973855412,8784.0,7424,,
65246540,65247552,132824,1.430003415300547e-05,491,4.173622812686517e-06,0.1,-9258726.06045243,8784.0,7428,,
65281680,65282688,132895,1.4200022768670317e-05,491,3.694003896725917e-06,0.1,-9212749.171616461,8784.0,7432,,
65316820,65317824,132966,1.4100011384335166e-05,491,3.930046295863576e-06,0.1,-9250604.917809911,8784.0,7436,,
65351940,65352960,133038,1.4000056921675764e-05,491,3.465096597210504e-06,0.1,-9405094.19699937,8784.0,7440,,
65387080,65388096,133109,1.390004553734061e-05,491,4.17768044371769e-06,0.1,-9605624.28337127,8784.0,7444,,
65422220,65423232,133181,1.380003415300546e-05,491,4.779770210916467e-06,0.1,-9399849.0716801,8784.0,7448,,
65439780,65440800,,1.375005692167577e-05,,3.8344472159224095e-06,0.1,,,,8784.0,-6017133.5792819
65457360,65458368,133295,1.3700022768670307e-05,491,4.3745964944719166e-06,0.1,-9369278.63280822,8784.0,7452,,
65492500,65493504,133366,1.3600011384335154e-05,491,3.896064413311251e-06,0.1,-9258564.74886221,8784.0,7456,,
65527620,65528640,133438,1.3500056921675775e-05,491,3.325361700490248e-06,0.1,-9194143.83743794,8784.0,7460,,
65562760,65563776,133509,1.3400045537340622e-05,491,3.813100147453952e-06,0.1,-8765641.33152237,8784.0,7464,,
65597900,65598912,133580,1.330003415300547e-05,491,4.930986676754401e-06,0.1,-8990901.25183563,8784.0,7468,,
65633040,65634048,133652,1.3200022768670317e-05,491,4.493489643664361e-06,0.1,-9086862.627608001,8784.0,7472,,
65668180,65669184,133723,1.3100011384335164e-05,491,4.44006378756967e-06,0.1,-9170952.7003006,8784.0,7476,,
65703300,65704320,133794,1.3000056921675785e-05,491,3.6001492958348537e-06,0.1,-8999341.26182702,8784.0,7480,,
65738440,65739456,133866,1.290004553734061e-05,491,3.2778242825770577e-06,0.1,-8916840.548671149,8784.0,7484,,
65773580,65774592,133938,1.2800034153005457e-05,491,4.0478746768712884e-06,0.1,-9146165.86789942,8784.0,7488,,
65808720,65809728,134009,1.2700022768670306e-05,491,4.247001652402105e-06,0.1,-9480768.55484632,8784.0,7492,,
65843860,65844864,134081,1.2600011384335153e-05,491,3.815117781869048e-06,0.1,-9621984.445925621,8784.0,7496,,
65878980,65880000,,1.2500056921675773e-05,,3.827261025435291e-06,0.1,,,,8784.0,-5905533.3260689
,65880000,134195,,490,,0.1,-9560440.3050908,8784.0,7500,,
65914120,65915136,134267,1.2400045537340622e-05,490,3.821295024408755e-06,0.1,-9701691.83882313,8784.0,7504,,
65949260,65950272,134338,1.2300034153005469e-05,490,3.975145705226168e-06,0.1,-9779132.503215559,8784.0,7508,,
65984400,65985408,134410,1.2200022768670316e-05,490,6.5439777699793925e-06,0.1,-9757223.76461669,8784.0,7512,,
66019540,66020544,134481,1.2100011384335163e-05,490,3.3315160465008376e-06,0.1,-9679051.87878314,8784.0,7516,,
66054660,66055680,134552,1.2000056921675784e-05,490,3.6489612284640314e-06,0.1,-9690149.069034839,8784.0,7520,,
66089800,66090816,134624,1.190004553734061e-05,490,3.901339118783653e-06,0.1,-9602007.23526636,8784.0,7524,,
66124940,66125952,134695,1.1800034153005457e-05,490,4.275664662145573e-06,0.1,-9564958.48809369,8784.0,7528,,
66160080,66161088,134767,1.1700022768670304e-05,490,3.4921572137136535e-06,0.1,-9589671.85684409,8784.0,7532,,
66195220,66196224,134838,1.1600011384335153e-05,490,3.5068458487330646e-06,0.1,-9664037.48302479,8784.0,7536,,
66230340,66231360,134909,1.1500056921675772e-05,490,4.138993301694427e-06,0.1,-9384542.758737588,8784.0,7540,,
66265480,66266496,134981,1.140004553734062e-05,490,3.650993198789365e-06,0.1,-9117122.29495862,8784.0,7544,,
66300620,66301632,135052,1.1300034153005468e-05,490,3.947947550386743e-06,0.1,-9212785.308531031,8784.0,7548,,
66318180,66319200,,1.1250056921675778e-05,,3.892691455575914e-06,0.1,,,,8784.0,-5961200.9114418
66335760,66336768,135167,1.1200022768670316e-05,490,3.9862135167823e-06,0.1,-9264471.554544799,8784.0,7552,,
66370900,66371904,135238,1.1100011384335163e-05,490,5.2808345458288384e-06,0.1,-9359048.68744194,8784.0,7556,,
66406020,66407040,135309,1.1000056921675784e-05,490,3.91332390563548e-06,0.1,-9376223.93606318,8784.0,7560,,
66441160,66442176,135381,1.0900045537340631e-05,490,4.335893345341902e-06,0.1,-9529630.41540125,8784.0,7564,,
66476300,66477312,135452,1.0800034153005456e-05,490,3.6548757861964985e-06,0.1,-9335775.377214702,8784.0,7568,,
66511440,66512448,135524,1.0700022768670303e-05,490,4.033792220070609e-06,0.1,-9333512.104736129,8784.0,7572,,
66546580,66547584,135595,1.060001138433515e-05,490,4.403516049933387e-06,0.1,-9339226.588054819,8784.0,7576,,
66581700,66582720,135666,1.0500056921675772e-05,490,4.1141994984172925e-06,0.1,-9466498.18714496,8784.0,7580,,
66616840,66617856,135738,1.0400045537340619e-05,490,4.187776914932328e-06,0.1,-9686529.537816929,8784.0,7584,,
66651980,66652992,135809,1.0300034153005466e-05,490,6.192262446802488e-06,0.1,-9627862.191905722,8784.0,7588,,
66687120,66688128,135881,1.0200022768670315e-05,490,6.660279245807032e-06,0.1,-9549084.16131928,8784.0,7592,,
66722260,66723264,135953,1.0100011384335162e-05,490,4.80077914062349e-06,0.1,-9652831.73803818,8784.0,7596,,
66757380,66758400,,1.0000056921675782e-05,,4.674246451941144e-06,0.1,,,,8784.0,-5878276.132430101
,66758400,136067,,490,,0.1,-9765670.86870008,8784.0,7600,,
66792520,66793536,136138,9.90004553734063e-06,490,4.142659440731222e-06,0.1,-9638551.92115314,8784.0,7604,,
66827660,66828672,136210,9.800034153005456e-06,490,4.612388443092641e-06,0.1,-9549000.09837755,8784.0,7608,,
66862800,66863808,136281,9.700022768670303e-06,490,4.111394991923589e-06,0.1,-9467278.315134991,8784.0,7612,,
66897940,66898944,136352,9.60001138433515e-06,490,4.535140033112839e-06,0.1,-9559580.34215601,8784.0,7616,,
66933060,66934080,136424,9.500056921675771e-06,490,4.072162494139775e-06,0.1,-9523079.047918713,8784.0,7620,,
66968200,66969216,136495,9.400045537340618e-06,490,3.9350633755930176e-06,0.1,-9597941.37731042,8784.0,7624,,
67003340,67004352,136567,9.300034153005465e-06,490,4.489836760512844e-06,0.1,-9528795.380505573,8784.0,7628,,
67038480,67039488,136638,9.200022768670313e-06,490,4.1442878114139605e-06,0.1,-9440619.821439171,8784.0,7632,,
67073620,67074624,136708,9.100011384335162e-06,490,3.7972032941979704e-06,0.1,-9395047.143898718,8784.0,7636,,
67108740,67109760,136779,9.000056921675781e-06,490,3.90870661703957e-06,0.1,-9494710.922960429,8784.0,7640,,
67143880,67144896,136849,8.900045537340628e-06,490,4.258194041995011e-06,0.1,-9478458.503331,8784.0,7644,,
67179020,67180032,136920,8.800034153005455e-06,490,4.510769008447823e-06,0.1,-9515506.1282063,8784.0,7648,,
67196580,67197600,,8.750056921675765e-06,,4.335701567015348e-06,0.1,,,,8784.0,-5965478.873513499
67214160,67215168,137034,8.700022768670302e-06,490,4.135342794597818e-06,0.1,-9670530.42249343,8784.0,7652,,
67249300,67250304,137104,8.60001138433515e-06,490,4.1159335069096414e-06,0.1,-9493089.76915208,8784.0,7656,,
67284420,67285440,137176,8.50005692167577e-06,490,3.827012642432237e-06,0.1,-9675819.908187872,8784.0,7660,,
67319560,67320576,137246,8.400045537340618e-06,490,4.326344139826688e-06,0.1,-9702427.58667351,8784.0,7664,,
67354700,67355712,137317,8.300034153005465e-06,490,3.7857631355109333e-06,0.1,-9497066.737742187,8784.0,7668,,
67389840,67390848,137387,8.200022768670312e-06,490,3.6740890777764435e-06,0.1,-9415520.81931377,8784.0,7672,,
67424980,67425984,137458,8.10001138433516e-06,490,3.591730444441055e-06,0.1,-9360344.860860908,8784.0,7676,,
67460100,67461120,137528,8.00005692167578e-06,490,3.748811832338106e-06,0.1,-9370476.773742942,8784.0,7680,,
67495240,67496256,137599,7.900045537340628e-06,490,4.022262316993874e-06,0.1,-9225465.69526192,8784.0,7684,,
67530380,67531392,137670,7.800034153005475e-06,490,3.767223540762643e-06,0.1,-9033765.093193771,8784.0,7688,,
67565520,67566528,137740,7.700022768670302e-06,490,3.983833425991179e-06,0.1,-9065859.588961018,8784.0,7692,,
67600660,67601664,137811,7.600011384335149e-06,490,4.2644727727747526e-06,0.1,-9425987.476770781,8784.0,7696,,
67635780,67636800,,7.500056921675769e-06,,4.245634227117989e-06,0.1,,,,8784.0,-5950914.0244924
,67636800,137926,,490,,0.1,-9336694.35380811,8784.0,7700,,
67670920,67671936,137997,7.400045537340616e-06,490,4.829670172057377e-06,0.1,-9363657.832783038,8784.0,7704,,
67706060,67707072,138069,7.300034153005464e-06,490,4.056443651734299e-06,0.1,-9352668.00376727,8784.0,7708,,
67741200,67742208,138140,7.2000227686703115e-06,490,3.852416614336107e-06,0.1,-9456719.05229357,8784.0,7712,,
67776340,67777344,138211,7.100011384335159e-06,490,3.7227700431685664e-06,0.1,-9421284.714678138,8784.0,7716,,
67811460,67812480,138282,7.00005692167578e-06,490,4.028884143281175e-06,0.1,-9563350.695924409,8784.0,7720,,
67846600,67847616,138354,6.900045537340627e-06,490,3.6790029980693363e-06,0.1,-9504119.912337849,8784.0,7724,,
67881740,67882752,138425,6.800034153005474e-06,490,3.520587949878973e-06,0.1,-9371586.689776368,8784.0,7728,,
67916880,67917888,138496,6.7000227686703e-06,490,3.735042719199555e-06,0.1,-9364678.14606268,8784.0,7732,,
67952020,67953024,138568,6.600011384335147e-06,490,3.405389986710361e-06,0.1,-9386741.76301988,8784.0,7736,,
67987140,67988160,138639,6.500056921675768e-06,490,3.818157722434989e-06,0.1,-9416289.93847665,8784.0,7740,,
68022280,68023296,138711,6.400045537340616e-06,490,3.6784789472221746e-06,0.1,-9506330.728705639,8784.0,7744,,
68057420,68058432,138782,6.300034153005463e-06,490,3.878737481954886e-06,0.1,-9493627.09005992,8784.0,7748,,
68074980,68076000,,6.2500569216757735e-06,,4.045434968702466e-06,0.1,,,,8784.0,-5930147.7850932
68092560,68093568,138896,6.200022768670311e-06,490,4.009713268260384e-06,0.1,-9517348.44763769,8784.0,7752,,
68127700,68128704,138968,6.100011384335158e-06,490,5.3313337389226945e-06,0.1,-9627578.57398181,8784.0,7756,,
68162820,68163840,139039,6.000056921675778e-06,490,4.7403319058503255e-06,0.1,-9578387.47342088,8784.0,7760,,
68197960,68198976,139110,5.900045537340626e-06,490,4.124254030557495e-06,0.1,-9555905.10373112,8784.0,7764,,
68233100,68234112,139181,5.800034153005474e-06,490,3.6941136386303696e-06,0.1,-9721059.574091481,8784.0,7768,,
68268240,68269248,139252,5.700022768670299e-06,490,4.317854529745091e-06,0.1,-9846751.95204758,8784.0,7772,,
68303380,68304384,139324,5.600011384335147e-06,490,3.6443210319703213e-06,0.1,-9922909.549910132,8784.0,7776,,
68338500,68339520,139395,5.500056921675767e-06,490,4.151372468186309e-06,0.1,-9953570.293363761,8784.0,7780,,
68373640,68374656,139466,5.400045537340614e-06,490,4.865505820816906e-06,0.1,-9770944.49653283,8784.0,7784,,
68408780,68409792,139538,5.300034153005462e-06,490,4.386621958474279e-06,0.1,-9769692.743989991,8784.0,7788,,
68443920,68444928,139609,5.2000227686703095e-06,490,4.38590469684641e-06,0.1,-9656582.66769895,8784.0,7792,,
68479060,68480064,139680,5.1000113843351575e-06,490,4.743826548292418e-06,0.1,-9292815.91768726,8784.0,7796,,
68514180,68515200,,5.000056921675778e-06,,4.9862110586218474e-06,0.1,,,,8784.0,-5915122.0248692995
,68515200,139795,,490,,0.1,-9358605.80338074,8784.0,7800,,
68549320,68550336,139866,4.900045537340625e-06,490,4.550407788883604e-06,0.1,-9526289.675075639,8784.0,7804,,
68584460,68585472,139937,4.800034153005473e-06,490,4.588621834500373e-06,0.1,-9665838.303395398,8784.0,7808,,
68619600,68620608,140009,4.70002276867032e-06,490,5.365646279642533e-06,0.1,-9971580.76142992,8784.0,7812,,
68654740,68655744,140080,4.600011384335145e-06,490,5.287926478558802e-06,0.1,-10040919.423163861,8784.0,7816,,
68689860,68690880,140151,4.500056921675766e-06,490,6.350171531721571e-06,0.1,-10029401.338814372,8784.0,7820,,
68725000,68726016,140223,4.400045537340614e-06,490,5.0892166427729535e-06,0.1,-10235816.197534103,8784.0,7824,,
68760140,68761152,140294,4.300034153005461e-06,490,5.056422628513246e-06,0.1,-10343907.749243079,8784.0,7828,,
68795280,68796288,140365,4.200022768670309e-06,490,4.249969867942127e-06,0.1,-10398917.745203432,8784.0,7832,,
68830420,68831424,140437,4.100011384335156e-06,490,3.9860636547928156e-06,0.1,-10225238.797055012,8784.0,7836,,
68865540,68866560,140508,4.000056921675776e-06,490,4.464160201678169e-06,0.1,-10178013.19021099,8784.0,7840,,
68900680,68901696,140579,3.900045537340624e-06,490,4.780836036388791e-06,0.1,-10195213.0980604,8784.0,7844,,
68935820,68936832,140651,3.8000341530054716e-06,490,6.221893215752061e-06,0.1,-9994092.41677164,8784.0,7848,,
68953380,68954400,,3.7500569216757817e-06,,4.511651252414595e-06,0.1,,,,8784.0,-5919453.543760499
68970960,68971968,140766,3.700022768670319e-06,489,4.891427420261607e-06,0.1,-9849528.190692568,8784.0,7852,,
69006100,69007104,140837,3.6000113843351447e-06,489,4.667678183523094e-06,0.1,-9751951.39906134,8784.0,7856,,
69041220,69042240,140909,3.500056921675765e-06,489,4.232885100918793e-06,0.1,-9760995.586118989,8784.0,7860,,
69076360,69077376,140981,3.4000455373406127e-06,489,3.980158840022341e-06,0.1,-9862905.684293501,8784.0,7864,,
69111500,69112512,141052,3.3000341530054603e-06,489,5.707061563953175e-06,0.1,-9787395.021515712,8784.0,7868,,
69146640,69147648,141124,3.200022768670308e-06,489,4.581792632052384e-06,0.1,-9858710.273227759,8784.0,7872,,
69181780,69182784,141196,3.1000113843351554e-06,489,4.5300113470148066e-06,0.1,-9791112.24311254,8784.0,7876,,
69216900,69217920,141267,3.000056921675776e-06,489,4.760312936014088e-06,0.1,-9752372.88585902,8784.0,7880,,
69252040,69253056,141339,2.9000455373406234e-06,489,5.581326354331395e-06,0.1,-9851058.745936621,8784.0,7884,,
69287180,69288192,141411,2.800034153005471e-06,489,4.41699668272122e-06,0.1,-9810805.640779749,8784.0,7888,,
69322320,69323328,141482,2.700022768670318e-06,489,5.605700550859183e-06,0.1,-9935507.02393621,8784.0,7892,,
69357460,69358464,141554,2.6000113843351657e-06,489,5.45801901807863e-06,0.1,-9985897.312559938,8784.0,7896,,
69392580,69393600,,2.500056921675764e-06,,4.726801648757828e-06,0.1,,,,8784.0,-5852747.8459637
,69393600,141669,,489,,0.1,-10047910.850374062,8784.0,7900,,
69427720,69428736,141741,2.4000455373406117e-06,489,4.988644047898561e-06,0.1,-9862575.18496535,8784.0,7904,,
69462860,69463872,141812,2.3000341530054592e-06,489,6.0723242427229705e-06,0.1,-9730976.00991581,8784.0,7908,,
69498000,69499008,141884,2.200022768670307e-06,489,5.3093525707481605e-06,0.1,-9451310.09480296,8784.0,7912,,
69533140,69534144,141955,2.1000113843351544e-06,489,4.533037326837075e-06,0.1,-9635032.49737346,8784.0,7916,,
69568260,69569280,142026,2.0000569216757748e-06,489,5.113225688546663e-06,0.1,-9348350.107838238,8784.0,7920,,
69603400,69604416,142097,1.9000455373406224e-06,489,4.963570859217725e-06,0.1,-9135833.46548863,8784.0,7924,,
69638540,69639552,142169,1.8000341530054698e-06,489,5.024786491958366e-06,0.1,-9196900.97967916,8784.0,7928,,
69673680,69674688,142240,1.7000227686703173e-06,489,3.943947945117543e-06,0.1,-9158991.91087603,8784.0,7932,,
69708820,69709824,142311,1.600011384335165e-06,489,4.797498468178673e-06,0.1,-9277899.47368939,8784.0,7936,,
69743940,69744960,142383,1.5000569216757633e-06,489,8.329400873208215e-06,0.1,-9351244.39163876,8784.0,7940,,
69779080,69780096,142454,1.4000455373406106e-06,489,7.11279133156495e-06,0.1,-9281589.418453,8784.0,7944,,
69814220,69815232,142525,1.3000341530054582e-06,489,6.182196341342206e-06,0.1,-9325615.041299269,8784.0,7948,,
69831780,69832800,,1.2500569216757684e-06,,4.431856712017179e-06,0.1,,,,8784.0,-5870657.5274375
69849360,69850368,142639,1.2000227686703058e-06,489,4.560297122679913e-06,0.1,-9337027.68204258,8784.0,7952,,
69884500,69885504,142711,1.1000113843351534e-06,489,4.630187038401345e-06,0.1,-9298939.00568126,8784.0,7956,,
69919620,69920640,142782,1.0000569216757738e-06,489,4.702087244368158e-06,0.1,-9184043.77640542,8784.0,7960,,
69954760,69955776,142853,9.000455373406214e-07,489,5.657166320816032e-06,0.1,-9258142.19137031,8784.0,7964,,
69989900,69990912,142924,8.00034153005469e-07,489,5.969927246951556e-06,0.1,-9186275.60137992,8784.0,7968,,
70025040,70026048,142996,7.000227686703164e-07,489,7.355448735779646e-06,0.1,-9099514.509558441,8784.0,7972,,
70060180,70061184,143067,6.00011384335164e-07,489,4.8476181973455825e-06,0.1,-8893573.812733421,8784.0,7976,,
70095300,70096320,143138,5.000569216757845e-07,489,7.098029425378627e-06,0.1,-9152402.871790329,8784.0,7980,,
70130440,70131456,143210,4.000455373406098e-07,489,6.693187265227607e-06,0.1,-9307883.29814864,8784.0,7984,,
70165580,70166592,143281,3.000341530054573e-07,489,7.167176181610557e-06,0.1,-9600961.29868866,8784.0,7988,,
70200720,70201728,143353,2.000227686703049e-07,489,6.970788547278062e-06,0.1,-9367476.717854641,8784.0,7992,,
70235860,70236864,143424,1.0001138433515245e-07,489,5.4688667773916675e-06,0.1,-9209357.73305271,8784.0,7996,,
70270980,70272000,,5.6921675772869665e-11,,7.1087942387748624e-06,0.1,,,,8784.0,-5873094.290915901
,70272000,143538,,489,,0.1,-9400310.016887382,8784.0,8000,,
