#{"t_start": 1767930881.8028767, "env_id": "None"}
r,l,t
-7826834.472279,8784,53.401169
-91833545.571144,8784,68.28141
-71861798.27537,8784,83.173653
-47257537.937765,8784,98.032678
-117539035.525206,8784,112.957935
-130969815.856604,8784,127.932197
-10524109.412014,8784,142.850242
-30703132.220625,8784,157.785713
-17536715.823104,8784,172.702834
-123995340.123249,8784,187.641949
-18575715.231002,8784,202.591599
-50216602.722854,8784,217.54993
-45570521.566141,8784,232.51091
-14501069.720752,8784,247.45826
-55689817.148845,8784,262.414337
-37538860.557306,8784,277.384335
-74280750.942582,8784,292.35838
-34592017.027406,8784,307.370804
-38170330.008734,8784,322.361207
-31750852.371122,8784,337.358415
-83516456.515419,8784,352.396828
-156061868.575647,8784,367.395579
-38024235.158264,8784,382.352611
-19455466.82723,8784,397.313952
-23623508.83298,8784,412.276708
-24387723.461732,8784,427.290685
-49468154.325206,8784,442.280635
-12306208.899237,8784,457.281315
-82843805.938425,8784,472.264159
-61384350.10077,8784,487.262778
-101341118.612548,8784,502.314625
-64099359.199045,8784,517.324247
-14079781.765211,8784,532.363008
-68835984.048333,8784,547.377141
-28066322.966553,8784,562.379832
-10894999.071514,8784,577.444281
-184021731.636145,8784,592.505249
-71467978.595456,8784,607.517324
-17452410.083346,8784,622.543612
-141045584.86624,8784,637.609566
-44098031.520758,8784,652.710626
-63736866.182161,8784,667.718604
-21809555.306597,8784,682.775858
-60414161.946252,8784,697.803333
-69076766.326244,8784,712.852906
-92055768.518883,8784,727.925757
-48864539.467851,8784,742.979244
-81916939.553676,8784,758.028575
-13924119.722606,8784,773.075541
-14009024.772346,8784,788.216092
-84434596.228678,8784,845.827447
-9741938.073354,8784,860.877993
-22085286.465612,8784,875.963834
-46356089.699768,8784,891.04045
-71294687.204357,8784,906.114743
-94591623.2641,8784,921.20833
-15260655.384566,8784,936.245642
-73596236.409329,8784,951.291466
-128590057.022041,8784,966.376673
-21264264.989084,8784,981.456545
-22921411.748747,8784,996.566617
-51035708.42714,8784,1011.650841
-25673657.843541,8784,1026.739763
-55872887.554419,8784,1041.817994
-78165715.489741,8784,1056.873302
-83595016.471316,8784,1071.994182
-73944722.364922,8784,1087.084777
-43717342.257938,8784,1102.236422
-15107907.697419,8784,1117.307836
-51422287.666491,8784,1132.444153
-26918039.819543,8784,1147.571065
-108946646.787185,8784,1162.67895
-15761245.062693,8784,1177.800651
-75513935.241413,8784,1192.905195
-26055807.878819,8784,1208.014939
-192631008.751348,8784,1223.173971
-18073145.176524,8784,1238.260192
-28036794.28063,8784,1253.351762
-25713166.248002,8784,1268.466844
-15419930.958502,8784,1283.597355
-9747078.278732,8784,1298.725872
-148539859.004132,8784,1313.868674
-93099425.530535,8784,1328.99785
-53239233.021844,8784,1344.108694
-8675029.174148,8784,1359.20594
-12472861.456381,8784,1374.363568
-73422937.571953,8784,1389.485219
-19104027.044238,8784,1404.614166
-10745437.953065,8784,1419.726261
-30806420.896496,8784,1434.856829
-19970148.970783,8784,1450.006993
-42774276.831109,8784,1465.144312
-43127870.433523,8784,1480.260677
-27419590.882803,8784,1495.381706
-45044474.034271,8784,1510.485968
-97844554.391268,8784,1525.641677
-15993561.657752,8784,1540.749392
-80138484.446793,8784,1555.874258
-92457959.750297,8784,1570.987408
-16041511.58565,8784,1586.037054
-67326655.734053,8784,1643.725907
-59459535.646826,8784,1658.78105
-87472910.300983,8784,1673.834492
-31576277.883527,8784,1688.8847
-62212944.497392,8784,1703.965505
-66665574.815956,8784,1719.048063
-10673061.331262,8784,1734.114514
-101016547.926389,8784,1749.191384
-185764361.825113,8784,1764.310724
-58292116.050317,8784,1779.347378
-61330029.455759,8784,1794.434986
-45773430.916913,8784,1809.503764
-166572016.87739,8784,1824.568247
-25319098.911379,8784,1839.638308
-48214814.463855,8784,1854.71927
-29279990.953752,8784,1869.856157
-24583984.607188,8784,1884.938534
-55268099.159642,8784,1900.043943
-81835235.792301,8784,1915.106108
-43621031.664106,8784,1930.181636
-12454497.591479,8784,1945.30418
-89368894.189063,8784,1960.38306
-61643455.587833,8784,1975.437852
-59081220.872823,8784,1990.503793
-37203022.299569,8784,2005.612031
-45284592.714051,8784,2020.753255
-26970223.031374,8784,2035.80417
-38976539.839521,8784,2050.920901
-52221655.480115,8784,2066.00568
-47585463.888708,8784,2081.072384
-27291347.87819,8784,2096.242238
-65352374.523824,8784,2111.3493
-54049110.978672,8784,2126.412474
-83184584.911499,8784,2141.492851
-14126257.875029,8784,2156.571861
-71113701.321282,8784,2171.7118
-35362602.575303,8784,2186.818139
-44843454.003888,8784,2201.972499
-76439678.991666,8784,2217.059333
-111997824.242146,8784,2232.173325
-8907952.366618,8784,2247.305634
-10154447.357129,8784,2262.393962
-109575569.422506,8784,2277.561461
-26260611.23099,8784,2292.682554
-10766227.700387,8784,2307.787236
-186372049.661979,8784,2322.94615
-99907661.494133,8784,2338.058254
-154556241.537855,8784,2353.187878
-61811985.494628,8784,2368.304052
-148325079.989829,8784,2383.483213
-29099423.384332,8784,2441.096604
-20371245.748518,8784,2456.215182
-73788101.464397,8784,2471.331587
-17398172.866226,8784,2486.484246
-11331256.949729,8784,2501.625544
-57121041.498168,8784,2516.794029
-78983633.400935,8784,2531.916322
-20392395.201011,8784,2547.026937
-41956297.371142,8784,2562.138929
-123383556.190289,8784,2577.293479
-93821170.686068,8784,2592.463609
-11507003.030183,8784,2607.593865
-28856878.694401,8784,2622.738043
-53834850.49223,8784,2637.862787
-63338707.135011,8784,2652.977764
-17313600.852891,8784,2668.141561
-40162980.988263,8784,2683.277704
-21000379.496018,8784,2698.391499
-96570306.69987,8784,2713.584037
-78423278.772811,8784,2728.73912
-70331286.711206,8784,2743.924739
-15502976.996528,8784,2759.100599
-41019634.009537,8784,2774.249653
-28474305.801005,8784,2789.414855
-59773338.055333,8784,2804.541523
-25224910.921383,8784,2819.71035
-8687907.628973,8784,2834.839216
-14860381.426256,8784,2850.023932
-73979964.187251,8784,2865.170427
-13898309.125291,8784,2880.328792
-80039154.252935,8784,2895.493493
-11623118.460483,8784,2910.647135
-89314522.431705,8784,2925.786253
-118381322.47561,8784,2940.959342
-79216287.410833,8784,2956.121568
-89019699.471462,8784,2971.347252
-97470809.305934,8784,2986.509527
-70713868.883065,8784,3001.665027
-79057847.691665,8784,3016.803032
-12859996.892659,8784,3031.95314
-176003560.53317,8784,3047.175593
-37470986.387214,8784,3062.364447
-27934573.232827,8784,3077.523291
-10515899.969837,8784,3092.675142
-59915414.97746,8784,3107.84712
-8284903.107876,8784,3123.033925
-20917581.401872,8784,3138.234874
-24112186.563329,8784,3153.406969
-53847771.501621,8784,3168.547006
-29690910.633418,8784,3183.687631
-71273415.380769,8784,3241.452985
-116583464.217046,8784,3256.682006
-84802029.747758,8784,3271.911506
-99068226.883855,8784,3287.0965
-38936822.910387,8784,3302.277215
-19649863.071432,8784,3317.503211
-56912361.774735,8784,3332.705918
-91525888.88365,8784,3347.924805
-75788670.492872,8784,3363.134552
-64370951.686208,8784,3378.317181
-96631415.505836,8784,3393.543493
-26804267.049526,8784,3408.795208
-69305376.679114,8784,3423.998495
-30423831.179987,8784,3439.182658
-20844366.593112,8784,3454.377444
-22202509.3171,8784,3469.58219
-24978036.060913,8784,3484.775924
-78370187.278284,8784,3500.010108
-24926294.973379,8784,3515.291686
-12933123.577334,8784,3530.595596
-138748113.065771,8784,3545.932272
-65538850.195868,8784,3561.208203
-51219730.789662,8784,3576.480297
-112933926.280089,8784,3591.818484
-84684317.389081,8784,3607.145215
-56846965.404985,8784,3622.495835
-24134358.580395,8784,3637.780977
-101262474.194591,8784,3653.109524
-28177621.852171,8784,3668.454491
-9470103.965252,8784,3683.775516
-37316248.019784,8784,3699.112896
-113839026.765713,8784,3714.404816
-50833064.128547,8784,3729.68072
-111830578.334182,8784,3744.986347
-26674877.66177,8784,3760.278142
-71810512.266173,8784,3775.629675
-24630375.706591,8784,3791.006302
-100479905.539357,8784,3806.314241
-133339578.926477,8784,3821.640873
-67463037.363829,8784,3836.909201
-20907332.47469,8784,3852.259573
-28366262.377621,8784,3867.587435
-32384417.230714,8784,3882.926288
-23981063.90436,8784,3898.253483
-81225103.827956,8784,3913.569314
-32501970.34353,8784,3928.950153
-54204681.54378,8784,3944.474882
-75119603.080376,8784,3965.852343
-9215430.301481,8784,3981.014399
-53167782.785661,8784,3996.248927
-73485572.299488,8784,4053.963796
-28720380.280659,8784,4069.147023
-27110328.917536,8784,4084.33866
-19055753.921451,8784,4099.586159
-20221730.744379,8784,4114.78555
-110671752.904837,8784,4130.029296
-55631023.690643,8784,4145.216615
-17520794.809565,8784,4160.40152
-96918082.730236,8784,4175.60213
-15109055.335357,8784,4190.831677
-32223655.437563,8784,4206.103577
-57224974.362728,8784,4221.304697
-54570655.25904,8784,4236.520817
-68162863.450405,8784,4251.738007
-22667517.019819,8784,4266.951401
-11267100.93677,8784,4282.245888
-185480952.215076,8784,4297.485523
-96319423.686022,8784,4312.738543
-26172857.198315,8784,4328.004259
-71191955.903688,8784,4343.245108
-8433705.27575,8784,4358.486282
-14691926.996462,8784,4373.75021
-32380693.250113,8784,4388.967568
-16001529.056365,8784,4404.184719
-83262918.448376,8784,4419.401541
-205976853.003332,8784,4434.683625
-63076805.55685,8784,4449.901787
-44708072.034569,8784,4465.139558
-33628640.173048,8784,4480.37443
-21516343.059132,8784,4495.639328
-15229647.578749,8784,4510.897778
-20420205.413638,8784,4526.132236
-113656954.296026,8784,4541.385801
-20917937.273587,8784,4556.65282
-27116862.351731,8784,4571.908333
-17517251.726706,8784,4587.199455
-67601582.910801,8784,4602.457303
-26326286.480049,8784,4617.67325
-18640128.46961,8784,4632.93396
-38638532.994357,8784,4648.195505
-45073871.567204,8784,4663.497953
-13716821.009755,8784,4678.727555
-81851319.378743,8784,4693.996172
-64918937.206537,8784,4709.253099
-17988473.723907,8784,4724.549619
-102566252.28451,8784,4739.820183
-25156315.73762,8784,4755.066315
-72390699.563055,8784,4770.317802
-33309982.18953,8784,4785.590759
-62709462.714443,8784,4800.838443
-14759740.055372,8784,4858.606402
-65605790.649025,8784,4873.856649
-37529393.493442,8784,4889.129781
-8158260.749119,8784,4904.379996
-52586191.920503,8784,4919.647755
-16867841.129489,8784,4934.951153
-52364163.189737,8784,4950.236658
-32072076.642055,8784,4965.529067
-14802255.438517,8784,4980.788095
-127452217.305741,8784,4996.087253
-25252095.852731,8784,5011.365669
-21046679.674902,8784,5026.633039
-59807138.797192,8784,5041.857186
-141146403.499435,8784,5057.143084
-40646119.929238,8784,5072.403592
-79547252.22769,8784,5087.7139
-17325274.364197,8784,5103.009402
-83346694.698473,8784,5118.322427
-38806568.78619,8784,5133.611345
-53608384.731672,8784,5148.886883
-35890276.367793,8784,5164.211951
-117621900.846809,8784,5179.561176
-34502638.256571,8784,5194.824576
-62884687.005238,8784,5210.11325
-109270584.542846,8784,5225.444509
-60220262.660651,8784,5240.773681
-11394554.209901,8784,5256.068846
-36546105.55939,8784,5271.39009
-142196881.798232,8784,5286.731333
-14090473.196221,8784,5302.010853
-9905890.730336,8784,5317.315885
-28123671.059842,8784,5332.645667
-163204605.103206,8784,5347.9645
-65018530.703094,8784,5363.262677
-15575117.840709,8784,5378.558073
-89506528.34167,8784,5393.872962
-18829846.028124,8784,5409.182092
-70860037.357881,8784,5424.47294
-15574836.046013,8784,5439.75592
-28788754.008384,8784,5455.07495
-147382804.039664,8784,5470.406947
-18857382.357375,8784,5485.689487
-84773810.483318,8784,5501.023333
-42514869.056241,8784,5516.360026
-32933259.555513,8784,5531.693644
-14888673.645583,8784,5547.035094
-17636307.772542,8784,5562.313648
-37478615.477542,8784,5577.609543
-21478880.136553,8784,5592.889896
-36711912.602832,8784,5608.198137
-25777382.285294,8784,5666.045129
-29002492.167784,8784,5681.325943
-91572589.772603,8784,5696.661664
-70702330.430888,8784,5711.979718
-12723000.631993,8784,5727.29075
-181775419.612604,8784,5742.663571
-112292318.557931,8784,5757.960632
-94591994.503128,8784,5773.25728
-92353284.009431,8784,5788.600913
-7329742.051826,8784,5803.905359
-8488051.834261,8784,5819.244753
-64679523.506108,8784,5834.565486
-71001708.255704,8784,5849.868815
-31354695.925829,8784,5865.166386
-64492210.171424,8784,5880.480392
-165148993.207918,8784,5895.839755
-7359373.331435,8784,5911.148576
-54840239.204764,8784,5926.469667
-34140715.707799,8784,5941.808158
-70257849.157656,8784,5957.128722
-166524693.172375,8784,5972.512507
-9556032.482067,8784,5987.811678
-36396516.981685,8784,6003.123167
-61438096.371053,8784,6018.460653
-61084710.097528,8784,6033.828193
-70180382.475565,8784,6049.193102
-80648242.504021,8784,6064.487798
-15705622.602883,8784,6079.901398
-36828547.919071,8784,6095.242636
-29841987.144231,8784,6110.566402
-152673909.907341,8784,6125.953186
-31271205.588859,8784,6141.278037
-98482192.833364,8784,6156.707646
-21221865.561452,8784,6172.023319
-97568966.42473,8784,6187.376762
-37113842.998074,8784,6202.776637
-116442565.83676,8784,6218.147536
-57396375.767848,8784,6233.50304
-23154348.704577,8784,6248.873477
-16743226.291251,8784,6264.198993
-9605680.884782,8784,6279.564828
-22402377.275011,8784,6294.92378
-12732832.597875,8784,6310.283925
-51010308.519525,8784,6325.641743
-27263959.904055,8784,6340.984957
-39886945.136814,8784,6356.391233
-57396865.401309,8784,6371.797277
-76766521.080747,8784,6387.168476
-140964652.291349,8784,6402.54568
-104763062.025269,8784,6417.923928
-76617564.153958,8784,6475.901777
-19360384.504453,8784,6491.300112
-50368004.429366,8784,6506.646097
-16088694.93975,8784,6522.017157
-59736139.924639,8784,6537.37758
-20541986.177765,8784,6552.771937
-18396905.616018,8784,6568.17786
-72934635.680383,8784,6583.525854
-76527150.211282,8784,6598.898578
-23534622.437913,8784,6614.272458
-16721803.006209,8784,6629.677541
-31040563.779878,8784,6645.059343
-153390250.704807,8784,6660.477617
-38664659.23476,8784,6675.891842
-72788505.790977,8784,6691.283125
-13359696.73478,8784,6706.686799
-63650658.047826,8784,6722.051244
-39574916.317706,8784,6737.458486
-23696533.74126,8784,6752.841487
-17184126.496614,8784,6768.242811
-27711215.786405,8784,6783.681211
-51701814.599391,8784,6799.076507
-30734828.253491,8784,6814.486479
-37084753.464611,8784,6829.909997
-24010158.333824,8784,6845.306593
-124373038.684516,8784,6860.737292
-14175236.882121,8784,6876.106543
-90264723.730576,8784,6891.518803
-16806239.049781,8784,6906.922064
-45842612.286997,8784,6922.310778
-19618793.92043,8784,6937.759806
-58497813.893364,8784,6953.187465
-28946854.461714,8784,6968.621447
-79464389.741844,8784,6984.042644
-38732496.75574,8784,6999.431729
-77047193.868536,8784,7014.837123
-12857409.059773,8784,7030.208385
-40148471.280759,8784,7045.599498
-15478116.97436,8784,7061.00746
-32382395.445471,8784,7076.438147
-62848430.429093,8784,7091.886973
-18360528.376173,8784,7107.295377
-9329191.417045,8784,7122.686546
-91515111.020301,8784,7138.124689
-15376472.043017,8784,7153.559396
-49004707.6496,8784,7169.010835
-98621968.727504,8784,7184.454399
-42857051.185648,8784,7199.854476
-8281332.289702,8784,7215.246893
-18101147.984605,8784,7230.660068
-57871346.869666,8784,7288.857947
-80489319.102442,8784,7304.272373
-47981672.56257,8784,7319.694108
-16824681.902545,8784,7335.170503
-13895514.808032,8784,7350.643444
-21617068.580272,8784,7366.061888
-50570316.827699,8784,7381.52759
-64449906.128955,8784,7396.919448
-26452997.255991,8784,7412.280268
-65882710.955197,8784,7427.651147
-10003983.718172,8784,7443.070232
-69162987.441288,8784,7458.46148
-14244094.976108,8784,7473.830894
-152717649.632013,8784,7489.249721
-22354084.310586,8784,7504.633039
-37865325.702787,8784,7520.072165
-80078355.595977,8784,7535.481321
-69517467.082122,8784,7550.919059
-136315945.272347,8784,7566.349647
-59510655.567378,8784,7581.749352
-28273354.440995,8784,7597.152188
-84259467.465006,8784,7612.557482
-10971760.027889,8784,7627.963249
-17456386.591403,8784,7643.400227
-16614052.931978,8784,7658.814744
-18101278.280478,8784,7674.294106
-58696222.642026,8784,7692.47991
-90730849.350064,8784,7707.813291
-28232239.967593,8784,7723.121385
-91211943.720903,8784,7738.446568
-62506635.776736,8784,7753.813711
-134052478.556882,8784,7769.175511
-123429721.46212,8784,7784.571154
-22240569.717275,8784,7799.919836
-32221777.455982,8784,7815.270672
-92637730.428148,8784,7830.716879
-52522275.02871,8784,7846.447593
-60949624.694076,8784,7864.206877
-71616935.768512,8784,7881.48725
-32034742.563386,8784,7896.669952
-17402133.224656,8784,7911.837152
-69420695.391746,8784,7926.98978
-90552096.986617,8784,7942.150692
-134623925.471895,8784,7957.310182
-14008651.743466,8784,7972.438265
-128092190.039695,8784,7987.609694
-96719029.771471,8784,8002.722417
-10065123.155594,8784,8017.805783
-39247176.534801,8784,8032.912966
-44190000.052121,8784,8047.970151
-57596907.808809,8784,8105.02809
-32274241.190827,8784,8120.10673
-70003274.086316,8784,8135.178734
-137392197.007862,8784,8150.303828
-68318618.751308,8784,8165.368866
-95626743.378013,8784,8180.441696
-8461137.329943,8784,8195.486055
-14102711.482496,8784,8210.581297
-102860074.153609,8784,8225.684342
-83156661.515395,8784,8240.724031
-33876446.853801,8784,8255.772883
-9176321.13192,8784,8270.817652
-13145167.687806,8784,8285.893355
-61736417.837278,8784,8300.964979
-53143020.528012,8784,8316.009052
-37180072.002802,8784,8331.113978
-17641741.005191,8784,8346.196857
-58110860.547734,8784,8361.267975
-39286584.307701,8784,8376.3247
-47308544.773097,8784,8391.422233
-30204538.507043,8784,8406.555831
-141446840.067412,8784,8421.675895
-93858908.276928,8784,8436.779758
-23343967.583794,8784,8451.851917
-99498208.822169,8784,8466.941119
-9238985.794333,8784,8482.051743
-13469839.007683,8784,8497.114785
-58216262.294794,8784,8512.205274
-88219490.19912,8784,8527.290263
-24315793.829084,8784,8542.359606
-23722564.143519,8784,8557.466004
-29470048.244318,8784,8572.562356
-8515827.369814,8784,8587.654193
-26776979.845258,8784,8602.766006
-9874849.603396,8784,8617.878037
-27052536.495328,8784,8633.015215
-80991103.861872,8784,8648.148556
-26600143.343822,8784,8663.254756
-55881995.584995,8784,8678.377091
-25802063.706946,8784,8693.500339
-85533874.192967,8784,8708.665828
-32979566.972009,8784,8723.775872
-27907371.759386,8784,8738.888785
-38024153.846453,8784,8754.848124
-60532339.018212,8784,8769.935797
-36858343.597317,8784,8785.069545
-34316199.557158,8784,8800.136294
-40837883.787986,8784,8815.213687
-59178483.144826,8784,8830.279831
-31477981.351826,8784,8845.390157
-64539580.055175,8784,8902.797044
-11690398.3979,8784,8917.913058
-11406835.755689,8784,8933.015525
-47913043.326846,8784,8948.123633
-28346968.411799,8784,8963.247318
-174131516.878587,8784,8978.454382
-21555715.894694,8784,8993.587632
-137253873.619637,8784,9008.741827
-36574240.705336,8784,9023.871877
-14816011.88084,8784,9038.982806
-51785010.91365,8784,9054.137056
-29979713.549883,8784,9069.279701
-84556279.578338,8784,9084.427295
-38206499.059481,8784,9099.566092
-86809139.665992,8784,9114.709227
-90344600.974678,8784,9129.893979
-79599767.800554,8784,9145.038416
-178768085.596636,8784,9160.229675
-141977465.479447,8784,9175.424
-44755538.006435,8784,9190.630178
-66188405.04428,8784,9205.812958
-22918462.404213,8784,9220.952197
-81997534.760706,8784,9236.097374
-26458978.438302,8784,9251.263316
-102240094.257974,8784,9266.457158
-14609656.338775,8784,9281.63728
-56408406.363739,8784,9296.804927
-96393682.558048,8784,9311.979944
-65224334.153034,8784,9327.13893
-62962201.074229,8784,9342.264136
-71131329.636393,8784,9357.453635
-13287387.773146,8784,9372.584032
-104307570.669987,8784,9387.718681
-49016955.57077,8784,9402.85162
-36170303.491867,8784,9418.006125
-22094431.835628,8784,9433.19594
-8459413.589707,8784,9448.382545
-31907277.218168,8784,9463.533618
-12546695.942557,8784,9478.736022
-48723603.111221,8784,9493.916519
-80506197.226276,8784,9509.1369
-42653972.866227,8784,9524.302932
-43910271.858915,8784,9539.52601
-8668771.41442,8784,9554.693094
-81744638.768707,8784,9569.882618
-120153219.853451,8784,9585.113088
-90556609.028583,8784,9600.306933
-62090458.512363,8784,9615.471779
-56296749.891467,8784,9630.640967
-11939955.671332,8784,9645.807374
-82050137.829889,8784,9702.999163
-91206438.400883,8784,9718.186152
-34194641.333555,8784,9733.368567
-34870089.904252,8784,9748.565826
-102943851.739221,8784,9763.728826
-115827229.784443,8784,9778.987792
-59239997.756926,8784,9794.17788
-26466889.052431,8784,9809.340162
-16942007.333664,8784,9824.501576
-29949340.235231,8784,9839.664077
-33287786.827937,8784,9854.841662
-69146205.096705,8784,9870.014237
-79538388.22892,8784,9885.229708
-28878308.140982,8784,9900.409542
-8989650.910764,8784,9915.582779
-9676165.573781,8784,9930.785211
-15157553.467383,8784,9945.94367
-89012152.696698,8784,9961.208442
-91593818.351589,8784,9976.430923
-69114644.194697,8784,9991.635002
-24844775.712128,8784,10006.879496
-24978411.148624,8784,10022.096688
-43093968.167287,8784,10037.310992
-71383876.219538,8784,10052.577156
-11052317.827209,8784,10067.786595
-46896997.214754,8784,10083.013805
-123526970.232872,8784,10098.260306
-75994135.559661,8784,10113.481163
-69451789.762427,8784,10128.67682
-73580165.720521,8784,10143.878171
-110837345.893836,8784,10159.107532
-69193498.889921,8784,10174.35238
-20242388.235378,8784,10189.553911
-73082282.355973,8784,10204.731804
-24768147.758445,8784,10219.905208
-29995340.677315,8784,10235.132079
-37195623.659812,8784,10250.345776
-53790820.598227,8784,10265.565315
-21096315.691519,8784,10280.789994
-17429664.917657,8784,10296.033529
-25019789.081896,8784,10311.296586
-45715782.61623,8784,10326.522842
-19651055.206454,8784,10341.76585
-80576609.347866,8784,10357.03005
-59137539.8873,8784,10372.264096
-26503615.545909,8784,10387.515979
-36931196.323058,8784,10402.761934
-51845332.612487,8784,10417.968033
-15615167.11937,8784,10433.222987
-18403266.414009,8784,10448.463238
-36853247.878285,8784,10505.671829
-17919523.251679,8784,10520.884613
-61162881.145652,8784,10536.124032
-39412983.591159,8784,10551.356173
-56134835.445481,8784,10566.616856
-42885908.372787,8784,10581.88358
-40736279.562559,8784,10597.096854
-12941482.13463,8784,10612.332259
-74344215.911558,8784,10627.581929
-17033623.753699,8784,10642.846849
-61504062.537258,8784,10658.096191
-36641905.201808,8784,10673.315742
-55700532.569754,8784,10688.538496
-21518225.162513,8784,10703.765638
-38938307.357673,8784,10718.97023
-63856550.383569,8784,10734.245247
-73222711.748457,8784,10749.474631
-90472382.703869,8784,10764.739557
-31074654.63239,8784,10779.955504
-26702599.589305,8784,10795.264874
-52879148.036489,8784,10810.575193
-46915341.295158,8784,10825.83598
-10131660.098217,8784,10841.098028
-47002294.760127,8784,10856.402301
-87044137.876086,8784,10871.675363
-24252973.703358,8784,10886.995399
-41336656.729009,8784,10902.313959
-13602026.092036,8784,10917.564097
-60495042.833274,8784,10932.830719
-31824687.43058,8784,10948.125242
-26385302.204258,8784,10963.397103
-45530963.993369,8784,10978.661605
-20760117.120621,8784,10993.915988
-23774834.174971,8784,11009.14913
-65980860.316174,8784,11024.372217
-25652054.010119,8784,11039.662519
-16466233.967936,8784,11054.90365
-37734264.349914,8784,11070.18726
-10605089.369181,8784,11085.429127
-79998395.581847,8784,11100.689164
-35814954.130247,8784,11115.988259
-23156867.526911,8784,11131.285592
-55696685.915039,8784,11146.54735
-154083638.319011,8784,11161.851142
-70164792.474761,8784,11177.124082
-24361339.210077,8784,11192.419593
-25563974.32006,8784,11207.711212
-50763652.347405,8784,11223.042728
-131332812.581835,8784,11238.362305
-70869775.007569,8784,11253.672901
-71201040.153558,8784,11311.072659
-16001329.271127,8784,11326.387217
-42392818.370293,8784,11341.685675
-20513162.140226,8784,11356.951471
-85316828.305476,8784,11372.215974
-19565013.003892,8784,11387.519884
-35364619.267558,8784,11402.79597
-7132649.82411,8784,11418.091005
-45752886.47339,8784,11433.411063
-86026316.157896,8784,11448.732158
-25330678.565931,8784,11464.071239
-9275054.53115,8784,11479.381768
-69031143.479952,8784,11494.65936
-21940020.24832,8784,11509.969957
-28746949.608685,8784,11525.291708
-7133212.112726,8784,11540.63173
-134365192.944648,8784,11555.972031
-77005618.463564,8784,11571.265016
-10664619.137843,8784,11586.532862
-37268119.183442,8784,11603.926731
-29861679.354305,8784,11619.122139
-75869021.114764,8784,11634.271258
-76267719.905961,8784,11649.433238
-16666041.258733,8784,11664.625001
-20868851.059957,8784,11679.937534
-38599978.044616,8784,11695.165096
-12609213.214489,8784,11710.34163
-12701561.182915,8784,11725.51615
-46698402.987554,8784,11741.037023
-40272736.361467,8784,11756.218354
-42000182.854709,8784,11774.834657
-28634692.238939,8784,11790.03977
-45273847.323086,8784,11805.240144
-12169446.181252,8784,11820.404367
-14127395.061193,8784,11835.57195
-45069502.366408,8784,11850.792948
-10558250.380462,8784,11866.003134
-9597717.553273,8784,11881.203067
-24124418.629585,8784,11896.352694
-21765246.441202,8784,11911.531634
-19577818.603228,8784,11926.690742
-9595682.633413,8784,11941.792414
-13597871.939759,8784,11956.97063
-54995481.265183,8784,11972.178575
-22627845.497247,8784,11987.391849
-18405088.993083,8784,12002.61351
-72411620.946674,8784,12017.887963
-24101958.780421,8784,12033.101847
-24467749.252412,8784,12048.328312
-104176962.172032,8784,12063.590462
-106893732.978157,8784,12121.032094
-13491771.90478,8784,12136.247947
-76827633.510263,8784,12151.458911
-82168063.294099,8784,12166.670997
-9922659.380724,8784,12181.827601
-92302711.311293,8784,12197.064148
-21610209.680786,8784,12212.213627
-16305012.818427,8784,12227.401826
-63527851.170463,8784,12242.602422
-26715435.072187,8784,12257.774593
-14008610.640849,8784,12273.000684
-112629196.055566,8784,12288.267251
-57525559.542516,8784,12303.473648
-72305136.040328,8784,12318.711579
-34277226.75934,8784,12333.890409
-27355818.521115,8784,12349.11459
-48819509.294984,8784,12364.320992
-35667776.488723,8784,12379.560129
-37870759.728578,8784,12394.784984
-31121348.630178,8784,12410.055765
-20229544.415451,8784,12425.255435
-8906989.316243,8784,12440.438833
-11314464.54128,8784,12455.537654
-32277434.771341,8784,12470.712577
-15145100.951273,8784,12485.848871
-23576316.244967,8784,12501.078582
-20179551.293703,8784,12516.365601
-30567558.960523,8784,12531.65897
-124192520.948982,8784,12546.956509
-67734497.028593,8784,12562.16353
-58872635.4148,8784,12577.389472
-99031216.090907,8784,12592.738844
-101971822.213921,8784,12607.953596
-11083178.071091,8784,12623.181903
-151658232.102891,8784,12638.488506
-14891607.931387,8784,12653.711096
-14567580.835668,8784,12668.981487
-14234662.940822,8784,12684.223071
-130649178.505208,8784,12699.396249
-7140494.996397,8784,12714.561253
-23210579.448484,8784,12729.736465
-47331496.908174,8784,12744.941257
-21872233.743223,8784,12760.170082
-51548401.857646,8784,12775.41214
-14702110.739795,8784,12790.72776
-73796105.932126,8784,12806.044885
-17803409.736977,8784,12821.325289
-10260035.040667,8784,12836.563642
-103099586.046206,8784,12851.830674
-19734542.892102,8784,12867.025548
-30742061.674918,8784,12924.476801
-14500095.954941,8784,12939.768551
-29004388.345599,8784,12955.109313
-12608942.042264,8784,12970.355327
-67249333.512318,8784,12985.581847
-94142523.34212,8784,13000.836458
-84516752.742191,8784,13016.04872
-90875932.867976,8784,13031.233213
-11918353.870368,8784,13046.529881
-24588848.465807,8784,13061.806253
-26309608.776181,8784,13077.106998
-38942171.871388,8784,13092.377169
-146787091.45937,8784,13107.685241
-73601732.743732,8784,13122.917703
-75963990.602953,8784,13138.166696
-16391597.270329,8784,13153.407538
-70798302.634168,8784,13168.667294
-47410313.555309,8784,13183.985656
-114802042.656524,8784,13199.320439
-47203780.734989,8784,13214.628186
-127802924.410952,8784,13230.012031
-107681679.960186,8784,13245.286112
-73949743.794526,8784,13260.564028
-25582407.802196,8784,13275.779272
-102999683.31916,8784,13291.056759
-61983427.306812,8784,13306.334818
-14274702.563211,8784,13321.652596
-26126208.358154,8784,13336.990909
-55706950.68449,8784,13352.247621
-43172186.01397,8784,13367.509115
-60781717.172526,8784,13382.803629
-22500262.941717,8784,13398.06524
-24125609.916349,8784,13413.418537
-53884055.500064,8784,13428.737023
-72909914.716435,8784,13444.090959
-23714144.350731,8784,13459.444005
-57303494.855668,8784,13474.739426
-58378625.645508,8784,13490.036953
-44959957.467286,8784,13505.355146
-22142059.71217,8784,13520.623875
-20071094.257299,8784,13535.958471
-19773341.570973,8784,13551.259219
-156930096.084368,8784,13566.599183
-60700178.994362,8784,13581.91008
-20300188.412302,8784,13597.253917
-29743524.384595,8784,13612.586023
-41870415.557397,8784,13627.938542
-119018240.829151,8784,13643.258086
-54334617.356456,8784,13658.583476
-43872533.725504,8784,13673.911267
-31992083.279915,8784,13731.379739
-27214900.660302,8784,13746.733494
-46956359.613683,8784,13761.981945
-74537291.271886,8784,13777.261998
-79931784.703204,8784,13792.491737
-88199939.150057,8784,13807.771484
-29225255.277935,8784,13823.102366
-56069250.636125,8784,13838.44783
-60083398.388209,8784,13853.78018
-51252339.965872,8784,13869.128783
-12212722.545155,8784,13884.421561
-30948077.309491,8784,13899.733529
-113511125.646526,8784,13914.981219
-51130773.734957,8784,13930.267782
-36473609.196351,8784,13945.633816
-31613973.049267,8784,13961.042945
-66808555.009151,8784,13976.452127
-8670893.679027,8784,13991.781109
-17603676.743098,8784,14007.079349
-131644527.395991,8784,14022.412953
-79153734.802223,8784,14037.77088
-26751790.505129,8784,14053.076636
-19391308.328059,8784,14068.432639
-14119129.924519,8784,14083.802808
-66353315.76348,8784,14099.155661
-125901016.561479,8784,14114.571271
-13492816.438664,8784,14129.852794
-9703948.225629,8784,14145.147257
-7642365.120547,8784,14160.465875
-14714133.660005,8784,14175.753284
-19509110.186208,8784,14191.155986
-16955254.531376,8784,14206.514259
-128661409.795764,8784,14221.956568
-27297581.141263,8784,14237.322423
-14027025.095357,8784,14252.664898
-10007620.713389,8784,14268.038528
-103932085.46173,8784,14283.431172
-39923585.816503,8784,14298.77587
-15709697.585969,8784,14314.233236
-69432304.164015,8784,14329.562474
-15781416.871143,8784,14345.001746
-25270767.549657,8784,14360.37171
-16844225.428102,8784,14375.676034
-28714974.461573,8784,14391.049681
-8700880.242612,8784,14406.401446
-57546234.521026,8784,14421.746138
-39248421.805104,8784,14437.128335
-27702211.973569,8784,14452.476789
-114236718.250403,8784,14467.881149
-15959628.093303,8784,14483.298483
-83033134.589642,8784,14540.739252
-49839923.691587,8784,14556.129751
-46962693.748405,8784,14571.462232
-171416125.604975,8784,14586.840277
-78087716.139364,8784,14602.305419
-59601470.160999,8784,14617.743289
-157290678.810932,8784,14633.187025
-42374861.18665,8784,14648.584227
-25699916.457064,8784,14663.922474
-20272967.323924,8784,14679.304232
-12022777.485845,8784,14694.659457
-42028785.910296,8784,14709.938408
-17752856.075412,8784,14725.297615
-23408831.793627,8784,14740.695444
-52273487.430313,8784,14756.172706
-46770699.056112,8784,14771.634646
-60691060.861571,8784,14786.996662
-16117371.504025,8784,14802.41205
-43668568.303894,8784,14817.764906
-31332188.07144,8784,14833.163982
-87933238.474999,8784,14848.634971
-101640224.832003,8784,14864.052459
-66751947.390456,8784,14879.494113
-72975155.547509,8784,14894.972128
-62906280.18377,8784,14910.377569
-77411628.752396,8784,14925.869106
-51897606.186128,8784,14941.270293
-13526977.128491,8784,14956.670937
-18127843.715719,8784,14972.091112
-80444418.81664,8784,14987.472164
-21388484.534187,8784,15002.910535
-45403428.982152,8784,15018.370007
-60929172.126101,8784,15033.754206
-114696683.568378,8784,15049.167321
-13487723.676357,8784,15064.549701
-57870669.386619,8784,15079.956762
-18345648.431067,8784,15095.444497
-63382274.477787,8784,15110.833593
-42996453.275668,8784,15126.288832
-51831897.356915,8784,15141.729173
-37965241.937085,8784,15157.158097
-59024010.031697,8784,15172.537116
-11790495.479236,8784,15188.000396
-62677403.083743,8784,15203.488467
-61343978.232662,8784,15218.986278
-153859357.151373,8784,15234.492002
-84213321.685212,8784,15249.92441
-14728278.389883,8784,15265.340031
-49130344.343053,8784,15280.693996
-60039141.273171,8784,15296.047034
-17774315.107111,8784,15353.729697
-26514746.890046,8784,15369.15846
-133549090.616907,8784,15384.707093
-12372824.128333,8784,15400.146925
-49500137.695263,8784,15415.588553
-35613368.569732,8784,15431.16631
-86556952.50522,8784,15446.624905
-7911557.674572,8784,15462.049401
-23386235.249638,8784,15477.454444
-16144557.878226,8784,15492.855717
-115023408.41236,8784,15511.082379
-57377448.193529,8784,15526.442347
-17175075.036056,8784,15541.793791
-124650991.065241,8784,15557.137301
-50128118.215885,8784,15572.625362
-41057194.303319,8784,15588.116837
-35472319.005996,8784,15603.469281
-46176107.938387,8784,15618.934865
-32473386.647021,8784,15634.375972
-26699158.977465,8784,15650.193003
-17489703.357518,8784,15666.880857
-15141798.129046,8784,15683.592285
-19390407.255773,8784,15699.018514
-13601439.322718,8784,15714.437965
-140106166.638336,8784,15729.926291
-13418739.421106,8784,15745.399329
-75996148.293608,8784,15760.809594
-18563634.45613,8784,15776.216725
-35518721.466436,8784,15791.657736
-51976582.945091,8784,15807.15389
-44515697.566102,8784,15822.61124
-40300106.45361,8784,15838.052625
-45941503.677272,8784,15853.489206
-42856387.567187,8784,15868.969622
-7507406.43395,8784,15884.414867
-104427475.351013,8784,15899.936193
-29455613.107269,8784,15915.402244
-7459280.383945,8784,15930.860562
-24897721.699186,8784,15946.328675
-69130067.9522,8784,15961.818886
-51193125.820786,8784,15977.331233
-7265263.717134,8784,15992.793373
-18639845.820291,8784,16008.245541
-17473877.188793,8784,16023.697688
-6960738.781245,8784,16039.142823
-22678229.97789,8784,16054.650327
-37191841.268026,8784,16070.144455
-37165304.777614,8784,16085.571991
-63165140.315091,8784,16101.037363
-32827566.432563,8784,16116.472202
-10321028.718154,8784,16174.138286
-72488160.847131,8784,16189.601266
-22964860.550078,8784,16205.103114
-61105868.175543,8784,16220.546563
-32386589.368297,8784,16236.040245
-6627862.589901,8784,16251.548121
-36688477.8735,8784,16267.014107
-87682012.431464,8784,16282.498351
-39795799.4616,8784,16298.023329
-30301988.179608,8784,16313.518402
-15410178.902279,8784,16329.031921
-20445295.525122,8784,16344.509795
-26504077.099583,8784,16359.938282
-45823514.477378,8784,16375.423289
-27709652.351661,8784,16390.869883
-24472689.985916,8784,16406.385959
-40444749.886756,8784,16421.862252
-106142304.185565,8784,16437.401172
-16576855.687535,8784,16452.893591
-40021867.034691,8784,16468.391407
-51985518.596565,8784,16483.919097
-72860067.166719,8784,16499.406529
-24553432.826216,8784,16514.929093
-26871423.453243,8784,16530.472448
-14388800.815125,8784,16545.960255
-117577116.41098,8784,16561.513386
-16881274.028474,8784,16577.009069
-92411480.828988,8784,16592.51701
-63758185.339187,8784,16607.957122
-6696204.181968,8784,16623.435304
-20519579.863164,8784,16638.934441
-58645232.803291,8784,16654.423912
-15264247.126814,8784,16669.912708
-69890702.819156,8784,16685.395967
-22007016.042552,8784,16700.893694
-95357893.001887,8784,16716.42995
-94994664.390381,8784,16731.895325
-64903286.734498,8784,16747.402589
-26511849.922804,8784,16762.891961
-125592007.686559,8784,16778.452931
-30557372.947641,8784,16794.014401
-38200818.826942,8784,16809.567921
-88265521.423202,8784,16825.140615
-104044372.75378,8784,16840.665598
-17609427.613296,8784,16856.213894
-82693831.796793,8784,16871.801833
-59505985.451795,8784,16887.356834
-35918590.744251,8784,16902.874339
-30905176.998832,8784,16918.406119
-43478902.629278,8784,16933.926333
-9171460.55904,8784,16991.511248
-30064293.955864,8784,17007.044859
-91951338.893478,8784,17022.590946
-77867391.301815,8784,17038.141697
-17690714.582693,8784,17053.707789
-7081624.718672,8784,17069.266271
-22067317.918518,8784,17084.818414
-16785864.358827,8784,17100.351634
-21772416.408516,8784,17115.887873
-21712021.707297,8784,17131.470483
-9284552.476037,8784,17147.033144
-9866138.548162,8784,17162.598645
-16875806.304829,8784,17178.13368
-45741022.173334,8784,17193.685613
-112896088.229822,8784,17209.274203
-91387335.398965,8784,17224.849253
-25005398.12495,8784,17240.366583
-77424881.906103,8784,17255.876888
-29117187.384656,8784,17271.382841
-21748078.845038,8784,17286.943876
-34141567.40362,8784,17302.542078
-54838649.102836,8784,17318.079044
-68992985.880636,8784,17333.631694
-21430047.867436,8784,17349.181276
-15008738.855011,8784,17364.739912
-117314973.654681,8784,17380.348027
-20211717.060504,8784,17395.890615
-50722275.080547,8784,17411.443045
-9037964.799068,8784,17426.989517
-8417460.361216,8784,17442.57385
-36582247.663718,8784,17458.148448
-36223750.056742,8784,17473.67821
-25733821.773426,8784,17489.245585
-37086558.407677,8784,17504.839483
-67484414.633797,8784,17520.402452
-100111375.797058,8784,17536.01615
-35666779.361297,8784,17551.562362
-46226428.93746,8784,17567.161175
-113608504.461552,8784,17582.74788
-18733193.920099,8784,17598.315581
-122876652.352005,8784,17613.940195
-90128582.42988,8784,17629.501788
-19084906.254512,8784,17645.07453
-9467177.276348,8784,17660.637936
-28327090.954125,8784,17676.204178
-41416331.439004,8784,17691.773614
-26835265.215631,8784,17707.347148
-12235742.864082,8784,17722.908706
-34622046.078158,8784,17738.455683
-22823810.818761,8784,17754.018549
-84419956.741289,8784,17811.736598
-41117356.397691,8784,17827.337632
-45458944.518143,8784,17842.944827
-76363223.593772,8784,17858.509794
-32432776.023634,8784,17874.126772
-58091582.88709,8784,17889.707163
-25861324.174882,8784,17905.315827
-31302086.655374,8784,17920.956554
-9745843.383223,8784,17936.525413
-78597402.367026,8784,17952.135236
-54364508.819722,8784,17967.761273
-51136066.756021,8784,17983.346297
-17653319.950501,8784,17998.948274
-32613637.710594,8784,18014.546051
-29724649.868515,8784,18030.096305
-18596260.050318,8784,18045.70098
-39254534.65133,8784,18061.261776
-28742535.26485,8784,18076.865213
-112142862.851431,8784,18092.494314
-22371256.887533,8784,18108.075077
-8425238.946028,8784,18123.688409
-16218979.916559,8784,18139.315521
-12131005.688016,8784,18154.947851
-19689249.785697,8784,18170.547973
-47188377.803144,8784,18186.146876
-31008966.942301,8784,18201.814201
-20116770.870749,8784,18217.399877
-75093400.382164,8784,18233.017745
-81447958.713112,8784,18248.631787
-21675784.617478,8784,18264.213018
-16178989.049274,8784,18279.884626
-14326720.896194,8784,18295.483559
-53573156.567181,8784,18311.079799
-82586542.971704,8784,18326.675342
-74767086.350363,8784,18342.308733
-82286109.342279,8784,18357.900239
-15087763.418252,8784,18373.46532
-20836373.18521,8784,18389.086544
-13152180.161362,8784,18404.661998
-21837455.957352,8784,18420.255139
-12406886.851644,8784,18435.905032
-13076679.894402,8784,18451.533685
-44478776.427243,8784,18467.163547
-38758795.854309,8784,18482.797773
-14635200.062626,8784,18498.434287
-57980620.98977,8784,18514.122354
-40374056.096793,8784,18529.746082
-42123160.90937,8784,18545.422063
-33692673.404149,8784,18561.05599
-24445812.422714,8784,18576.656166
-57263248.150015,8784,18634.351998
-25667473.707849,8784,18649.997302
-71149090.002674,8784,18665.664404
-88154058.85068,8784,18681.302456
-8767322.351398,8784,18696.936444
-37609714.688287,8784,18712.595576
-14768386.660678,8784,18728.249692
-28389341.023784,8784,18743.876944
-38256500.676912,8784,18759.512234
-18936664.407984,8784,18775.129111
-59188602.089109,8784,18790.801029
-31796240.202525,8784,18806.494221
-50042819.685292,8784,18822.12226
-49915196.474018,8784,18837.739345
-43766406.984701,8784,18853.353972
-6651425.897527,8784,18868.968754
-25304889.046648,8784,18884.594733
-76873196.133163,8784,18900.282834
-33376109.821698,8784,18915.9301
-37922286.438365,8784,18931.563365
-40866000.961613,8784,18947.241759
-79703004.038065,8784,18962.957474
-9477856.979882,8784,18978.596406
-74697781.246676,8784,18994.239284
-55084430.696029,8784,19009.886532
-109774020.404641,8784,19025.622203
-13719992.531339,8784,19041.296654
-33522726.216974,8784,19056.917136
-29765933.705906,8784,19072.618022
-54737923.107262,8784,19088.260018
-69196675.679399,8784,19103.933716
-110586839.026687,8784,19119.613404
-10766618.514243,8784,19135.339593
-49825843.12998,8784,19151.014129
-142660790.89923,8784,19166.707297
-9487395.630919,8784,19182.382626
-13134894.384071,8784,19197.98857
-55572139.594975,8784,19213.677335
-32632773.022414,8784,19229.295926
-96344249.575181,8784,19245.020119
-82235309.047794,8784,19260.754332
-51985206.73671,8784,19276.464801
-64431128.439223,8784,19292.124172
-39752629.469407,8784,19307.843576
-17817287.316124,8784,19323.533277
-20332028.118822,8784,19339.254598
-67882019.853952,8784,19354.915476
-44457225.746437,8784,19370.569543
-17559730.02935,8784,19386.269359
-36971797.661487,8784,19402.017274
-68187440.564617,8784,19461.799292
-7722971.667812,8784,19477.377479
-32891509.591616,8784,19493.063209
-22745585.705922,8784,19508.634572
-39576819.717237,8784,19524.216509
-13467518.622814,8784,19539.842672
-52463049.792967,8784,19555.953607
-8553818.951473,8784,19571.565334
-30296585.038191,8784,19590.679716
-34060812.271699,8784,19606.208745
-11845476.363363,8784,19621.67137
-38763127.809604,8784,19637.153846
-51395250.30761,8784,19652.662645
-7903858.227958,8784,19668.096865
-24540309.799094,8784,19683.515338
-17970053.624011,8784,19698.989954
-13887927.09444,8784,19714.472148
-19938838.123459,8784,19729.900231
-19351762.720604,8784,19745.334539
-98069021.542567,8784,19760.815619
-8438813.590821,8784,19776.301833
-40980821.323414,8784,19791.740819
-73989008.768627,8784,19807.145653
-10068642.402981,8784,19822.601448
-66468476.906516,8784,19838.058665
-25386627.572077,8784,19853.578708
-21142664.016637,8784,19869.066453
-37521246.554434,8784,19884.577211
-29513785.808449,8784,19900.062483
-58159423.985163,8784,19915.520639
-19874675.074617,8784,19931.013299
-7262569.489037,8784,19946.498844
-70491063.858047,8784,19961.986227
-74504418.696266,8784,19977.461677
-62855256.402241,8784,19992.955485
-34675697.174131,8784,20008.452625
-40499650.972589,8784,20023.953546
-9405813.71426,8784,20039.426776
-58291909.790133,8784,20054.90048
-29734255.337544,8784,20070.345496
-7401854.916483,8784,20085.805318
-69646353.676593,8784,20101.336338
-35105105.742539,8784,20116.810186
-18817425.542644,8784,20132.291045
-27789832.536281,8784,20147.844362
-74596096.259238,8784,20163.392555
-53113082.510766,8784,20178.912913
-89674277.375069,8784,20194.434445
-85150967.475426,8784,20209.989227
-22813311.831942,8784,20225.464954
-18517522.811461,8784,20283.088153
-53586438.094806,8784,20298.57223
-21734336.767904,8784,20314.016032
-29597527.076822,8784,20329.486877
-10356366.546313,8784,20344.991841
-58798420.10695,8784,20360.513512
-72653512.795474,8784,20376.037003
-19192284.110951,8784,20391.571431
-24149805.739766,8784,20407.094202
-93639849.302001,8784,20422.663184
-47812211.723638,8784,20438.207768
-23992063.824489,8784,20453.828225
-37721348.179353,8784,20469.354922
-73110561.1967,8784,20484.864684
-50953036.048935,8784,20500.382665
-13885962.199704,8784,20516.019908
-14395542.930819,8784,20531.553004
-8142307.903123,8784,20547.077093
-8213454.175542,8784,20562.572701
-10997213.728644,8784,20578.09352
-53868109.727619,8784,20593.674586
-26926311.2339,8784,20609.241153
-30438542.702118,8784,20624.796427
-58380999.494448,8784,20640.342651
-76663127.439123,8784,20655.881903
-39395364.448308,8784,20671.464605
-16503116.115168,8784,20686.993922
-52426515.972159,8784,20702.5412
-36582999.398278,8784,20718.127343
-56539645.524313,8784,20733.702589
-27320143.032077,8784,20749.302297
-74009364.580205,8784,20764.876964
-49951549.262978,8784,20780.418388
-20962778.03578,8784,20795.986495
-18775484.077332,8784,20811.503278
-41791656.553917,8784,20827.09978
-75504152.011072,8784,20842.672814
-29483257.182068,8784,20858.252372
-35470611.959472,8784,20873.846082
-158054056.88396,8784,20890.361516
-27970693.742882,8784,20905.930024
-50859761.939292,8784,20921.517295
-73659531.091819,8784,20937.119988
-101225406.21945,8784,20952.707096
-52148691.61335,8784,20968.306336
-118812516.068426,8784,20983.940037
-41633381.000827,8784,20999.56151
-63993527.489056,8784,21015.146232
-16803589.918047,8784,21030.719113
-9606015.338497,8784,21046.276387
-23604934.309766,8784,21103.774156
-20413318.270578,8784,21119.325615
-17909780.941286,8784,21134.888192
-91695494.330364,8784,21150.436082
-50271268.873991,8784,21165.959702
-17726480.42053,8784,21181.586819
-39506065.373594,8784,21197.130562
-19623642.178916,8784,21212.715486
-46212385.370562,8784,21228.300322
-18378251.521871,8784,21243.84838
-46818187.487293,8784,21259.457437
-51241299.735353,8784,21275.010992
-40562421.143349,8784,21290.599867
-22779498.469505,8784,21306.188083
-30275515.231774,8784,21321.794132
-11791486.164946,8784,21337.43494
-53932623.370762,8784,21353.000719
-73793014.859045,8784,21368.623823
-56048216.034559,8784,21384.16777
-40529655.332728,8784,21399.755757
-44168893.306334,8784,21415.357846
-19934132.364925,8784,21430.912981
-17846799.212228,8784,21446.465233
-29455629.527102,8784,21462.019088
-17059607.165213,8784,21477.602022
-8000940.71494,8784,21493.222653
-16510785.961976,8784,21508.820095
-16099719.836592,8784,21524.434379
-45532668.112916,8784,21540.016847
-14132543.719362,8784,21555.598932
-31554648.722937,8784,21571.244584
-5972835.860442,8784,21586.817456
-35749365.643778,8784,21602.437819
-57119221.343857,8784,21618.081317
-87654028.356102,8784,21633.718671
-52242205.522881,8784,21649.337831
-62857632.257968,8784,21664.912118
-39520828.68037,8784,21680.568688
-17467334.074861,8784,21696.111629
-29316838.050909,8784,21711.700655
-24885223.734833,8784,21727.312964
-22541497.794497,8784,21742.962063
-40472685.145708,8784,21758.57842
-43429165.171852,8784,21774.204533
-27300436.916466,8784,21789.865726
-45366767.759185,8784,21805.480588
-82184390.449028,8784,21821.130398
-66669775.801743,8784,21836.766698
-29808811.717533,8784,21852.378404
-41854953.748952,8784,21868.061746
-80059215.469444,8784,21925.721452
-85196028.694122,8784,21941.35958
-112831368.334203,8784,21957.005183
-12576259.673963,8784,21972.607487
-54660942.379927,8784,21988.177481
-27226078.997085,8784,22003.836336
-23466224.228788,8784,22019.452948
-19623182.280873,8784,22035.079925
-50975710.246717,8784,22050.729539
-81378761.589818,8784,22066.366468
-8592145.005498,8784,22082.007229
-35869814.27813,8784,22097.672632
-28703741.908069,8784,22113.281237
-18518422.228605,8784,22129.00368
-34756124.434515,8784,22144.655861
-60735690.421704,8784,22160.376402
-37478920.261966,8784,22176.01632
-13926151.008855,8784,22191.691051
-59369379.165282,8784,22207.325571
-69294200.674135,8784,22222.970824
-7173896.345859,8784,22238.614584
-49544772.496661,8784,22254.242578
-89555755.432916,8784,22269.887479
-68811487.350464,8784,22285.569247
-15257153.313086,8784,22301.206952
-35259895.330635,8784,22316.89516
-84329586.359926,8784,22332.536247
-38190900.696897,8784,22348.152044
-20456464.768287,8784,22363.81557
-30075780.487484,8784,22379.463615
-22763759.509922,8784,22395.161211
-16789012.211519,8784,22410.804764
-8982014.379009,8784,22426.463628
-14263330.977627,8784,22442.099568
-13948705.745447,8784,22457.752338
-52052006.224854,8784,22473.450414
-14307745.111844,8784,22489.106256
-41547734.519929,8784,22504.800976
-26197524.458102,8784,22520.469074
-111708708.803481,8784,22536.201138
-54607167.136362,8784,22551.903592
-23949524.434645,8784,22567.572224
-18593940.76796,8784,22583.287416
-81446173.032803,8784,22598.979205
-19811961.992508,8784,22614.613181
-19767113.279722,8784,22630.338515
-56160171.673954,8784,22645.98696
-15224240.754543,8784,22661.674606
-71623223.832971,8784,22677.376287
-26326802.263499,8784,22693.03902
-40208225.663374,8784,22750.891558
-102754458.97084,8784,22766.63931
-13392863.782962,8784,22782.357402
-75534715.524406,8784,22798.058753
-12181953.503116,8784,22813.73105
-43831106.80953,8784,22829.443657
-14987359.878829,8784,22845.131739
-90724300.788163,8784,22860.848157
-98027667.912877,8784,22876.50985
-51952002.399973,8784,22892.15971
-127880541.747347,8784,22907.922548
-59901450.929063,8784,22923.654537
-59814924.174137,8784,22939.336555
-21096944.985681,8784,22955.062429
-40429918.462345,8784,22970.74133
-28888234.457699,8784,22986.542435
-62493291.502154,8784,23002.245214
-73270567.551628,8784,23017.981992
-19655350.195389,8784,23033.674181
-71691427.65725,8784,23049.37993
-27701935.966838,8784,23065.15645
-17106858.550469,8784,23081.007521
-19658844.502313,8784,23096.707281
-116346659.387764,8784,23112.47844
-46180003.699194,8784,23128.160062
-50518748.70883,8784,23143.90297
-22472824.418297,8784,23159.609466
-9704636.225771,8784,23175.301382
-36137879.526003,8784,23191.049296
-20104511.586654,8784,23206.8027
-23239048.757407,8784,23222.519584
-18155660.248522,8784,23238.243999
-49653429.690187,8784,23254.030691
-7992415.498309,8784,23269.735861
-20800635.579963,8784,23285.441517
-57842946.252697,8784,23301.165071
-9585970.368376,8784,23316.893576
-50527137.607807,8784,23332.570646
-63171163.320721,8784,23348.320904
-25664876.469425,8784,23365.911677
-29479522.579501,8784,23381.658713
-69785242.814963,8784,23397.406116
-66128698.680161,8784,23413.122612
-6686433.675803,8784,23428.793355
-10439571.7013,8784,23444.489079
-45759460.813953,8784,23460.505021
-60950906.361484,8784,23476.178807
-30461677.061941,8784,23493.559631
-42200802.365676,8784,23512.980251
-15258376.809042,8784,23528.435677
-59384666.56089,8784,23586.060088
-33853683.006597,8784,23601.503155
-12824688.79406,8784,23616.976399
-36260260.319414,8784,23632.434917
-51668391.478921,8784,23647.908498
-7756921.120263,8784,23663.39271
-42995283.564169,8784,23678.880438
-44177808.087583,8784,23694.312802
-26071471.477534,8784,23709.739449
-55040872.937648,8784,23725.19661
-44178824.383219,8784,23740.684301
-61705995.745767,8784,23756.226906
-19274581.966932,8784,23771.78371
-105548838.043571,8784,23787.279133
-48199447.435395,8784,23802.820026
-12056472.617938,8784,23818.444194
-20733583.644608,8784,23833.951872
-24765242.705326,8784,23849.46394
-30239715.537459,8784,23865.037952
-60745123.830329,8784,23880.644269
-70080724.041857,8784,23896.202185
-39262529.756729,8784,23911.663514
-42362202.363765,8784,23927.171096
-106400836.656031,8784,23942.742399
-21409848.979586,8784,23958.188359
-48969264.209698,8784,23973.742934
-44824756.931339,8784,23989.207808
-54649168.726317,8784,24004.724767
-58995229.315875,8784,24020.241116
-6709795.558906,8784,24035.815096
-28502571.336573,8784,24051.428421
-46449181.094048,8784,24066.947646
-11228387.322388,8784,24082.533032
-50520649.622715,8784,24098.069783
-20007005.742629,8784,24113.631633
-29189134.125837,8784,24129.256001
-42878169.277537,8784,24144.817765
-38157653.240648,8784,24160.329561
-57547962.275524,8784,24175.886634
-68564678.781158,8784,24191.503358
-69311945.269855,8784,24207.188787
-82723538.330115,8784,24222.896782
-25110602.940869,8784,24238.415656
-50837004.296116,8784,24253.995525
-36394825.115739,8784,24269.572565
-65415461.442672,8784,24285.176933
-78802943.494759,8784,24300.748433
-67973871.276773,8784,24316.308922
-68029921.898245,8784,24331.899772
-16808092.793642,8784,24347.480328
-27761990.897593,8784,24405.127441
-8376835.489272,8784,24420.679188
-20553111.673248,8784,24436.295588
-38851318.954581,8784,24451.87437
-36095991.268532,8784,24467.395872
-51521932.324217,8784,24483.007448
-15765817.330971,8784,24498.544782
-14805653.757899,8784,24514.089396
-21923251.949344,8784,24529.704402
-55884954.415553,8784,24545.295333
-19210615.488124,8784,24560.926187
-63890186.263942,8784,24576.508151
-54255113.772472,8784,24592.122572
-43927778.143863,8784,24607.763269
-87216826.684475,8784,24623.400579
-40254902.30449,8784,24639.02505
-18106654.636595,8784,24654.615897
-12398111.84929,8784,24670.211079
-13141643.757797,8784,24685.814527
-14852382.150247,8784,24701.418741
-9266114.935314,8784,24717.039921
-12360017.072061,8784,24732.613833
-20934163.015028,8784,24748.205495
-30368042.595207,8784,24763.819245
-47234598.739642,8784,24779.415127
-14169998.983022,8784,24795.038059
-21020953.252239,8784,24810.61902
-46227531.257343,8784,24826.275749
-9611643.14089,8784,24841.879538
-28079341.308161,8784,24857.515233
-24370793.746146,8784,24873.158984
-17522176.842639,8784,24888.790745
-101129061.93996,8784,24904.424563
-6804607.282208,8784,24920.054025
-25726720.491488,8784,24935.734764
-63788888.844521,8784,24951.39482
-29259670.560486,8784,24967.040859
-22001133.161248,8784,24982.665812
-17045499.142886,8784,24998.401568
-84510769.469772,8784,25014.073779
-34957977.963247,8784,25029.774858
-6399620.532404,8784,25045.383049
-47574881.981717,8784,25060.998774
-47376845.929507,8784,25076.636155
-18808530.429613,8784,25092.230555
-46122343.195111,8784,25107.892994
-29060570.559457,8784,25123.548436
-44272330.386089,8784,25139.137262
-30813217.754913,8784,25154.753006
-75634316.091403,8784,25170.406933
-14855583.743985,8784,25228.054718
-11987288.855909,8784,25243.72301
-25286734.253932,8784,25259.410398
-15604846.39073,8784,25275.098894
-22103161.524499,8784,25290.764764
-25077221.736872,8784,25306.492172
-31255599.274469,8784,25322.228723
-25919250.450898,8784,25337.940758
-35170562.361767,8784,25353.624354
-21446975.453976,8784,25369.286815
-76744316.075555,8784,25384.95118
-23289434.616585,8784,25400.582879
-18822248.634135,8784,25416.233922
-118149817.740138,8784,25431.927794
-16351147.477067,8784,25447.600537
-48443951.636489,8784,25463.269675
-7445005.16633,8784,25478.959681
-7648266.135353,8784,25494.613918
-40952582.84549,8784,25510.343767
-27646889.483645,8784,25526.003303
-26635356.698443,8784,25541.74148
-65512072.44762,8784,25557.475472
-10375207.98498,8784,25573.124226
-9492563.622703,8784,25588.801218
-50332202.24298,8784,25604.532747
-18415186.446047,8784,25620.200768
-55866407.58474,8784,25635.932218
-31213662.064546,8784,25651.584667
-35808875.720687,8784,25667.201941
-93082493.840846,8784,25682.893214
-26615994.456185,8784,25698.671983
-87790847.949491,8784,25714.391613
-57689775.683962,8784,25730.05774
-38792464.868033,8784,25745.806523
-71428369.746525,8784,25761.529542
-60324425.113458,8784,25777.319081
-98978015.250683,8784,25793.091069
-15187154.449055,8784,25808.792409
-10204002.527733,8784,25824.517065
-93677820.786521,8784,25840.289304
-20732905.046403,8784,25856.070269
-30079650.720121,8784,25871.796868
-21135244.413307,8784,25887.472185
-44881608.32423,8784,25903.165819
-37594656.13308,8784,25918.858716
-12678023.913438,8784,25934.506285
-30089948.382173,8784,25950.227115
-32844477.339363,8784,25965.864512
-111108455.045135,8784,25981.625382
-90771308.384186,8784,25997.4153
-11552320.940236,8784,26055.17215
-41660702.503543,8784,26070.851934
-25285708.788283,8784,26086.627458
-40940905.216364,8784,26102.317142
-60421478.075952,8784,26118.079328
-18552970.601506,8784,26133.808345
-54891562.383514,8784,26149.524223
-39378084.57776,8784,26165.195138
-44898757.555164,8784,26180.830312
-85393780.532009,8784,26196.55616
-8977710.432265,8784,26212.277863
-52881297.741716,8784,26227.961384
-17607689.193308,8784,26243.604
-36543072.451026,8784,26259.294018
-11354095.351186,8784,26275.024631
-72583191.105177,8784,26290.827383
-55704900.904657,8784,26306.653177
-56973108.841211,8784,26322.383346
-34062095.556732,8784,26338.090241
-66355511.810744,8784,26353.758727
-92130829.749289,8784,26369.519749
-33902119.773268,8784,26385.321061
-61949159.404386,8784,26401.01288
-36351793.082077,8784,26416.754472
-116600658.397841,8784,26432.545604
-21501186.032734,8784,26448.2831
-34297329.328743,8784,26464.050291
-22976026.273136,8784,26479.759639
-28037147.405592,8784,26495.453429
-46615336.631522,8784,26511.159585
-31884934.694087,8784,26526.903265
-7125717.507105,8784,26542.645678
-27623498.336262,8784,26558.351574
-131570770.171639,8784,26574.154178
-44618431.044605,8784,26589.936626
-91876868.527996,8784,26605.766025
-10216788.262338,8784,26621.464175
-20847808.842609,8784,26637.187129
-23932200.888765,8784,26652.929953
-33394416.325492,8784,26668.680442
-80516344.092964,8784,26684.502001
-15616435.859152,8784,26700.240557
-39285303.349839,8784,26715.987231
-11091852.539185,8784,26731.740262
-62106344.604522,8784,26747.48735
-21465036.282457,8784,26763.229646
-22855179.14853,8784,26778.984309
-28024637.939649,8784,26794.776392
-37503984.664881,8784,26810.584367
-103413751.468004,8784,26826.380168
-37604589.379788,8784,26884.166813
-8654448.873424,8784,26899.889265
-41259203.473798,8784,26915.62947
-6010094.8953,8784,26931.326748
-30443861.399142,8784,26947.045545
-42047992.413512,8784,26962.841296
-15980510.089552,8784,26978.573175
-45792900.961441,8784,26994.275187
-45873916.592564,8784,27010.009353
-54476309.733216,8784,27025.698398
-8273667.482965,8784,27041.407592
-13216288.123148,8784,27057.102187
-9643989.138186,8784,27072.799163
-65517892.69424,8784,27088.566856
-14714757.179554,8784,27104.306048
-28336554.744902,8784,27120.1031
-25687700.770515,8784,27135.866066
-54438452.885632,8784,27151.676415
-54667791.906055,8784,27167.417047
-6731066.716236,8784,27183.117992
-27680452.779172,8784,27198.878567
-21459450.845051,8784,27214.606731
-27066849.534261,8784,27230.348336
-41378910.921231,8784,27246.09804
-21340968.27271,8784,27262.123877
-13985578.734865,8784,27277.951446
-84019999.85188,8784,27293.736961
-79613157.120302,8784,27309.582316
-47487522.797799,8784,27325.345926
-6973711.060589,8784,27341.0783
-6553876.67048,8784,27357.041979
-16770706.780732,8784,27373.061147
-53507530.791503,8784,27388.857212
-26941212.718367,8784,27404.990514
-21224300.312304,8784,27427.38004
-20185691.177935,8784,27443.2007
-23677352.875415,8784,27459.020039
-14424108.182184,8784,27474.82082
-12904259.037361,8784,27490.577146
-25475137.730536,8784,27506.347168
-17181906.843322,8784,27522.195605
-46970006.835133,8784,27537.97787
-30004594.310384,8784,27553.707403
-91355090.033188,8784,27569.482749
-32901228.466527,8784,27585.246203
-43921596.032279,8784,27600.943135
-58564303.215454,8784,27616.716367
-45233224.674186,8784,27632.462676
-74687148.595691,8784,27648.246513
-94001377.334469,8784,27664.067947
-43047380.127588,8784,27721.859279
-11113370.898083,8784,27737.622339
-12838279.209194,8784,27753.378382
-46797305.443365,8784,27769.261737
-7236956.798856,8784,27785.000758
-8189993.579055,8784,27800.764886
-29978624.599057,8784,27816.569672
-11649395.478858,8784,27832.341605
-18484483.048797,8784,27848.081889
-69310275.933153,8784,27863.876597
-10604399.317703,8784,27879.6552
-46921370.304121,8784,27895.410885
-12239349.217709,8784,27911.221094
-39415755.123369,8784,27927.011824
-20860030.915375,8784,27942.838133
-87664113.067066,8784,27958.670162
-39747054.545904,8784,27974.448296
-12282667.081114,8784,27990.202156
-72694789.699461,8784,28006.028882
-20635758.77473,8784,28021.839269
-40224132.118356,8784,28037.660852
-38549226.773785,8784,28053.426122
-108855646.900241,8784,28069.230156
-12418617.400473,8784,28084.996151
-15364596.075243,8784,28100.790795
-10618005.313963,8784,28116.621086
-38691639.522423,8784,28132.401345
-87840458.721629,8784,28148.263926
-8751555.255965,8784,28164.077341
-40998769.813776,8784,28179.948513
-38226172.761826,8784,28195.765963
-45174237.640875,8784,28211.561832
-102706937.932073,8784,28227.402303
-12448721.773755,8784,28243.249718
-29502442.169933,8784,28259.089857
-68185388.994186,8784,28274.947297
-55252954.514403,8784,28290.816409
-50205461.178744,8784,28306.70079
-14123785.204237,8784,28322.574847
-22197364.343998,8784,28338.460722
-56139589.159767,8784,28354.353926
-11711317.980944,8784,28370.158759
-11341564.914088,8784,28385.949658
-34198204.112665,8784,28401.818998
-41736240.434819,8784,28417.658296
-113505653.629639,8784,28433.566506
-28525858.986628,8784,28449.392003
-40131706.078733,8784,28465.276729
-22244543.15114,8784,28481.114742
-20878080.527364,8784,28496.948354
-9436973.43463,8784,28554.772506
-14217031.991489,8784,28570.657856
-84661111.464972,8784,28586.545756
-11064984.95862,8784,28602.41753
-98512577.90536,8784,28618.308503
-59035912.263178,8784,28634.168004
-6727499.208113,8784,28650.016295
-24007023.487136,8784,28665.869264
-74015043.338286,8784,28681.796916
-52035121.396938,8784,28697.646306
-55699676.750179,8784,28713.548269
-8074277.448252,8784,28729.405515
-65585654.819115,8784,28745.251335
-47146985.204092,8784,28761.07672
-29704084.816193,8784,28776.899728
-25142274.54518,8784,28792.801069
-31205254.440055,8784,28808.726828
-34123872.790355,8784,28824.611109
-10860815.024575,8784,28840.455663
-21208558.296363,8784,28856.324761
-36602787.563024,8784,28872.270826
-35251092.220374,8784,28888.169187
-7200345.736278,8784,28904.071448
-19970559.548308,8784,28919.929548
-39867721.814713,8784,28935.808428
-61327465.279804,8784,28951.729946
-46912401.495684,8784,28967.66073
-103309331.703956,8784,28983.606386
-25835750.940076,8784,28999.467035
-15113790.077769,8784,29015.38867
-43590897.182999,8784,29031.357662
-43352061.467,8784,29047.236279
-90102518.514017,8784,29063.166283
-14391930.4454,8784,29079.062681
-31408115.991576,8784,29094.93003
-19178221.625062,8784,29110.891815
-39719894.405311,8784,29126.792346
-62211990.320952,8784,29142.710545
-49748544.318315,8784,29158.630752
-13356145.286229,8784,29174.571972
-61468146.166002,8784,29190.582945
-64263485.089078,8784,29206.481058
-52269315.310915,8784,29222.409715
-50877672.90015,8784,29238.385403
-146073409.885137,8784,29254.389714
-43720396.929059,8784,29270.266717
-87998881.043191,8784,29286.208657
-99560445.665307,8784,29302.10485
-87209325.388174,8784,29318.024824
-27683847.480185,8784,29333.8823
-8773460.709371,8784,29391.62202
-22795388.231045,8784,29407.545934
-25029791.921023,8784,29423.456053
-40692698.332938,8784,29439.367646
-42056973.370002,8784,29455.339776
-27109466.437663,8784,29471.275995
-21884132.285329,8784,29487.226612
-85604983.876698,8784,29503.181094
-22105193.784435,8784,29519.094177
-17107583.94408,8784,29535.040468
-36904414.790306,8784,29550.966189
-53918138.135217,8784,29566.824915
-22818185.88429,8784,29582.749707
-24625523.549302,8784,29598.669001
-20127716.103746,8784,29614.58007
-28277709.31598,8784,29630.524618
-26840118.899527,8784,29646.421888
-63823484.619061,8784,29662.379111
-52639787.186301,8784,29678.325734
-12643732.723403,8784,29694.2857
-11011245.123085,8784,29710.237308
-41398514.505823,8784,29726.247252
-10520557.108278,8784,29742.223112
-43576065.171473,8784,29758.171492
-65411514.207169,8784,29774.116708
-44871280.716291,8784,29790.0976
-32352837.055465,8784,29806.059646
-18226097.20318,8784,29822.050395
-14218709.011646,8784,29838.038248
-16795238.484889,8784,29853.954758
-7015761.003149,8784,29869.86879
-61348687.944936,8784,29885.782271
-16841462.508992,8784,29901.718881
-31293745.094943,8784,29917.756549
-50049895.359082,8784,29933.722654
-36411790.282033,8784,29949.714693
-53783826.672657,8784,29965.681851
-22671005.145278,8784,29981.718664
-32990762.46876,8784,29997.724025
-44130452.855061,8784,30013.717839
-72580675.899855,8784,30029.724729
-45730572.166413,8784,30045.787566
-48768401.059724,8784,30061.790774
-56498438.631007,8784,30077.815509
-69071235.493138,8784,30093.832081
-7395606.142194,8784,30109.836727
-16740266.169172,8784,30125.788581
-23013197.227798,8784,30141.72384
-12791316.001163,8784,30157.703498
-40552671.589114,8784,30173.719888
-37993343.149224,8784,30231.69227
-34483196.813942,8784,30247.707143
-42223841.119634,8784,30263.75462
-31888694.531285,8784,30279.758239
-25158677.649741,8784,30295.741832
-31927670.840235,8784,30311.752383
-9920747.84999,8784,30327.710577
-48161350.446693,8784,30343.715758
-16498688.057384,8784,30359.68492
-31634482.270435,8784,30375.674874
-48687165.981645,8784,30391.731301
-6852161.046739,8784,30407.648079
-52235561.98528,8784,30423.547273
-28172100.664884,8784,30439.496891
-32703328.933671,8784,30455.494161
-20769372.05322,8784,30471.496286
-29596025.401735,8784,30487.51068
-10983397.151416,8784,30503.526083
-43440158.431792,8784,30519.513566
-41235464.573004,8784,30535.485657
-30533435.34361,8784,30551.512409
-5644589.134507,8784,30567.494209
-43130550.388138,8784,30583.499265
-62825185.038901,8784,30599.508587
-55235954.094532,8784,30615.564551
-70678100.44281,8784,30631.617982
-31210622.921525,8784,30647.604758
-33321590.904153,8784,30663.606125
-37805098.631465,8784,30679.59532
-41917598.64001,8784,30695.565279
-43296206.786005,8784,30711.502481
-39071767.946093,8784,30727.497046
-33211496.026049,8784,30743.520581
-8490123.763711,8784,30759.573359
-71447072.914149,8784,30775.632797
-24540567.284129,8784,30791.702936
-8576792.425734,8784,30807.701568
-7593276.526647,8784,30823.749622
-16561063.14868,8784,30839.768929
-17862788.667214,8784,30855.78793
-19331325.709386,8784,30871.842961
-51481799.096435,8784,30887.886435
-19402063.487551,8784,30903.935605
-37784386.882343,8784,30919.929909
-96816699.815219,8784,30936.067483
-27513989.848862,8784,30952.257307
-17587372.423241,8784,30968.321334
-81917085.530783,8784,30984.369599
-34889648.318303,8784,31000.38175
-42241820.333194,8784,31016.344882
-55325505.973107,8784,31074.208055
-26447942.449949,8784,31090.243499
-17840991.871144,8784,31106.27243
-39193559.993783,8784,31122.353275
-17749701.575942,8784,31138.377931
-7919295.041012,8784,31154.465125
-16173222.988946,8784,31172.417722
-20130714.257367,8784,31188.400393
-44501276.959528,8784,31204.353379
-28758874.295453,8784,31220.473942
-25645413.23371,8784,31236.532345
-23563621.509406,8784,31252.554285
-13560357.776647,8784,31268.93577
-26170353.069242,8784,31284.904002
-9613234.319075,8784,31301.19395
-37399574.793597,8784,31321.478517
-9900610.575046,8784,31337.296885
-14323853.260968,8784,31353.190906
-62577506.98048,8784,31369.053865
-17165227.650039,8784,31384.916513
-43593144.286238,8784,31400.841699
-28261580.963679,8784,31416.733288
-37503159.405941,8784,31432.574048
-49006416.065043,8784,31448.398334
-58898051.733346,8784,31464.268371
-40855172.717403,8784,31480.167583
-15137843.939101,8784,31496.015474
-52598172.609344,8784,31511.898675
-50657276.629696,8784,31527.769605
-58409733.356789,8784,31543.606323
-30522883.376516,8784,31559.453145
-50732272.312754,8784,31575.290253
-34814718.461977,8784,31591.07325
-57401634.560629,8784,31606.951245
-23549451.264577,8784,31622.84846
-28851704.498352,8784,31638.820331
-54253516.14969,8784,31654.699097
-48809140.132942,8784,31670.591684
-18303028.492022,8784,31686.450372
-39978258.591427,8784,31702.304261
-19441166.568173,8784,31718.232139
-61555067.908969,8784,31734.127935
-18375465.388697,8784,31750.019183
-38513929.515705,8784,31765.917339
-36214058.468227,8784,31781.868039
-75938415.4735,8784,31797.831928
-6697215.554823,8784,31813.688126
-16755129.757859,8784,31829.574263
-89998398.225933,8784,31845.638641
-9415552.453757,8784,31861.35155
-26396207.408966,8784,31919.201318
-19834138.322614,8784,31935.077507
-29434218.625357,8784,31950.965405
-10856519.93124,8784,31966.926503
-64045428.696186,8784,31982.823611
-43539115.538238,8784,31998.756551
-49977692.900615,8784,32014.712072
-6410847.790408,8784,32030.572428
-16430824.778357,8784,32046.42548
-19227290.319237,8784,32062.284786
-7979698.61552,8784,32078.196662
-59077570.679985,8784,32094.155492
-26699305.847619,8784,32110.051552
-49917189.697026,8784,32125.930572
-28184528.097494,8784,32141.810499
-59376164.209612,8784,32157.680336
-13936259.967517,8784,32173.552672
-12329279.489095,8784,32189.442054
-51822155.676523,8784,32205.353129
-94583115.822198,8784,32221.283412
-15652520.272892,8784,32237.208694
-68202570.967943,8784,32253.209115
-14915773.974512,8784,32269.048199
-18490139.145935,8784,32284.964153
-52953335.244382,8784,32300.835094
-8105829.543427,8784,32316.733963
-55891394.728266,8784,32332.655243
-39389023.936224,8784,32348.513954
-22196328.005404,8784,32364.423734
-39110986.455618,8784,32380.318502
-18228912.16421,8784,32396.188121
-24356392.915648,8784,32412.046806
-14319294.497715,8784,32427.866068
-17789842.614652,8784,32443.833799
-34173078.971319,8784,32459.820347
-105413901.797114,8784,32475.874553
-12583454.588987,8784,32491.78242
-26858267.20377,8784,32507.745989
-40804360.80168,8784,32523.618203
-14299548.75135,8784,32539.497175
-25252675.976777,8784,32555.464795
-37494686.069184,8784,32571.482121
-9062974.977495,8784,32587.447263
-56543083.370801,8784,32603.416157
-7706317.443228,8784,32619.371117
-13387865.296005,8784,32635.378383
-8889569.980689,8784,32651.313179
-19309008.172804,8784,32667.205714
-44159053.553608,8784,32683.089053
-13502201.090375,8784,32698.966083
-70360604.975967,8784,32756.918664
-43488148.434244,8784,32772.871634
-33858853.328862,8784,32788.893201
-20213925.758203,8784,32804.847078
-44240097.090545,8784,32820.832863
-49486829.787761,8784,32836.836159
-43512691.924489,8784,32852.807373
-46732655.824815,8784,32868.814342
-59635882.364462,8784,32884.802602
-15516761.251467,8784,32900.794399
-65685414.801853,8784,32916.803111
-37913086.749255,8784,32932.74318
-44637993.085508,8784,32948.668179
-61330481.259254,8784,32964.582859
-6808697.35596,8784,32980.51616
-23764383.505412,8784,32996.48889
-97196315.08226,8784,33012.535824
-9985209.980527,8784,33028.518477
-10702213.867513,8784,33044.548685
-40513766.90228,8784,33060.599242
-29825614.659159,8784,33076.674309
-27402775.279812,8784,33092.642987
-20759720.046467,8784,33108.640716
-17259837.148723,8784,33124.701934
-66107790.286268,8784,33140.736751
-27925163.35856,8784,33156.750147
-7634284.553842,8784,33172.757263
-35970740.237097,8784,33188.766051
-32322865.272443,8784,33204.746657
-16987602.149022,8784,33220.717938
-34601082.495393,8784,33236.717574
-15346271.197566,8784,33252.733944
-16338698.907543,8784,33268.790956
-16971673.972284,8784,33285.460277
-61940735.495221,8784,33301.514872
-70703639.352459,8784,33317.581753
-59512414.04911,8784,33333.628413
-44597940.647339,8784,33349.636126
-12096640.108654,8784,33365.659815
-9200665.252237,8784,33381.657902
-22035598.460121,8784,33397.743427
-27411156.062092,8784,33413.794368
-43121697.537854,8784,33429.776541
-46533005.098564,8784,33445.80281
-29739342.53419,8784,33461.803174
-6868484.02589,8784,33477.824953
-26341271.772596,8784,33493.801124
-16683857.483859,8784,33509.808236
-23392403.719688,8784,33525.809594
-86383163.764141,8784,33541.892153
-11019652.758721,8784,33600.007554
-63193463.352876,8784,33616.147962
-12605219.61315,8784,33632.188707
-19787399.901372,8784,33648.212853
-14239778.988162,8784,33664.215858
-44251993.432827,8784,33680.294608
-83327405.457377,8784,33696.336442
-13122445.960495,8784,33712.410298
-14451518.167618,8784,33728.476994
-56996249.62665,8784,33744.516541
-44597630.964805,8784,33760.573609
-40981523.762687,8784,33776.535186
-16157701.789912,8784,33792.561086
-33049496.140318,8784,33808.647545
-6898278.876596,8784,33824.656031
-39864095.370634,8784,33840.73666
-98683767.777097,8784,33856.763709
-50319107.008757,8784,33872.883644
-9711240.047052,8784,33888.941842
-35413978.085806,8784,33905.076258
-38024506.874058,8784,33921.115261
-40116518.152835,8784,33937.188228
-45502115.967235,8784,33953.252314
-47179462.447457,8784,33969.290824
-58908066.19199,8784,33985.375196
-27224135.58195,8784,34001.467376
-14798924.882673,8784,34017.55646
-53776523.449755,8784,34033.603632
-8912937.268765,8784,34049.681074
-101338901.106727,8784,34065.813927
-22351794.994233,8784,34081.874284
-15720189.033458,8784,34097.90391
-7882989.990521,8784,34113.933666
-14181041.203861,8784,34129.992603
-41818831.079009,8784,34146.108389
-22796280.529882,8784,34162.250463
-60416567.582169,8784,34178.380655
-6693565.243899,8784,34194.471113
-21424372.886122,8784,34210.537129
-36376975.662004,8784,34226.628277
-7520389.533455,8784,34242.706598
-60560901.240515,8784,34258.828656
-24396644.162964,8784,34274.891629
-34468783.120062,8784,34290.962715
-48041579.947327,8784,34307.013608
-17461212.519378,8784,34323.111795
-45278947.632849,8784,34339.168047
-6032464.646955,8784,34355.21536
-52936729.323893,8784,34371.319059
-6509081.979149,8784,34387.314233
-19478933.554807,8784,34445.413886
-68729199.112402,8784,34461.549996
-38609776.045562,8784,34477.725144
-19946222.321059,8784,34493.797381
-50966774.357668,8784,34509.88623
-70253200.864627,8784,34526.043229
-50833960.692502,8784,34542.162463
-9016572.612591,8784,34558.266149
-51759831.782186,8784,34574.366821
-84281232.416444,8784,34590.511423
-52873216.374157,8784,34606.658696
-40797840.524859,8784,34622.737437
-5276991.114926,8784,34638.830112
-17955110.594005,8784,34654.900103
-22419148.36636,8784,34670.943225
-39594370.774061,8784,34687.044172
-71049215.996848,8784,34703.189844
-6133142.815514,8784,34719.288178
-17569673.662371,8784,34735.4685
-36462968.096662,8784,34751.600043
-7103763.695858,8784,34767.730292
-44033294.730119,8784,34783.828705
-48822395.296456,8784,34799.957533
-11007436.608926,8784,34816.056122
-17790708.782604,8784,34832.180233
-43999707.578648,8784,34848.398096
-9818177.657937,8784,34864.556139
-120899242.036122,8784,34880.711659
-9419463.951916,8784,34896.837232
-102665241.910467,8784,34913.047969
-43947711.942125,8784,34929.18944
-60065521.447915,8784,34945.349971
-14867572.749415,8784,34961.435766
-24358176.959801,8784,34977.610328
-40277388.459045,8784,34993.755294
-51681493.999845,8784,35009.918033
-35106299.324773,8784,35026.134974
-63708470.329116,8784,35042.288065
-57648372.680134,8784,35058.483823
-18191715.287991,8784,35074.688396
-9879040.072276,8784,35090.906049
-12224071.748673,8784,35107.527935
-43319956.810891,8784,35123.647859
-107438278.622797,8784,35139.736407
-8771745.909288,8784,35155.796981
-11328699.147666,8784,35172.012403
-31867956.827025,8784,35188.103309
-38533580.784296,8784,35204.219606
-17060390.165677,8784,35220.388063
-55467482.585395,8784,35236.71765
-24024691.504201,8784,35294.964894
-25442347.677598,8784,35311.07542
-8201027.365755,8784,35327.201343
-20331363.232499,8784,35343.266688
-39589299.730893,8784,35359.344144
-6940883.486391,8784,35375.456045
-24466736.077011,8784,35391.549651
-22031059.269114,8784,35407.543358
-13269511.696649,8784,35423.548676
-15270583.820751,8784,35439.597856
-19201527.40273,8784,35455.766631
-16420354.041286,8784,35471.79171
-15082606.808159,8784,35487.758761
-43539875.908667,8784,35503.792552
-9490329.297998,8784,35519.78152
-43427178.184634,8784,35535.853793
-11411675.29487,8784,35551.863027
-40362900.927782,8784,35567.915075
-7928638.06782,8784,35583.957819
-54690357.637476,8784,35600.034751
-25367530.923491,8784,35616.126823
-15794389.333251,8784,35632.148425
-35842275.839966,8784,35648.206298
-46822728.301689,8784,35664.304995
-11675604.308781,8784,35680.428096
-15388393.46779,8784,35696.491855
-34665684.367939,8784,35712.511127
-10943198.505926,8784,35728.541281
-5797917.375452,8784,35744.600563
-26627651.688425,8784,35760.637207
-25276707.012439,8784,35776.699396
-76254437.783196,8784,35792.764712
-42357247.54866,8784,35808.822308
-26029752.369084,8784,35824.927521
-55567796.116552,8784,35841.007996
-28267530.417771,8784,35857.148832
-30698148.330663,8784,35873.214819
-13922440.662928,8784,35889.321122
-44955534.216875,8784,35905.383598
-33246951.130114,8784,35921.502984
-34443561.778903,8784,35937.584184
-44756978.971652,8784,35953.673685
-34236716.077985,8784,35969.82593
-9725032.256429,8784,35985.914449
-6937640.816626,8784,36001.928405
-5290654.983994,8784,36017.973391
-16212488.615233,8784,36034.006457
-101521641.571235,8784,36050.08188
-43618672.789651,8784,36066.126086
-24179532.473866,8784,36082.213274
-37504193.288995,8784,36140.564835
-40911971.234558,8784,36156.642395
-34126712.224771,8784,36172.760986
-45005043.339977,8784,36188.832412
-105220285.904095,8784,36204.991863
-7561994.240681,8784,36221.128633
-21344519.610077,8784,36237.285341
-31911786.72093,8784,36253.426908
-6297508.949425,8784,36269.533398
-19821577.835031,8784,36285.601025
-30529293.742596,8784,36301.703091
-29320484.471591,8784,36317.765912
-18701297.105308,8784,36333.826664
-18845315.985748,8784,36349.936658
-10255785.044802,8784,36366.081912
-28469983.731659,8784,36382.237529
-10872179.407077,8784,36398.3922
-4983145.488778,8784,36414.4899
-4936743.850805,8784,36430.612725
-18736084.667249,8784,36446.746617
-30248511.249104,8784,36462.886745
-18445804.156734,8784,36479.081848
-55874848.809142,8784,36495.252494
-30380370.918029,8784,36511.412259
-13380635.997783,8784,36527.536011
-25815338.833832,8784,36543.698858
-10192045.678253,8784,36559.766248
-30038070.481448,8784,36575.829911
-48262015.154861,8784,36591.906941
-64944087.284871,8784,36608.031339
-52583278.556091,8784,36624.184494
-18849718.419149,8784,36640.322808
-18588796.006445,8784,36656.422298
-45961900.455353,8784,36672.562208
-9796636.877088,8784,36688.673049
-44137262.958571,8784,36704.834569
-36594556.001496,8784,36720.967973
-50747912.32366,8784,36737.117064
-15806122.100056,8784,36753.264909
-9690570.011475,8784,36769.408955
-10562803.06833,8784,36785.593548
-11170054.321984,8784,36801.743564
-13472707.406354,8784,36817.944988
-53824949.364733,8784,36834.135973
-57323664.701135,8784,36850.265681
-38948177.341899,8784,36866.426813
-28232652.475837,8784,36882.524183
-55272405.129477,8784,36898.680647
-57402539.839408,8784,36914.826114
-47265755.492817,8784,36930.970028
-83772903.3639,8784,36989.335033
-12453814.544413,8784,37005.533832
-47907361.371959,8784,37021.659457
-39256042.675345,8784,37037.821694
-11180424.869202,8784,37053.979825
-8782314.794015,8784,37070.153412
-17301254.950337,8784,37086.33712
-37318623.252883,8784,37102.566253
-10861223.731179,8784,37118.769061
-35476904.655177,8784,37134.923307
-36783591.079972,8784,37151.082776
-13575969.219165,8784,37167.261872
-43228554.791088,8784,37183.413679
-32920498.308078,8784,37199.535674
-10759692.763469,8784,37215.678209
-19139257.863265,8784,37231.846801
-10854156.533423,8784,37247.995617
-47819076.752566,8784,37264.167337
-84225772.38986,8784,37280.345296
-25904273.968829,8784,37296.521888
-15701995.724604,8784,37312.758568
-12155273.400818,8784,37328.910203
-15771004.455464,8784,37345.08653
-14080809.363528,8784,37361.248653
-35197119.60593,8784,37377.469711
-101651099.73234,8784,37393.747469
-69841195.227756,8784,37409.97428
-57180756.961,8784,37426.120703
-37774201.798221,8784,37442.292752
-34432380.531907,8784,37458.399534
-8824016.684944,8784,37474.549613
-25451005.814469,8784,37491.606258
-41402452.013706,8784,37507.739852
-74187585.840219,8784,37523.925713
-19384063.147977,8784,37540.095039
-17883548.767184,8784,37556.306846
-15146600.733481,8784,37572.488404
-73406321.914183,8784,37588.703654
-58322759.23467,8784,37605.024541
-6648088.500357,8784,37621.210172
-11984478.626513,8784,37637.393629
-12490186.857847,8784,37653.599766
-35275023.253384,8784,37669.820158
-11729869.890688,8784,37686.062133
-11980142.123478,8784,37702.220661
-32764502.141798,8784,37718.34214
-18498307.01941,8784,37734.431132
-53224461.516721,8784,37750.572964
-30141762.694394,8784,37766.756967
-31352225.773391,8784,37782.912801
-5733637.399345,8784,37841.365571
-27607688.434104,8784,37857.545037
-24934920.628125,8784,37873.796386
-61063730.103045,8784,37890.013898
-37255704.841545,8784,37906.189313
-58220239.400597,8784,37922.448553
-7821480.546836,8784,37938.639568
-34438275.098174,8784,37954.879223
-36173626.217231,8784,37971.113217
-21844844.905564,8784,37987.350945
-89855807.311888,8784,38003.650536
-9598133.635298,8784,38019.877974
-20229601.985292,8784,38036.042416
-8311497.612876,8784,38052.186892
-18346069.146092,8784,38068.324449
-43927079.486592,8784,38084.587675
-15267972.473684,8784,38100.785657
-100905058.717515,8784,38117.061937
-40242486.423909,8784,38133.25809
-41305123.895986,8784,38149.445442
-60354595.512935,8784,38165.684039
-5847445.21343,8784,38181.904984
-13081806.038616,8784,38198.105572
-37567653.872019,8784,38214.334135
-28176667.780669,8784,38230.531142
-18579129.322319,8784,38246.781312
-12084027.508553,8784,38262.986073
-31743727.797242,8784,38279.206893
-14643120.784806,8784,38295.439227
-15089669.386751,8784,38311.649956
-53510227.36508,8784,38327.864746
-32081691.844153,8784,38344.13215
-32192748.138912,8784,38360.305409
-16818003.568945,8784,38376.483694
-21788312.157036,8784,38392.693739
-40790827.442219,8784,38408.972999
-45618624.633339,8784,38425.193933
-40148795.399567,8784,38441.403116
-43334617.583988,8784,38457.643708
-36353446.354004,8784,38473.883588
-24547847.104106,8784,38490.19098
-48708580.398976,8784,38506.506662
-11870028.45392,8784,38522.794612
-19690985.10351,8784,38539.002042
-95554739.252275,8784,38555.295351
-63412799.765357,8784,38571.582061
-22726997.048495,8784,38587.793579
-22720581.967874,8784,38603.995751
-20107901.568532,8784,38620.271232
-19047330.351763,8784,38636.438365
-43347307.855154,8784,38694.714982
-27974725.535147,8784,38710.94609
-10279566.259882,8784,38727.216113
-51212565.092253,8784,38743.481647
-22475396.098608,8784,38759.735653
-5476248.494498,8784,38776.013965
-6022880.21406,8784,38792.24075
-34735440.833952,8784,38808.469358
-41619749.864783,8784,38824.708459
-7643280.375524,8784,38841.000001
-60770326.979672,8784,38857.278685
-80360296.322218,8784,38873.632841
-10428454.247595,8784,38889.92237
-9794943.797984,8784,38906.26314
-14114645.92057,8784,38922.505659
-44605431.622114,8784,38938.783628
-11492048.885847,8784,38954.959751
-40578866.846154,8784,38971.225698
-46697022.740282,8784,38987.813742
-17305282.424259,8784,39004.090082
-12636032.056799,8784,39020.494639
-80654015.247768,8784,39036.842503
-32914554.414625,8784,39053.156433
-27383691.358697,8784,39069.52218
-19436994.542706,8784,39086.002334
-10534690.917656,8784,39102.401019
-15257880.3378,8784,39118.82608
-15845086.998074,8784,39135.205187
-14514549.568246,8784,39151.545848
-32689019.171821,8784,39167.950093
-48988686.315086,8784,39184.37503
-8063911.134964,8784,39200.744378
-12145940.451446,8784,39217.129145
-27801414.735664,8784,39233.463392
-14263634.483217,8784,39249.835143
-61298894.058324,8784,39266.25963
-51459768.556167,8784,39282.62153
-49509026.598215,8784,39298.98946
-35238687.192015,8784,39315.386355
-34039367.524906,8784,39331.784088
-15532578.652239,8784,39348.194148
-50797871.644291,8784,39364.586857
-97612619.857118,8784,39380.992604
-8109608.225377,8784,39397.350774
-18072902.353514,8784,39413.699641
-14315718.346975,8784,39430.104809
-53274077.281934,8784,39446.490979
-15477992.634363,8784,39462.882218
-6168753.327891,8784,39479.258523
-44363761.426771,8784,39495.585977
-39004204.847163,8784,39554.159975
-41289811.000673,8784,39570.481424
-58591601.800937,8784,39586.813404
-8111566.244601,8784,39603.095855
-30269718.120033,8784,39619.417788
-13952846.957219,8784,39635.713104
-30376759.434267,8784,39652.024185
-14411675.964426,8784,39668.277076
-68744812.879105,8784,39684.631524
-20802592.074249,8784,39700.942509
-16373206.406858,8784,39717.279791
-46595216.451547,8784,39733.593701
-61707362.935501,8784,39749.899081
-55330508.106226,8784,39766.239755
-11952525.59,8784,39782.473499
-48716591.792298,8784,39798.760661
-59037803.749521,8784,39815.067589
-42100961.79343,8784,39831.394647
-35337391.834673,8784,39847.701684
-81716718.738622,8784,39864.074347
-43400532.167172,8784,39880.439436
-25766319.321118,8784,39896.761574
-7443361.648818,8784,39913.025165
-19141177.69299,8784,39929.348816
-10135366.063478,8784,39945.701846
-20894562.637368,8784,39962.088568
-17082178.565878,8784,39978.429636
-77093779.099382,8784,39994.809165
-41011188.190525,8784,40011.139117
-42407159.764046,8784,40027.433404
-30631823.609914,8784,40043.740655
-71163381.567913,8784,40060.128664
-10604908.18787,8784,40076.453817
-46895791.829254,8784,40092.751893
-26753240.257245,8784,40109.02745
-18775234.560727,8784,40125.416177
-10996606.897957,8784,40141.801332
-67385525.008686,8784,40158.166771
-8063995.285061,8784,40174.547909
-20369922.995883,8784,40190.890121
-35129776.735884,8784,40207.267852
-10924668.953046,8784,40223.590641
-27018826.034364,8784,40239.960748
-17854144.87533,8784,40256.267464
-7779359.757765,8784,40272.605568
-14004162.152202,8784,40288.902137
-11150994.610698,8784,40305.181164
-34687230.395975,8784,40321.492784
-9057106.172662,8784,40337.823439
-22736288.302022,8784,40354.298852
-48566218.099329,8784,40412.954651
-18544221.425745,8784,40429.303693
-5584939.798923,8784,40445.625369
-85745340.2665,8784,40462.02806
-42694968.070439,8784,40478.397815
-16917900.523775,8784,40494.745117
-15968129.455337,8784,40511.069592
-16965996.845441,8784,40527.401903
-25399464.382529,8784,40543.747448
-47115310.559548,8784,40560.08057
-63842588.914826,8784,40576.446482
-21477244.908714,8784,40592.737223
-15224688.820728,8784,40609.060793
-27734165.809385,8784,40625.40615
-43002426.586409,8784,40641.762592
-51989703.168194,8784,40658.088477
-56176561.034947,8784,40674.404375
-11393155.31316,8784,40690.735247
-54981879.735675,8784,40707.155616
-30836212.868044,8784,40723.500269
-26026574.74749,8784,40739.95616
-23306425.692164,8784,40756.292392
-21417913.771162,8784,40772.69029
-23814606.203919,8784,40789.074091
-27075172.835511,8784,40805.47182
-7959602.95226,8784,40821.808522
-7596218.628548,8784,40838.16217
-17569956.474259,8784,40854.470957
-18234374.643049,8784,40870.834572
-26512326.54306,8784,40887.159439
-10845119.81346,8784,40903.553266
-39530435.378679,8784,40919.935836
-40139178.675132,8784,40936.291346
-18748846.017926,8784,40952.709538
-39598473.394756,8784,40969.107175
-6505845.818218,8784,40985.491325
-24884006.731328,8784,41001.869947
-9064047.601086,8784,41018.294651
-35050088.273891,8784,41034.715693
-14553624.022251,8784,41051.159392
-4649952.435871,8784,41067.581944
-21989308.396264,8784,41084.005326
-8698349.847004,8784,41100.453552
-43037224.149835,8784,41116.861092
-33672019.476405,8784,41133.232488
-31004071.557799,8784,41149.655212
-36756715.195986,8784,41166.128786
-83118142.762192,8784,41182.625689
-8174149.86461,8784,41199.099044
-37581522.423536,8784,41215.536236
-28201559.979721,8784,41274.196502
-30226104.346096,8784,41290.593261
-16405559.986611,8784,41307.003566
-8120220.648245,8784,41323.402683
-35669870.042035,8784,41339.828035
-79202200.689419,8784,41356.350045
-19906660.169022,8784,41372.757782
-23364812.725187,8784,41389.180828
-23286466.631921,8784,41405.557325
-48318811.158608,8784,41421.879692
-47288189.922993,8784,41438.267636
-6304280.7432,8784,41454.698282
-41427081.613748,8784,41471.141801
-19915502.599148,8784,41487.615943
-39667002.799577,8784,41504.019423
-40682068.917246,8784,41520.530184
-24490496.081976,8784,41536.88544
-63839421.806708,8784,41553.3341
-24916123.057132,8784,41569.813486
-67654989.570423,8784,41586.286774
-43810685.447919,8784,41602.672934
-18596993.33295,8784,41619.148579
-44107324.387669,8784,41635.611907
-15701364.137683,8784,41652.126168
-9829674.853165,8784,41668.500833
-25800749.960836,8784,41684.92761
-62892646.160987,8784,41701.377661
-14318318.204683,8784,41717.713649
-15608971.692111,8784,41734.769913
-6425360.373888,8784,41751.258917
-14035593.897475,8784,41767.755079
-47681323.967303,8784,41784.215214
-53795529.779694,8784,41800.654514
-11918279.979062,8784,41817.159874
-5152682.014543,8784,41833.640009
-50598575.119947,8784,41850.130687
-70727779.279037,8784,41866.609644
-31105280.056154,8784,41883.041119
-97737436.618185,8784,41899.539788
-15625414.872383,8784,41915.980665
-22366918.691176,8784,41932.473223
-32350640.867998,8784,41948.913242
-24217874.932126,8784,41965.393296
-59462298.044473,8784,41981.817227
-40223707.168062,8784,41998.290541
-18194711.416387,8784,42014.876921
-33802517.495653,8784,42031.354447
-25472784.766821,8784,42047.862731
-38898370.52666,8784,42064.32209
-12514937.752906,8784,42080.815996
-51013174.104888,8784,42139.556155
-8658318.45034,8784,42156.116303
-6045206.950957,8784,42172.542628
-10164207.306932,8784,42188.986879
-8431956.21673,8784,42205.45403
-6760647.172949,8784,42221.948356
-19666963.325788,8784,42238.382528
-30967035.18408,8784,42254.854843
-6829972.653617,8784,42271.347803
-6349291.747361,8784,42287.779798
-12772078.689432,8784,42304.273573
-68624491.561626,8784,42320.789817
-16735606.845251,8784,42337.305194
-18438378.790738,8784,42353.778435
-23083692.722946,8784,42370.246755
-20260585.010546,8784,42386.814848
-10450073.907316,8784,42403.277953
-33921143.625347,8784,42419.804457
-38356566.21236,8784,42436.424325
-32117396.622786,8784,42452.885324
-33808917.434175,8784,42469.429591
-38803619.394762,8784,42485.935085
-6829860.99864,8784,42502.549858
-13404303.920758,8784,42519.189209
-36964186.061473,8784,42535.814538
-14727703.910717,8784,42552.545041
-34869074.389672,8784,42569.158329
-18719102.515693,8784,42585.79286
-36025099.755322,8784,42602.419452
-14351174.536081,8784,42619.032684
-33873672.936042,8784,42635.682125
-34159360.834778,8784,42652.28777
-51978527.371073,8784,42669.013632
-46608360.612836,8784,42685.688296
-30492552.91372,8784,42702.395653
-19451568.976479,8784,42719.155931
-31841706.878397,8784,42735.844323
-15360587.083292,8784,42752.477555
-10178944.212302,8784,42769.094678
-72757823.451336,8784,42785.745799
-11540253.256414,8784,42802.381661
-17715285.491428,8784,42818.977068
-14630995.243176,8784,42835.715821
-13268228.652246,8784,42852.405811
-34448796.264677,8784,42869.050823
-22327136.320827,8784,42888.477931
-9205156.78561,8784,42905.193723
-11320626.993419,8784,42921.964362
-21501924.08407,8784,42938.690221
-29365969.710036,8784,42955.365877
-16030900.993772,8784,43014.355451
-14089476.995047,8784,43036.38097
-70898981.77121,8784,43052.726112
-20917776.245633,8784,43068.945905
-22572375.456802,8784,43085.127188
-15321868.51097,8784,43101.397934
-31246968.222283,8784,43117.610703
-11794020.679219,8784,43133.803203
-4888843.230512,8784,43149.981824
-32649902.910062,8784,43166.173827
-24623498.194867,8784,43182.544298
-7633209.061176,8784,43199.057225
-29938103.980977,8784,43215.507438
-6965436.839552,8784,43232.008637
-25721836.505016,8784,43248.524254
-50808211.941866,8784,43265.163018
-11046617.343951,8784,43281.697157
-41479768.062577,8784,43298.284571
-24161915.989726,8784,43314.762243
-23130403.682823,8784,43331.219272
-13668681.01101,8784,43347.727875
-36060330.374996,8784,43364.131601
-27883624.240555,8784,43380.618212
-32883260.42343,8784,43397.114521
-27645118.634862,8784,43413.533498
-55797069.860464,8784,43430.043545
-21301824.795773,8784,43446.613381
-33641320.972926,8784,43463.114199
-9104840.782471,8784,43479.571641
-6647560.509624,8784,43496.128615
-48069493.051094,8784,43512.669917
-20464530.991537,8784,43529.201598
-30030454.348574,8784,43545.739066
-6003897.473801,8784,43562.286173
-11548887.827648,8784,43578.821612
-23923326.836862,8784,43595.372907
-48475520.479823,8784,43611.923787
-16713601.95152,8784,43628.43274
-34955291.585964,8784,43644.952653
-50198621.430844,8784,43661.536089
-27994757.170079,8784,43678.130267
-12609325.389603,8784,43694.631596
-29634653.00078,8784,43711.165484
-21448170.607771,8784,43727.722486
-26226281.764126,8784,43744.239027
-27637663.799627,8784,43760.780687
-20522021.38006,8784,43777.312489
-73634909.052358,8784,43793.915926
-21301048.34679,8784,43810.552177
-19541363.424264,8784,43827.107307
-35903534.288364,8784,43885.638183
-6520072.634301,8784,43902.15412
-50991782.337865,8784,43918.674929
-66697420.287506,8784,43935.284353
-36927109.332365,8784,43951.900419
-31321116.215461,8784,43968.410894
-28244290.888229,8784,43984.906433
-71598463.362408,8784,44001.484787
-21894901.940327,8784,44018.048402
-27789122.619702,8784,44034.68357
-43116470.035237,8784,44051.318502
-11408812.505538,8784,44067.886439
-69208121.909872,8784,44084.492749
-7673952.364031,8784,44101.067283
-12543862.507093,8784,44117.653689
-18104825.71084,8784,44134.252831
-39475137.772842,8784,44150.822538
-39425477.86358,8784,44167.461174
-15447130.088647,8784,44184.009855
-31554638.854931,8784,44200.55378
-25535363.776124,8784,44217.109628
-83830885.494615,8784,44233.713457
-53755922.259685,8784,44250.290319
-13643932.50361,8784,44266.868005
-36902472.207561,8784,44283.439775
-12383877.082808,8784,44300.053756
-6444243.131173,8784,44316.642536
-35315468.840778,8784,44333.254094
-45432697.315878,8784,44349.813114
-34518828.94503,8784,44366.457639
-22927572.729949,8784,44383.063816
-54224378.699157,8784,44399.717637
-35102029.555917,8784,44416.309072
-29129067.590325,8784,44432.938127
-51765985.712514,8784,44449.614483
-8126502.004334,8784,44466.183842
-7643717.183058,8784,44482.806661
-8971284.499349,8784,44499.419827
-30233946.282978,8784,44515.924214
-28240152.467472,8784,44532.56049
-4814195.885113,8784,44549.186964
-43689675.576603,8784,44565.80727
-17424444.130535,8784,44582.460251
-27999174.376939,8784,44599.073981
-14126560.82821,8784,44615.719254
-80391942.703719,8784,44632.40188
-15853299.264473,8784,44649.045947
-14091241.823535,8784,44665.737688
-24017443.267411,8784,44682.386367
-13173217.650377,8784,44699.035226
-36613065.635549,8784,44757.568099
-27265617.831427,8784,44774.175316
-9293531.482883,8784,44790.7105
-34532060.523441,8784,44807.344388
-33706130.182088,8784,44823.949945
-42591715.536037,8784,44840.612258
-15582775.522155,8784,44857.251724
-12830916.773539,8784,44873.885483
-11862405.140059,8784,44890.554008
-18137191.312341,8784,44907.224858
-8523272.650077,8784,44923.971359
-34548748.426735,8784,44940.646663
-11907619.05097,8784,44957.279195
-35440479.200987,8784,44973.931027
-13739159.96471,8784,44990.56346
-68209761.81345,8784,45007.336679
-50306757.250644,8784,45024.00208
-51144874.038963,8784,45040.65039
-43713031.4846,8784,45057.281725
-48882976.655093,8784,45073.924531
-14454195.733093,8784,45090.659242
-39188905.561589,8784,45107.331449
-8732534.221873,8784,45123.966759
-13731640.101769,8784,45140.564482
-48712582.632181,8784,45157.211878
-4321197.338461,8784,45173.915415
-10280891.508616,8784,45190.633415
-50434331.537221,8784,45207.341134
-55586919.788792,8784,45224.048008
-15671373.57052,8784,45240.759228
-12423594.913173,8784,45257.494453
-9223400.380087,8784,45274.181356
-9000904.965034,8784,45290.858231
-6401789.021291,8784,45307.593599
-9707790.520164,8784,45324.306174
-16631274.210098,8784,45340.861048
-11295715.25149,8784,45357.561901
-6524178.139506,8784,45374.261869
-8141706.357789,8784,45390.921852
-25769391.620827,8784,45407.553954
-11271176.963109,8784,45424.179445
-25925798.510777,8784,45440.878182
-83257376.740973,8784,45457.615229
-30541040.702826,8784,45474.301714
-12660884.696375,8784,45491.012132
-7711901.446346,8784,45507.730386
-14363935.044296,8784,45524.480287
-18610674.336687,8784,45541.219186
-9210703.903626,8784,45557.971835
-35586068.697366,8784,45574.705992
-8311384.639506,8784,45633.329491
-22597246.74645,8784,45650.043842
-35029199.091117,8784,45666.766479
-10060787.265083,8784,45683.400898
-22594091.628898,8784,45699.998345
-19470914.212058,8784,45716.697865
-5968737.025896,8784,45733.388057
-39133954.046343,8784,45750.117059
-63544531.525783,8784,45766.889548
-27285207.810285,8784,45783.528432
-37831450.42453,8784,45800.263855
-11059762.924898,8784,45816.998048
-49739988.35724,8784,45833.794688
-40010823.052244,8784,45850.510326
-29700904.575222,8784,45867.196627
-19852966.720743,8784,45883.980253
-11459261.746809,8784,45900.636589
-29770928.347783,8784,45917.404909
-10489279.833637,8784,45934.134778
-10931821.234014,8784,45950.83875
-5284947.057694,8784,45967.589873
-71902267.129694,8784,45984.339703
-23713766.400841,8784,46001.01985
-40147384.901619,8784,46017.767638
-8223985.511763,8784,46034.521064
-5677208.557773,8784,46051.256944
-52109988.459523,8784,46068.009783
-11673392.566629,8784,46084.700277
-35707073.857503,8784,46101.487636
-24688898.624289,8784,46118.092836
-17733998.294001,8784,46134.785962
-31568754.878744,8784,46151.473707
-5438024.099086,8784,46168.115624
-8488373.667354,8784,46184.668758
-7255125.921277,8784,46201.410757
-24927702.850573,8784,46218.091525
-11086665.956227,8784,46234.746635
-30269539.863574,8784,46251.29823
-28512235.705539,8784,46267.845667
-26009208.617522,8784,46284.491632
-24428057.524634,8784,46301.182256
-43633976.97456,8784,46317.934216
-36836864.594307,8784,46334.710323
-27750565.198113,8784,46351.455555
-6070730.269089,8784,46368.105322
-16951678.429522,8784,46384.947097
-51493741.353796,8784,46401.687087
-36889181.658075,8784,46418.35224
-36159586.327988,8784,46435.137151
-33813272.004226,8784,46451.81731
-16651363.879775,8784,46510.457172
-15038408.420394,8784,46527.103546
-37701055.420424,8784,46543.78134
-8772694.345966,8784,46560.348755
-9413361.29715,8784,46576.910137
-17684763.832376,8784,46593.607509
-34103024.003106,8784,46610.23705
-15656376.117969,8784,46626.74825
-35331165.739254,8784,46643.553935
-31262331.708182,8784,46660.252539
-60846387.901612,8784,46676.904152
-38988719.793329,8784,46693.682244
-10761308.503013,8784,46710.224202
-21020367.465528,8784,46726.85012
-8378852.199732,8784,46743.435656
-37493265.485494,8784,46760.038574
-18449491.847312,8784,46776.824899
-8191595.352555,8784,46793.524565
-16085747.90952,8784,46810.323442
-16421737.294163,8784,46826.973397
-32730395.70978,8784,46843.699316
-6612715.145923,8784,46860.317316
-17219273.534105,8784,46877.033607
-20401627.536695,8784,46893.770044
-7605295.886364,8784,46910.693492
-14004217.782941,8784,46927.462697
-28491139.886581,8784,46950.317301
-10778275.776788,8784,46966.897746
-36980296.517341,8784,46983.547873
-48724924.128373,8784,47000.195273
-47271374.052908,8784,47016.80882
-29900819.42719,8784,47033.344985
-25952944.115148,8784,47049.914069
-6566599.274458,8784,47066.498753
-18741071.379015,8784,47083.115788
-24629211.421329,8784,47099.665233
-31507397.659484,8784,47116.296555
-25992191.312318,8784,47132.966783
-29207578.001703,8784,47149.620136
-32596146.877922,8784,47166.27544
-8373415.212438,8784,47182.92312
-9791751.682752,8784,47199.546218
-7200935.580013,8784,47216.241266
-31701274.63337,8784,47232.950327
-51507153.850713,8784,47249.601392
-7646461.791526,8784,47266.286177
-28905723.08435,8784,47282.940645
-15954573.096009,8784,47299.602747
-18379815.857991,8784,47316.201592
-36960454.695133,8784,47332.786097
-15467144.951809,8784,47391.455521
-9066587.007572,8784,47408.134001
-29108599.669571,8784,47424.84603
-5332490.639588,8784,47441.496036
-7674809.20266,8784,47458.174493
-27741199.812512,8784,47474.907237
-12824450.220391,8784,47491.549703
-53575244.340824,8784,47508.235676
-41222040.450241,8784,47524.876077
-77208099.499955,8784,47541.609679
-50735028.345298,8784,47558.283875
-19131461.256713,8784,47574.904559
-13189319.793346,8784,47591.516751
-10102600.691056,8784,47608.138378
-28482854.185932,8784,47624.758927
-20181414.856932,8784,47641.413383
-29322369.641618,8784,47657.916406
-31065569.936134,8784,47674.539433
-22536008.222326,8784,47691.195894
-8501877.888316,8784,47707.864421
-8939323.218155,8784,47724.618042
-37580658.425395,8784,47741.350772
-17095825.894747,8784,47758.000048
-9624216.986824,8784,47774.758028
-37955768.776045,8784,47791.479376
-45258960.103885,8784,47808.263096
-64846639.358153,8784,47825.043625
-27731742.945217,8784,47841.808906
-17587522.543945,8784,47858.473349
-37592163.553025,8784,47875.155385
-6503073.215202,8784,47891.869785
-52188724.552549,8784,47908.598068
-40890584.903553,8784,47925.316576
-14216228.683093,8784,47941.919382
-20289284.331229,8784,47958.651366
-25005351.098767,8784,47975.370066
-41129313.9814,8784,47992.05876
-37850227.176521,8784,48008.812564
-54219498.21404,8784,48025.600645
-39101783.33935,8784,48042.355564
-27490229.863347,8784,48059.147495
-51703827.84053,8784,48075.925416
-8220856.213826,8784,48092.746038
-25950959.226572,8784,48109.480639
-45427921.22872,8784,48126.271787
-16379598.531023,8784,48143.093423
-29627760.185336,8784,48159.806991
-58435853.045541,8784,48176.610981
-21004024.564634,8784,48193.346847
-8531530.625055,8784,48210.097947
-22910674.346746,8784,48268.738761
-89368522.56536,8784,48285.55166
-21870680.587501,8784,48302.354814
-16425248.741478,8784,48319.161696
-35683971.908773,8784,48335.957847
-15902141.676263,8784,48352.657139
-9784955.49918,8784,48369.405871
-27172023.230476,8784,48386.27496
-35558440.530248,8784,48403.22979
-72083265.237824,8784,48420.137783
-12694614.897938,8784,48436.935196
-69801600.543739,8784,48453.779339
-27772358.105327,8784,48470.520137
-55223744.091568,8784,48487.278518
-14483811.074993,8784,48503.990072
-36458069.684732,8784,48520.882648
-40916366.960646,8784,48537.781866
-18202997.821904,8784,48554.619192
-42428192.604126,8784,48571.489962
-14912590.318253,8784,48588.287308
-10775306.159716,8784,48605.200793
-40340494.611461,8784,48622.043517
-8860687.277065,8784,48638.816567
-18251043.394808,8784,48655.705788
-10877635.623723,8784,48672.638004
-9618550.09649,8784,48689.62253
-32198379.983972,8784,48706.548991
-25559388.637429,8784,48723.408448
-39936353.966578,8784,48740.244129
-11069536.859898,8784,48757.046047
-7503869.819437,8784,48773.896675
-7299162.454305,8784,48790.717941
-9542372.992856,8784,48807.554276
-7534283.324297,8784,48824.423935
-8544087.635647,8784,48841.319443
-10383232.514093,8784,48858.212428
-5454345.772018,8784,48875.033746
-54896518.24182,8784,48891.950946
-59267933.975312,8784,48908.842406
-38949434.792955,8784,48925.651823
-7853553.702385,8784,48942.584077
-14558986.168332,8784,48959.461483
-48164218.254273,8784,48976.378561
-35143909.626122,8784,48993.255612
-28975947.063387,8784,49010.050124
-6050354.36149,8784,49026.851557
-57596387.066287,8784,49043.692909
-28415170.516667,8784,49060.591733
-19473689.150163,8784,49077.461451
-30733270.110002,8784,49094.363154
-41300567.880252,8784,49153.345008
-18019528.736173,8784,49170.228057
-5473966.565206,8784,49187.165119
-18679337.974041,8784,49204.096613
-48242736.460566,8784,49220.995862
-11125903.438843,8784,49237.929714
-31099251.620068,8784,49254.788466
-15169556.329907,8784,49271.635021
-36583986.103332,8784,49288.515412
-4883259.081533,8784,49305.325647
-26460099.714411,8784,49322.140975
-26061169.205357,8784,49338.982788
-48496759.930675,8784,49355.885172
-37250989.015936,8784,49372.737027
-26277110.330022,8784,49389.63244
-4498942.825694,8784,49406.515448
-18210002.74075,8784,49423.359746
-22346244.468413,8784,49440.290844
-11286611.492557,8784,49457.247672
-11984612.534999,8784,49474.202208
-36475438.571847,8784,49491.151561
-82687787.344678,8784,49507.995216
-26941758.85348,8784,49524.928655
-14023973.346259,8784,49541.858421
-14097943.889798,8784,49558.818701
-13634116.100681,8784,49575.744498
-12255100.796045,8784,49592.614633
-14756735.958992,8784,49609.43795
-47190581.005362,8784,49626.334584
-4039134.613804,8784,49643.272375
-25489850.917771,8784,49660.207268
-12340560.723155,8784,49677.14514
-27459321.364785,8784,49694.114707
-26424839.812112,8784,49711.038989
-13119497.17806,8784,49727.964988
-17012784.880869,8784,49744.833194
-16269119.478219,8784,49761.810332
-32844110.31816,8784,49778.695128
-27095343.321903,8784,49795.458983
-10259776.640214,8784,49812.389852
-27617695.95212,8784,49829.324091
-30087188.518654,8784,49846.259378
-18135498.655231,8784,49863.188218
-15508973.766974,8784,49880.090216
-21607508.668787,8784,49896.969898
-26936971.86365,8784,49913.901459
-15495730.248275,8784,49930.889087
-35039816.228044,8784,49947.847402
-8775677.399192,8784,49964.747179
-7142141.056393,8784,49981.657763
-4239087.450636,8784,50040.619715
-28424715.122088,8784,50057.609394
-40143171.388116,8784,50074.584578
-21595878.980161,8784,50091.584883
-48286525.953477,8784,50108.562111
-12621981.777931,8784,50125.576988
-27523491.120002,8784,50142.610064
-25097973.908103,8784,50159.534658
-8925800.531895,8784,50176.44148
-22972548.200167,8784,50193.243197
-12681562.430437,8784,50210.29784
-23535195.999786,8784,50227.276371
-15306337.268122,8784,50244.256022
-37212152.191652,8784,50261.266663
-15528335.012587,8784,50278.246233
-7228208.133983,8784,50295.209608
-11765454.866933,8784,50312.194668
-23189633.795902,8784,50329.228004
-17907120.275707,8784,50346.182132
-15016989.945272,8784,50363.148284
-15835489.154306,8784,50380.169346
-13417372.552578,8784,50397.97825
-19570639.275176,8784,50414.978702
-22229582.291275,8784,50431.931845
-12212227.611472,8784,50448.842803
-11666103.75342,8784,50465.866946
-10155486.255349,8784,50482.576974
-27282857.025855,8784,50499.560266
-26791970.470538,8784,50516.500075
-33012722.608271,8784,50533.384243
-23737981.985673,8784,50550.45489
-33885111.275982,8784,50567.450002
-21904205.616219,8784,50584.405938
-17030571.803973,8784,50601.328684
-30025923.283628,8784,50618.29154
-11906392.378515,8784,50635.301446
-12960123.619616,8784,50652.270498
-15662634.534842,8784,50669.192713
-20133993.519263,8784,50686.212116
-33879618.381314,8784,50704.854589
-10592919.867162,8784,50721.746699
-40488660.918036,8784,50738.700948
-19191876.98314,8784,50755.530452
-4619285.226407,8784,50772.428296
-11432451.566664,8784,50789.539681
-9510889.872105,8784,50806.510501
-3899699.921739,8784,50823.682692
-8714932.850275,8784,50841.30364
-8922898.909104,8784,50858.175987
-67182282.710776,8784,50875.324773
-18558524.918606,8784,50934.228241
-11106269.721268,8784,50951.165813
-48439120.567993,8784,50968.153751
-5867165.811581,8784,50985.078094
-3502414.721313,8784,51001.971239
-26678335.842381,8784,51018.951553
-12316243.99592,8784,51035.760345
-7980565.305375,8784,51052.61185
-23262733.6678,8784,51069.61778
-4981970.722485,8784,51086.597899
-12343560.768354,8784,51103.628748
-9415186.705662,8784,51120.571653
-28321752.180945,8784,51137.573275
-29750374.494744,8784,51154.552212
-20695704.006379,8784,51171.618083
-20752020.38623,8784,51188.655593
-8929519.180285,8784,51205.619661
-31543806.148965,8784,51222.638392
-6277090.405662,8784,51239.63202
-8758090.933414,8784,51256.613448
-20559604.866508,8784,51273.64446
-32645302.935375,8784,51290.632665
-32774709.048106,8784,51307.583995
-6488900.910716,8784,51324.366479
-17510476.767044,8784,51341.255374
-10299966.624373,8784,51358.353102
-13672115.157621,8784,51375.406258
-7804199.202769,8784,51392.319916
-72415648.091806,8784,51409.35589
-34572063.741145,8784,51426.361131
-12066908.913197,8784,51443.37264
-9365399.0482,8784,51460.362335
-30512189.152424,8784,51477.387516
-35233407.65756,8784,51494.442823
-36450266.355294,8784,51511.415109
-16178312.72986,8784,51528.379379
-10098818.2955,8784,51545.320341
-33594079.175419,8784,51562.358248
-12116956.546605,8784,51579.327604
-21182536.432847,8784,51596.137376
-21189903.880588,8784,51613.111541
-9602463.860157,8784,51630.033506
-9951101.676516,8784,51647.018896
-17781813.62678,8784,51664.044596
-17455520.639188,8784,51681.092748
-9056191.176788,8784,51698.022575
-8649321.560476,8784,51714.994847
-4165633.577295,8784,51731.977665
-52559830.001526,8784,51749.030472
-16855478.805397,8784,51765.951291
-8375520.269243,8784,51825.017388
-5226994.579939,8784,51841.972146
-40246487.025094,8784,51858.94289
-3603654.553697,8784,51875.728656
-18067792.569139,8784,51892.686631
-18022932.660518,8784,51909.722343
-35950876.490139,8784,51926.793186
-4838344.70762,8784,51943.842668
-29883388.442986,8784,51960.926549
-9556447.526837,8784,51978.105982
-12799961.291341,8784,51995.116239
-26974337.542154,8784,52012.137184
-33970449.924312,8784,52029.144213
-25280652.875442,8784,52046.125441
-10899279.906099,8784,52063.129513
-24354252.413468,8784,52080.199105
-17872766.095675,8784,52097.188771
-33474528.448728,8784,52114.198548
-6529136.787661,8784,52131.298648
-48520410.512103,8784,52148.292516
-25953942.669899,8784,52165.302964
-54346444.980875,8784,52182.411841
-11177570.167203,8784,52199.301074
-16107321.995207,8784,52216.390447
-38949937.51864,8784,52233.521615
-19990316.420455,8784,52250.650862
-15143284.242314,8784,52267.573996
-21046843.451625,8784,52284.544186
-3804731.210011,8784,52301.526476
-6927969.307246,8784,52318.605926
-30456478.110896,8784,52335.695909
-9783167.527552,8784,52352.751291
-13152146.050049,8784,52369.795968
-11259468.145431,8784,52386.860874
-7366826.722879,8784,52403.911379
-7828212.558334,8784,52420.941553
-20792961.079689,8784,52437.937315
-9199047.676562,8784,52454.898227
-20453368.095966,8784,52471.895028
-27451483.402857,8784,52488.938585
-22153780.669559,8784,52505.926638
-21333063.392646,8784,52522.973638
-9039472.635317,8784,52539.984325
-22272807.771955,8784,52556.88692
-16816630.385217,8784,52573.957061
-30314268.72499,8784,52591.068519
-18237616.558087,8784,52608.153239
-10058156.077418,8784,52625.213832
-24873942.890287,8784,52642.242824
-24428386.910069,8784,52659.320662
-17392289.131979,8784,52718.477504
-12241812.288833,8784,52735.418775
-6210234.174268,8784,52752.41631
-37437937.151248,8784,52769.501048
-23111012.629353,8784,52786.570214
-10210378.194008,8784,52803.702823
-37083671.735676,8784,52820.717263
-13543097.849244,8784,52837.794384
-27085203.624878,8784,52854.806996
-31004680.001284,8784,52871.762223
-5369766.78949,8784,52888.921025
-12447614.474959,8784,52906.050665
-52497811.210546,8784,52923.180211
-34259726.465007,8784,52940.271527
-6764335.843635,8784,52957.35098
-28753585.855879,8784,52974.405798
-64584161.650963,8784,52991.432337
-43534997.65001,8784,53008.472611
-12541864.820221,8784,53025.556129
-42666653.14004,8784,53042.705441
-6397677.999108,8784,53059.846359
-9713914.736643,8784,53076.952314
-16893514.722097,8784,53094.063514
-9622303.696932,8784,53111.085266
-11737069.394459,8784,53128.23536
-17926980.422641,8784,53145.36102
-6362409.250904,8784,53162.525576
-35769287.871461,8784,53179.751768
-63971192.396374,8784,53196.941875
-19125128.554169,8784,53214.008256
-3872674.288813,8784,53231.077344
-39310967.926806,8784,53248.193433
-6881390.904019,8784,53265.24895
-32913982.62439,8784,53282.275844
-7018685.840046,8784,53299.340398
-28909063.509542,8784,53316.471366
-24796790.408294,8784,53333.559041
-24027382.760587,8784,53350.687991
-19038886.253349,8784,53367.727078
-13473522.859804,8784,53384.716263
-11395002.342833,8784,53401.856097
-37006682.827216,8784,53418.990691
-10238367.531745,8784,53436.138877
-38148759.478986,8784,53453.380525
-26293466.000569,8784,53470.608557
-13475289.185451,8784,53487.775539
-56522081.91156,8784,53504.91308
-8451166.263294,8784,53521.974665
-7619123.853535,8784,53538.943825
-42354868.552573,8784,53556.087232
-3637633.796005,8784,53615.276805
-35665366.39631,8784,53632.477323
-25682422.916766,8784,53649.619486
-19031187.187997,8784,53666.732814
-44288339.465378,8784,53683.919693
-43235636.859033,8784,53701.157509
-6460341.254686,8784,53718.278404
-12177212.81822,8784,53735.467475
-7935223.665392,8784,53752.671398
-43070990.908608,8784,53769.920227
-7018792.996752,8784,53787.037387
-18700387.720327,8784,53804.228207
-17892444.566393,8784,53821.331881
-6519884.147705,8784,53838.423431
-18916942.583538,8784,53855.534525
-15089804.222907,8784,53872.690259
-28506497.805004,8784,53889.762651
-11768999.241954,8784,53906.95498
-14273728.5587,8784,53924.047622
-10889112.46326,8784,53941.22667
-28228969.178173,8784,53958.395256
-56651711.182119,8784,53975.611259
-15272189.889529,8784,53992.733053
-6985860.478357,8784,54009.820628
-9909297.195517,8784,54026.9408
-8229638.100984,8784,54044.069492
-15432349.19384,8784,54061.105976
-8181330.459658,8784,54078.283982
-29372421.41964,8784,54095.386319
-22254238.330958,8784,54112.536375
-29515043.01246,8784,54129.654175
-19727357.605211,8784,54146.757477
-7561542.494466,8784,54163.905652
-22101375.090067,8784,54181.061076
-8395442.458756,8784,54198.189577
-6336763.623835,8784,54215.365202
-61540717.235979,8784,54232.541899
-21956493.171675,8784,54249.615917
-5867185.608557,8784,54266.697847
-48191733.435399,8784,54283.817461
-13381309.074215,8784,54300.960927
-19300300.930366,8784,54318.05173
-12741704.759424,8784,54335.07817
-20072545.553368,8784,54352.165072
-22332514.671032,8784,54369.223196
-34005801.732465,8784,54386.27994
-17465750.147164,8784,54403.355099
-28447291.784758,8784,54420.377126
-5837549.331667,8784,54437.427685
-7282323.702696,8784,54454.568775
-29013781.70765,8784,54513.633165
-4809082.497704,8784,54530.773026
-9027314.707178,8784,54547.869116
-16012829.741746,8784,54564.95526
-22382715.140309,8784,54582.072394
-28686992.334068,8784,54599.117918
-6165144.77048,8784,54616.219303
-21651858.272564,8784,54633.296197
-43378759.494451,8784,54650.428874
-10238099.805182,8784,54667.422718
-9962789.460163,8784,54684.538236
-14844258.402347,8784,54701.646516
-10675414.016965,8784,54718.786803
-17330281.840566,8784,54735.663877
-27248619.009009,8784,54752.753776
-26128112.834719,8784,54769.969906
-25398165.273052,8784,54787.104939
-13586848.195446,8784,54804.336135
-7950845.873612,8784,54821.504177
-18036545.395609,8784,54838.75202
-11241045.349702,8784,54855.856813
-34592112.916623,8784,54873.058721
-10313250.779656,8784,54890.176075
-24959062.147798,8784,54907.410711
-8425496.953897,8784,54924.641964
-59384234.103207,8784,54941.959859
-6849400.628011,8784,54959.060249
-11123355.061837,8784,54976.186621
-9782653.692637,8784,54993.307185
-6665146.339374,8784,55010.493643
-5540628.189129,8784,55027.60458
-37631222.347639,8784,55044.805718
-28514258.68041,8784,55061.962809
-15783159.529352,8784,55079.193545
-4151962.963931,8784,55096.346707
-7256159.443861,8784,55113.53117
-27485586.954517,8784,55130.661844
-7924142.931327,8784,55147.840635
-4044974.541906,8784,55164.955816
-9914982.367428,8784,55182.167846
-9176558.226525,8784,55199.410403
-15279178.340192,8784,55216.561578
-17360471.740051,8784,55233.71812
-9762646.901315,8784,55250.821315
-15205369.937546,8784,55267.93162
-31235443.588285,8784,55285.171082
-6880089.817124,8784,55302.272928
-24777767.55767,8784,55319.415445
-29512873.300906,8784,55336.58474
-7865006.974995,8784,55353.819128
-21994225.453083,8784,55413.301286
-19588112.536719,8784,55430.487749
-28246834.881444,8784,55447.529811
-10328287.053409,8784,55464.782934
-21725675.402537,8784,55482.120147
-22012640.100536,8784,55499.329782
-4426486.631281,8784,55516.53161
-33580831.171139,8784,55533.703496
-60778444.705686,8784,55550.900045
-17741075.658331,8784,55567.936054
-21394365.543669,8784,55585.12283
-16975097.560217,8784,55602.399991
-50450201.50445,8784,55619.667354
-9805330.060577,8784,55636.893915
-17705036.373024,8784,55654.120327
-14164424.66203,8784,55671.45653
-12246177.146429,8784,55688.635551
-17510277.114866,8784,55705.990871
-26398796.674567,8784,55723.273368
-14614131.846033,8784,55740.559881
-5356808.686201,8784,55757.831882
-26711328.794255,8784,55775.065411
-21237318.173401,8784,55792.26615
-18440583.410749,8784,55809.545224
-18349205.072913,8784,55826.791313
-17627151.480168,8784,55843.769958
-11490852.796155,8784,55860.964473
-17447324.884841,8784,55878.321492
-16452626.590497,8784,55895.574801
-16108939.998394,8784,55912.805246
-8174573.63037,8784,55930.033144
-22146810.572623,8784,55947.24866
-15796697.942655,8784,55964.452371
-26387329.251335,8784,55981.69437
-6391439.89867,8784,55998.9891
-26220309.064234,8784,56016.303517
-13664873.045606,8784,56033.561197
-15663378.004484,8784,56050.907861
-24448830.324099,8784,56068.190154
-35268255.429834,8784,56085.456558
-5395595.122861,8784,56102.659943
-5387001.680082,8784,56119.785625
-32077777.722439,8784,56137.076795
-9419766.164041,8784,56154.334747
-6419722.825838,8784,56171.548244
-57726723.625813,8784,56188.916168
-29778998.181504,8784,56206.193804
-44960409.369391,8784,56223.523212
-19618155.500027,8784,56240.787045
-39102328.185449,8784,56258.140645
-9509021.571179,8784,56317.590806
-7993953.625661,8784,56334.803656
-22144412.308695,8784,56352.014482
-11233749.970737,8784,56369.313837
-4884260.814492,8784,56386.54913
-24269182.857879,8784,56403.744519
-23245281.502404,8784,56421.010169
-6691671.886637,8784,56438.262428
-12817385.845127,8784,56455.404612
-35508749.240041,8784,56472.661877
-30374712.418812,8784,56489.962198
-5295917.221799,8784,56507.254693
-13027508.036603,8784,56524.599926
-18381021.458298,8784,56541.87363
-20002125.018198,8784,56559.118158
-7637501.476299,8784,56576.479183
-15282030.497355,8784,56593.752381
-9656816.400659,8784,56611.000368
-28674554.670981,8784,56628.244274
-30360773.850438,8784,56645.586676
-25090925.259929,8784,56662.887584
-7248886.700836,8784,56680.021876
-12123746.854698,8784,56697.27287
-11058098.460321,8784,56714.534884
-17740267.215279,8784,56731.782325
-7942981.519472,8784,56748.963181
-4292843.359959,8784,56766.179386
-5643552.941935,8784,56783.439692
-24615156.928224,8784,56800.753325
-5683133.202535,8784,56817.854517
-28610904.521765,8784,56835.127563
-4810274.958977,8784,56852.421011
-28801921.532675,8784,56869.667683
-32323112.074146,8784,56886.969324
-23631179.70692,8784,56904.296875
-24017608.137384,8784,56921.708932
-31124740.781591,8784,56939.012575
-26652344.720793,8784,56956.12987
-25088981.583699,8784,56973.369842
-5121228.287329,8784,56990.666332
-45270500.341177,8784,57008.010737
-13651982.883885,8784,57025.207097
-8417766.194926,8784,57042.383537
-5716441.197848,8784,57059.658142
-15474550.706735,8784,57076.986248
-3638007.701433,8784,57094.26438
-10011641.148524,8784,57111.591387
-9590126.952654,8784,57128.859322
-17910535.605388,8784,57146.194989
-12303685.360481,8784,57163.427266
-18698788.127662,8784,57222.949621
-33647601.212603,8784,57240.224783
-23911213.050221,8784,57257.567411
-34157268.887869,8784,57274.939732
-12638538.21028,8784,57292.29719
-9163713.869784,8784,57309.629352
-15677226.300567,8784,57326.828026
-27520166.231277,8784,57344.086946
-19794400.10293,8784,57361.377903
-22609633.38707,8784,57378.672228
-30596749.402961,8784,57395.994169
-8299635.747722,8784,57413.27476
-23065795.42818,8784,57430.511019
-8746466.552841,8784,57447.845839
-9790494.067526,8784,57465.146816
-9236850.502508,8784,57482.442044
-10053740.617347,8784,57499.61698
-24081064.439982,8784,57516.929556
-13259223.982037,8784,57534.089792
-4528187.042927,8784,57551.344518
-38451765.998154,8784,57568.712477
-19996475.915287,8784,57585.961106
-15687675.94163,8784,57603.33705
-33604160.029456,8784,57620.676603
-26548275.416992,8784,57637.965444
-18170372.971836,8784,57655.403134
-8549234.117111,8784,57672.749463
-31957800.377534,8784,57690.088591
-12349958.497577,8784,57707.447043
-3543813.72805,8784,57724.782104
-13450439.970444,8784,57742.124439
-29850093.337043,8784,57759.410063
-14444960.561888,8784,57776.698845
-29247214.14088,8784,57794.027344
-9072156.018764,8784,57811.292987
-18829947.795427,8784,57828.554184
-7555832.887071,8784,57845.763826
-31924716.819056,8784,57863.075342
-42598111.667412,8784,57880.452171
-21079163.922703,8784,57897.5561
-10241753.599173,8784,57914.872867
-10697573.456928,8784,57932.227936
-14204905.816403,8784,57949.600724
-7444214.065683,8784,57966.923302
-24733888.874425,8784,57984.249138
-16828280.822463,8784,58001.686692
-15093181.260287,8784,58019.083581
-19822980.440703,8784,58036.382962
-3817036.014772,8784,58053.67502
-17679252.542854,8784,58071.036176
-20634765.56997,8784,58130.732949
-10924680.408022,8784,58148.012358
-9904085.212703,8784,58165.241164
-9049249.420569,8784,58182.619831
-6203167.430249,8784,58199.940457
-33855563.915347,8784,58217.268344
-16596919.352556,8784,58234.51192
-6169547.31062,8784,58251.739813
-26878760.952285,8784,58269.077724
-5538373.78145,8784,58286.34938
-10068424.851629,8784,58303.73612
-16389428.37577,8784,58321.048346
-18382102.514083,8784,58338.314081
-17077202.373093,8784,58355.565207
-9183660.612564,8784,58372.85343
-4234842.29215,8784,58390.234619
-47801007.947524,8784,58407.522712
-30071397.338369,8784,58424.831859
-9021097.406219,8784,58442.130771
-19419971.627804,8784,58459.508527
-4126767.731964,8784,58476.841218
-7640751.263541,8784,58494.147745
-12838226.947964,8784,58511.41555
-6613473.099788,8784,58528.993335
-23835715.293989,8784,58546.469667
-53189574.009202,8784,58563.976754
-19255313.924159,8784,58581.3922
-13218826.127289,8784,58598.919317
-10862034.001994,8784,58616.582689
-6532328.502584,8784,58634.063413
-6129805.999037,8784,58651.987172
-6990075.297854,8784,58671.3347
-28831349.837463,8784,58688.57897
-7889561.271319,8784,58705.816936
-10064633.316361,8784,58723.099139
-9570977.935,8784,58740.492831
-20214200.172131,8784,58757.894336
-8313700.308106,8784,58775.010479
-8011523.791503,8784,58792.298765
-9903416.995726,8784,58809.578416
-14677588.12492,8784,58826.916441
-4933171.568823,8784,58844.196862
-22479038.992891,8784,58861.487879
-21383508.020272,8784,58878.829889
-6154446.403525,8784,58896.111291
-25872203.692197,8784,58913.381642
-6941941.792006,8784,58930.662414
-20289610.170637,8784,58947.931747
-9675895.840581,8784,58965.253711
-19011053.147376,8784,58982.410846
-6661425.026105,8784,59041.996238
-18870410.349157,8784,59059.337667
-14731196.514454,8784,59076.720999
-4324164.840166,8784,59094.0777
-15330169.073418,8784,59111.390893
-10042280.047288,8784,59128.677861
-16746310.209295,8784,59146.001152
-14051154.123629,8784,59163.39764
-5678728.757966,8784,59180.736734
-40029362.577362,8784,59198.12943
-9685881.675614,8784,59215.508219
-8337047.037736,8784,59232.800019
-17312464.761533,8784,59249.976355
-42531745.15021,8784,59267.217461
-12161465.274537,8784,59284.497348
-22871567.09896,8784,59302.560193
-10992511.806968,8784,59319.913596
-26834600.106496,8784,59337.302631
-13520535.608194,8784,59354.679621
-16397789.200372,8784,59372.007514
-12448576.98443,8784,59389.398829
-27838923.407971,8784,59406.778246
-10693806.755026,8784,59424.100285
-21523361.3122,8784,59441.349683
-28114532.648442,8784,59458.730701
-17853008.62603,8784,59476.097132
-6295711.455937,8784,59493.36517
-11995531.560436,8784,59510.711139
-31097891.796119,8784,59528.115775
-8499564.772005,8784,59545.459031
-3654753.29996,8784,59562.913035
-12266596.771329,8784,59580.2386
-43999990.833347,8784,59597.616806
-19617213.796085,8784,59614.92592
-6449904.908022,8784,59632.330747
-25176013.630346,8784,59649.602068
-7026413.437023,8784,59667.088753
-19940399.902228,8784,59684.482115
-5127117.824086,8784,59701.788527
-12969807.691828,8784,59719.173892
-43907878.368821,8784,59736.572868
-5128353.652772,8784,59753.88848
-21828234.96413,8784,59771.332045
-14594503.601265,8784,59788.768109
-12371399.521337,8784,59806.1859
-5277110.597366,8784,59823.516057
-6527998.045048,8784,59840.781269
-10801344.37378,8784,59858.101303
-6816166.119029,8784,59875.401926
-8867859.674381,8784,59892.765774
-7506464.525381,8784,59952.466028
-8636170.859769,8784,59969.85965
-29105010.01316,8784,59987.219795
-19364330.761612,8784,60004.514564
-6153746.959324,8784,60021.845579
-51807711.49549,8784,60039.359558
-27548818.954902,8784,60056.716078
-26912524.776796,8784,60074.053852
-22369651.546447,8784,60091.456401
-2770908.898504,8784,60108.767596
-4062157.837753,8784,60126.116516
-18048721.194892,8784,60143.457558
-20627473.455392,8784,60160.794693
-10395397.575328,8784,60178.082873
-17814737.394203,8784,60195.268126
-38526135.768885,8784,60212.692681
-2730471.306142,8784,60230.063503
-13451996.58403,8784,60247.517962
-10476296.044878,8784,60264.903846
-18471587.691931,8784,60282.260553
-41248196.552092,8784,60299.69824
-3299337.521046,8784,60317.071366
-13777241.204248,8784,60334.46086
-14758873.32777,8784,60351.8725
-14988161.208589,8784,60369.216423
-20935974.667378,8784,60386.648955
-21481381.494815,8784,60404.026378
-7856036.413873,8784,60421.424207
-14857857.990424,8784,60438.784033
-8978315.4428,8784,60456.055509
-44269085.977718,8784,60473.463587
-8029441.620305,8784,60490.853253
-24577550.734269,8784,60508.262035
-6960756.649684,8784,60525.663309
-24647880.182104,8784,60543.072361
-12047764.01619,8784,60560.552791
-27734125.954404,8784,60578.00861
-16564391.339703,8784,60595.464104
-8571589.138576,8784,60612.893523
-8026397.641243,8784,60630.287268
-5354029.763956,8784,60647.67972
-6459450.087753,8784,60665.035027
-5902606.141436,8784,60682.434423
-15980619.762885,8784,60699.816025
-8064976.163902,8784,60717.176158
-13653971.12862,8784,60734.458694
-19131464.348415,8784,60751.91765
-21207078.142924,8784,60769.355406
-33875630.593969,8784,60786.830334
-32330855.444888,8784,60804.327312
-18702246.414142,8784,60863.971866
-9761467.793817,8784,60881.402063
-15689961.586636,8784,60898.725074
-10228956.444845,8784,60916.116711
-16601261.106491,8784,60933.513255
-7129828.924685,8784,60950.950083
-7331785.093486,8784,60968.445717
-19505755.888797,8784,60985.808549
-21192384.016674,8784,61003.113147
-6169860.184592,8784,61020.549822
-6048549.09011,8784,61038.021121
-7837462.340527,8784,61055.51399
-37242919.510642,8784,61073.058432
-11506538.139502,8784,61090.580839
-20217134.997459,8784,61108.153692
-3975507.64432,8784,61125.702774
-12576825.209731,8784,61143.145788
-13101379.817599,8784,61160.661572
-8212871.008765,8784,61178.13444
-7408834.473608,8784,61195.643229
-11970888.750772,8784,61213.104844
-14703246.809023,8784,61230.494652
-11040904.90402,8784,61247.920828
-10699877.459387,8784,61265.353991
-9234819.684883,8784,61282.765074
-26431385.189378,8784,61300.285516
-6232702.613035,8784,61317.727486
-19003101.682214,8784,61335.222903
-4958528.939134,8784,61352.752566
-11686984.055182,8784,61370.204694
-6215862.041971,8784,61387.733498
-16785530.80236,8784,61405.305904
-11403595.347173,8784,61422.853699
-20243242.430062,8784,61440.263393
-15783906.948653,8784,61457.699565
-19042204.899155,8784,61475.161636
-5836660.949214,8784,61492.663983
-13194691.976214,8784,61510.097293
-8881201.006863,8784,61527.537546
-11329203.136856,8784,61545.035135
-15174050.153317,8784,61562.539647
-6126140.922686,8784,61580.128395
-3344083.579754,8784,61597.592898
-20237832.837237,8784,61615.104192
-6651511.817236,8784,61632.619458
-13387343.494093,8784,61650.230685
-23108938.417763,8784,61667.611171
-9693340.39524,8784,61685.13402
-4327315.883843,8784,61702.629553
-10039366.709945,8784,61720.166454
-14121860.881531,8784,61779.866846
-17835595.836986,8784,61797.3432
-11062018.178961,8784,61814.816234
-7363896.004791,8784,61832.35501
-7781963.990215,8784,61849.920743
-5680671.855543,8784,61867.430649
-11889326.435642,8784,61885.016988
-15090686.639621,8784,61902.500818
-7344647.385461,8784,61920.03178
-15346377.600086,8784,61937.444063
-4138937.80871,8784,61955.004939
-19048794.077144,8784,61972.604597
-8283800.53428,8784,61990.162322
-35855259.399691,8784,62007.804977
-9463353.744191,8784,62025.351067
-9395163.649485,8784,62042.939192
-20941679.260856,8784,62060.456998
-23849212.29357,8784,62077.968419
-32415636.640447,8784,62095.400534
-15857621.507112,8784,62112.89345
-7494489.325111,8784,62130.326487
-24914960.656338,8784,62147.876381
-5948706.844136,8784,62165.446923
-7067609.723809,8784,62182.961375
-10497689.873444,8784,62200.390897
-9794291.561961,8784,62217.952239
-14305708.707714,8784,62235.459109
-18689621.946293,8784,62253.056769
-8693223.721334,8784,62270.564571
-23387051.309984,8784,62288.082799
-15126878.042641,8784,62305.604327
-32100900.50309,8784,62323.234774
-26898461.653614,8784,62340.854398
-8578321.49968,8784,62358.315667
-12889102.134942,8784,62375.777082
-19545818.653162,8784,62393.321395
-15140401.644245,8784,62410.804857
-14747987.349367,8784,62429.81631
-15958280.605614,8784,62447.432551
-9931063.108539,8784,62464.891477
-6055476.205261,8784,62482.273539
-16274419.686822,8784,62499.857298
-18956078.682144,8784,62517.266689
-29643228.036267,8784,62534.861874
-4048364.476303,8784,62552.915137
-35756546.26393,8784,62570.178624
-20918029.981149,8784,62590.650065
-4838114.9542,8784,62607.977545
-11888896.615471,8784,62625.308241
-11132196.748776,8784,62642.606053
-17653507.008203,8784,62701.740837
-10326965.0437,8784,62719.063814
-17432782.573306,8784,62736.369612
-32901966.206128,8784,62753.559
-19582523.059925,8784,62770.883595
-19503264.663917,8784,62788.211349
-3930742.193296,8784,62805.559651
-7625075.843819,8784,62822.784726
-25252182.010268,8784,62840.179865
-20181527.031878,8784,62857.522252
-8429312.507241,8784,62874.830522
-4981259.486547,8784,62892.153791
-6689297.936484,8784,62909.478733
-15571020.825348,8784,62926.732218
-14861679.239581,8784,62944.009163
-10410955.692182,8784,62961.292668
-5811380.668187,8784,62978.52551
-15600747.258651,8784,62995.75551
-10843414.385691,8784,63012.972204
-16078597.19698,8784,63030.285943
-7618721.233389,8784,63047.599061
-35777670.631817,8784,63064.984017
-24383620.501614,8784,63082.299029
-5836000.315204,8784,63099.615355
-19689710.507181,8784,63117.008658
-3058065.04771,8784,63134.393972
-4784944.091639,8784,63151.685455
-19312673.533904,8784,63169.028466
-20217739.747159,8784,63186.418141
-6735226.899141,8784,63203.790741
-7305181.077392,8784,63221.182729
-7606822.619204,8784,63238.469162
-4669643.732419,8784,63255.755533
-8519346.480093,8784,63273.08406
-4578704.986675,8784,63290.360634
-6934963.401231,8784,63307.730701
-17189579.518443,8784,63325.08797
-7819519.744883,8784,63342.426214
-13963926.249211,8784,63359.750196
-6916471.557662,8784,63377.076188
-18601710.275759,8784,63394.517068
-11274698.174932,8784,63411.799092
-6028730.316368,8784,63429.125983
-13047714.482587,8784,63446.539451
-17022375.152109,8784,63463.885113
-9134714.047422,8784,63481.272158
-6803895.411617,8784,63498.632157
-11938675.776715,8784,63515.967721
-15975393.134706,8784,63533.266263
-10591777.943247,8784,63550.541097
-17136428.78964,8784,63610.043601
-7115441.265065,8784,63627.34518
-6300104.096118,8784,63644.677899
-9919089.595243,8784,63661.989267
-10025574.236869,8784,63679.110949
-43810811.317588,8784,63696.5177
-6149661.918472,8784,63713.867502
-30497987.763873,8784,63731.279098
-8487099.49819,8784,63748.661484
-4519341.571305,8784,63766.019579
-11869060.895856,8784,63783.399366
-10351790.344972,8784,63800.750145
-15797570.799065,8784,63818.166932
-14379141.139133,8784,63835.548165
-20154898.219845,8784,63853.040836
-20317462.474163,8784,63870.510172
-21569140.063671,8784,63887.875405
-42999997.532252,8784,63905.340862
-35653322.64629,8784,63922.798065
-16369277.896687,8784,63940.226196
-14043753.869101,8784,63957.503538
-6437434.353587,8784,63974.88981
-17280604.502955,8784,63992.305492
-9834651.586769,8784,64009.718661
-26234811.741566,8784,64027.038243
-5216553.170947,8784,64044.477422
-16500306.823125,8784,64061.930877
-21154323.670667,8784,64079.315936
-16102687.918373,8784,64096.655228
-14483685.606615,8784,64113.957191
-17519636.018849,8784,64131.367558
-3913888.750555,8784,64148.791141
-23460529.534615,8784,64166.056407
-10534048.345366,8784,64183.451759
-8920421.006672,8784,64200.84787
-5664897.130513,8784,64218.145743
-4596906.799559,8784,64235.565481
-7070557.85047,8784,64252.977845
-4213966.66308,8784,64270.455175
-13289848.089901,8784,64287.886357
-19335112.227596,8784,64305.334731
-8295104.165282,8784,64322.74626
-14499993.716907,8784,64340.228504
-3058486.585872,8784,64357.676918
-22175445.177235,8784,64375.079938
-28735312.922666,8784,64392.517144
-20415456.524748,8784,64409.930777
-16120580.361926,8784,64427.317873
-13703004.081141,8784,64444.714567
-5275258.925224,8784,64462.203601
-20510162.967923,8784,64521.89923
-19641560.864714,8784,64539.349298
-8707215.674791,8784,64556.752514
-11134023.37447,8784,64574.196241
-19845316.02955,8784,64591.668772
-24949661.975239,8784,64609.142075
-13269352.793618,8784,64626.537293
-5839111.867567,8784,64644.060609
-4498362.368709,8784,64661.484717
-6590100.819917,8784,64678.916659
-7428019.206692,8784,64696.353135
-16962427.31203,8784,64713.657986
-20894015.242122,8784,64731.158634
-8276617.234611,8784,64748.656937
-2813603.676052,8784,64766.031109
-5160417.278269,8784,64783.447401
-4418419.879893,8784,64800.833587
-25523045.467484,8784,64818.3163
-21092778.917109,8784,64835.789091
-16112494.968389,8784,64853.195433
-6493591.16992,8784,64870.59447
-6950683.196517,8784,64887.968814
-11051086.908316,8784,64905.416887
-20087311.366758,8784,64922.894757
-5254087.293371,8784,64940.368597
-11921667.250302,8784,64957.841197
-25016745.405224,8784,64975.328887
-17767242.098961,8784,64992.86093
-14617181.755232,8784,65010.368701
-16022224.186477,8784,65027.896218
-26363482.932824,8784,65045.4019
-21696857.355471,8784,65062.80148
-8273121.007298,8784,65080.388468
-14306156.835328,8784,65097.879468
-8278025.65488,8784,65115.392406
-10876938.23299,8784,65132.869589
-9229188.967519,8784,65150.117558
-11366363.329427,8784,65167.589529
-5775611.821892,8784,65185.034461
-4871220.158424,8784,65202.47175
-8754078.066936,8784,65219.989786
-10364945.529333,8784,65237.382418
-4882444.228613,8784,65254.796206
-16571715.795833,8784,65272.295612
-14379060.629577,8784,65289.719746
-6322553.595911,8784,65307.248333
-12770693.076477,8784,65324.678631
-11253898.40756,8784,65342.098026
-5116037.090546,8784,65359.618564
-8552450.71951,8784,65377.08109
-7692972.543638,8784,65436.850116
-5914287.133772,8784,65454.342023
-13042667.410188,8784,65471.795545
-8762246.350725,8784,65489.239412
-15239967.65287,8784,65506.719064
-9245283.148586,8784,65524.176928
-9497879.286533,8784,65541.611376
-3282404.221854,8784,65559.083964
-19707492.142868,8784,65576.64775
-7911706.813291,8784,65594.203268
-12756171.688445,8784,65611.702161
-8188867.836376,8784,65629.165107
-13567601.69453,8784,65646.669619
-5191829.942816,8784,65664.15838
-8080624.707035,8784,65681.481059
-12734843.838584,8784,65699.010902
-13453419.980286,8784,65716.490443
-26052176.920945,8784,65734.119056
-8239788.066259,8784,65751.528673
-7388656.044848,8784,65769.097738
-15115743.021422,8784,65786.642267
-12859653.036276,8784,65804.16983
-2960430.809004,8784,65821.631331
-12502606.074467,8784,65839.11427
-18009145.187341,8784,65856.547336
-9455959.875866,8784,65874.028294
-8912682.041358,8784,65891.491099
-3078146.887763,8784,65908.92213
-12427180.126051,8784,65926.380515
-8179974.083427,8784,65943.602052
-5481262.534969,8784,65960.837593
-8406158.078041,8784,65978.066557
-7515511.462092,8784,65995.515273
-7465640.203211,8784,66012.874052
-11453679.363719,8784,66030.355655
-8356621.470619,8784,66047.926043
-4461205.684283,8784,66065.44055
-10006817.698083,8784,66082.980164
-5277961.717088,8784,66100.484302
-14981624.601542,8784,66118.036476
-10086468.077024,8784,66135.606781
-5826008.517127,8784,66153.196758
-13164275.308798,8784,66170.728648
-31232304.529628,8784,66188.278062
-15569465.245096,8784,66205.807714
-8319459.580425,8784,66223.217068
-5954210.993291,8784,66240.727468
-10615559.16276,8784,66258.337904
-26793186.31632,8784,66275.953154
-14068300.51019,8784,66293.463149
-16290185.020395,8784,66353.797168
-4223027.479655,8784,66371.380845
-10377463.568812,8784,66388.863516
-6428174.525915,8784,66406.420845
-14236897.790498,8784,66424.172069
-5373273.474808,8784,66441.944749
-9258930.063327,8784,66459.810177
-2124002.717578,8784,66477.387134
-9625715.241449,8784,66495.155556
-15272433.954502,8784,66512.764004
-8861882.989096,8784,66530.422811
-5293942.552412,8784,66548.056771
-13068396.074517,8784,66565.674806
-4578605.979983,8784,66583.297717
-6717890.215128,8784,66600.946626
-2237816.180731,8784,66618.676099
-28614876.961885,8784,66636.392592
-13673961.972582,8784,66653.938793
-5118272.540686,8784,66671.544731
-15903121.950675,8784,66689.278644
-10695756.936778,8784,66707.041899
-13250765.615262,8784,66724.710947
-14824906.201684,8784,66742.374934
-3989465.449063,8784,66759.80769
-12761278.855979,8784,66777.532052
-9845277.480315,8784,66795.259831
-3817683.430339,8784,66812.868563
-4667501.598097,8784,66830.575344
-7494183.854013,8784,66848.299497
-8914197.05911,8784,66865.990916
-13674903.666707,8784,66883.76868
-8724557.09155,8784,66901.542387
-11048417.887253,8784,66919.236811
-3492599.254118,8784,66936.89173
-5371862.953375,8784,66954.519871
-12521365.215229,8784,66972.281052
-4770452.941318,8784,66989.984268
-5557243.467191,8784,67007.592633
-7564468.824676,8784,67025.246691
-5159746.641867,8784,67042.914021
-5071621.334687,8784,67060.639855
-4239908.578336,8784,67078.232185
-3031279.292954,8784,67095.875124
-10619419.908574,8784,67113.538293
-6502910.09119,8784,67131.121255
-6933335.994286,8784,67148.69613
-15701177.499981,8784,67166.549184
-4776094.409312,8784,67184.275535
-5337666.135438,8784,67202.017298
-20446692.106832,8784,67219.690194
-16463688.173826,8784,67279.627233
-3390661.87032,8784,67297.321082
-14021974.068092,8784,67314.998989
-13898767.868846,8784,67332.611124
-4446689.865666,8784,67350.205624
-13849695.850665,8784,67368.005631
-5060192.075015,8784,67385.702338
-7151752.376291,8784,67403.192134
-12542126.749583,8784,67420.941775
-4590712.887073,8784,67438.648782
-6168645.61333,8784,67456.391982
-19552030.634024,8784,67474.104255
-15078706.52255,8784,67491.774072
-15312910.145419,8784,67509.540833
-10656574.727909,8784,67527.202222
-8489998.953609,8784,67544.97782
-8731310.884483,8784,67562.694449
-7213396.642483,8784,67580.421572
-7683384.416872,8784,67598.05038
-9337855.890406,8784,67615.716594
-6449008.713655,8784,67633.419537
-4781919.069088,8784,67651.110698
-2472532.656437,8784,67668.759764
-7400107.307434,8784,67686.376757
-5419138.363752,8784,67703.990764
-4849056.834501,8784,67721.633951
-4528103.488049,8784,67739.298138
-6136943.717223,8784,67756.964424
-17330061.365902,8784,67774.690758
-11430727.346125,8784,67792.32333
-9874099.468901,8784,67809.988157
-15937040.966495,8784,67827.713245
-14977443.358963,8784,67845.397648
-4627552.273162,8784,67863.053627
-24858442.21224,8784,67880.786868
-4680312.427019,8784,67898.501645
-2868942.951141,8784,67916.169603
-5206006.192111,8784,67933.743837
-23929125.952753,8784,67951.551644
-2253480.772262,8784,67969.188341
-5936031.485842,8784,67986.883404
-9727543.934852,8784,68004.648404
-7547310.194877,8784,68022.398303
-9519311.821683,8784,68040.173382
-4346553.270274,8784,68057.922633
-12640431.544965,8784,68075.633233
-3662468.041364,8784,68093.310797
-3427484.496778,8784,68111.041152
-14944332.916633,8784,68128.805421
-4259761.633465,8784,68146.473558
-7293450.498719,8784,68206.619467
-4368889.088583,8784,68224.36372
-11844477.977135,8784,68242.112334
-4378670.317266,8784,68259.74705
-13423597.679887,8784,68277.436318
-12040731.120819,8784,68295.242157
-14685663.306745,8784,68312.984883
-12652260.525475,8784,68330.657952
-3630008.810187,8784,68348.383641
-5435208.028098,8784,68366.014281
-8281361.728445,8784,68383.689527
-10422971.642224,8784,68401.244978
-30296591.610893,8784,68419.020055
-13022342.991155,8784,68436.652107
-12161500.573406,8784,68454.361377
-3537967.199761,8784,68471.925995
-10967214.785689,8784,68489.579308
-12284392.899805,8784,68507.273813
-16205488.641855,8784,68524.910419
-8621375.131008,8784,68542.603971
-18104695.342587,8784,68560.372157
-16812481.813937,8784,68578.156862
-17112109.02033,8784,68595.832394
-7965885.428181,8784,68613.471882
-16384697.091829,8784,68631.234487
-11161927.718028,8784,68648.983151
-6214929.346885,8784,68666.788569
-7880307.473804,8784,68684.684209
-11662139.095499,8784,68702.513688
-8732152.567296,8784,68720.242885
-10162807.152,8784,68738.080492
-4523634.415519,8784,68755.842764
-5175809.05629,8784,68773.555917
-9033064.096627,8784,68791.281425
-12926594.360676,8784,68809.01416
-5390132.332581,8784,68826.7099
-11893164.82007,8784,68844.303916
-8649196.064971,8784,68861.930997
-11174850.695336,8784,68879.732297
-8685929.45355,8784,68897.447258
-7618418.189047,8784,68915.195237
-11944683.899644,8784,68932.956998
-28730286.318085,8784,68950.709196
-11227961.501923,8784,68968.427373
-5234845.339912,8784,68986.152661
-6863366.897864,8784,69003.930682
-7766315.092525,8784,69021.659005
-19588110.747905,8784,69039.320565
-10783236.566075,8784,69056.985425
-8415980.033218,8784,69074.682515
-8938552.279285,8784,69134.826495
-6311487.455944,8784,69152.52159
-10995982.324741,8784,69170.201338
-12667764.405813,8784,69187.879297
-14225125.01518,8784,69205.536332
-14562641.197258,8784,69223.319124
-5180909.539677,8784,69240.996457
-9113416.574807,8784,69258.728663
-9362190.08912,8784,69276.388613
-7992860.308351,8784,69294.100854
-3343528.262489,8784,69311.817315
-5507995.469286,8784,69329.477044
-21566987.74661,8784,69347.195898
-10197016.693272,8784,69364.870789
-9076558.693417,8784,69382.438594
-7750250.28251,8784,69400.149446
-9675269.805375,8784,69417.881693
-3211164.083791,8784,69435.536283
-3797246.223523,8784,69453.183341
-20264892.845817,8784,69470.944719
-14400234.609701,8784,69488.759196
-8598864.33859,8784,69506.541221
-5951555.441228,8784,69524.306414
-8807612.473912,8784,69541.864178
-13553235.337521,8784,69559.52799
-17803634.204065,8784,69577.37875
-3091475.430223,8784,69595.09828
-3399643.58436,8784,69612.824286
-3411428.049255,8784,69630.503841
-3504115.371033,8784,69648.036275
-9635654.462678,8784,69665.833879
-6275351.532233,8784,69683.598686
-24363601.061269,8784,69701.371255
-5209041.721552,8784,69719.096424
-3679494.463122,8784,69736.805696
-5650216.962375,8784,69754.512373
-15048878.104524,8784,69772.276725
-6565815.474564,8784,69790.023443
-8134779.433292,8784,69807.825731
-13336247.604504,8784,69825.546607
-4722941.431677,8784,69843.300611
-5417539.259801,8784,69861.06443
-3252891.528418,8784,69878.717953
-6562813.421368,8784,69896.452814
-2307238.333132,8784,69914.014162
-9150417.836489,8784,69931.831783
-7429115.235648,8784,69949.574052
-5927477.010083,8784,69967.34018
-18533439.824973,8784,69985.119197
-5874109.538571,8784,70002.81769
-15449069.061042,8784,70063.02266
-10948429.046581,8784,70080.808113
-10073248.657443,8784,70098.494508
-27416934.998615,8784,70116.320024
-12823880.288923,8784,70134.072415
-11687013.392308,8784,70151.824994
-23552598.405714,8784,70169.443239
-9596582.639668,8784,70187.089531
-8256768.840558,8784,70204.791349
-5402720.211441,8784,70222.415205
-5402310.739937,8784,70240.183303
-9101125.59853,8784,70260.601843
-4934845.318561,8784,70278.212232
-6068294.559953,8784,70295.893539
-12222441.844617,8784,70313.648386
-8962288.740966,8784,70331.41794
-8003905.302362,8784,70348.883747
-4123895.925707,8784,70367.680311
-7144119.935323,8784,70385.242859
-9771366.095266,8784,70404.858557
-14947075.834652,8784,70422.224737
-18655719.750955,8784,70439.481338
-12599515.191874,8784,70456.785702
-14389906.110761,8784,70474.162133
-12804243.024518,8784,70491.459648
-12818158.964241,8784,70508.819682
-10561163.442476,8784,70526.12822
-6139716.966612,8784,70543.466664
-4066800.385772,8784,70560.891163
-13076119.376877,8784,70578.260471
-4749883.863943,8784,70595.627574
-11950877.493142,8784,70612.987088
-15458704.45259,8784,70630.285029
-15958545.953538,8784,70647.602848
-2770732.586605,8784,70664.886326
-8943170.313872,8784,70682.218513
-6595583.32929,8784,70699.624296
-10893568.562788,8784,70716.916415
-8474405.139796,8784,70734.292364
-11381926.865742,8784,70751.66841
-8349114.736852,8784,70769.04537
-11435963.214549,8784,70786.376721
-3898297.208924,8784,70803.634266
-13246786.41054,8784,70820.903102
-12161829.755378,8784,70838.271051
-28626414.582719,8784,70855.716742
-16404193.202858,8784,70873.096045
-3194917.6494,8784,70890.43138
-8245216.737994,8784,70907.776407
-9308286.910473,8784,70925.134414
-4953502.478735,8784,70984.558162
-7136894.549738,8784,71001.93066
-24731681.322423,8784,71019.285068
-6625496.584673,8784,71036.579725
-10123856.743342,8784,71053.826887
-9627018.722211,8784,71071.128385
-18968196.96611,8784,71088.447384
-2561221.568798,8784,71105.701308
-5146655.193001,8784,71122.981798
-3678279.161279,8784,71140.294473
-22143786.104337,8784,71157.761175
-10648676.276901,8784,71175.058596
-7299003.41463,8784,71192.3426
-24075467.726689,8784,71209.660565
-8018002.212882,8784,71226.919577
-8966103.116829,8784,71244.229924
-6932039.498555,8784,71261.481572
-14175433.411389,8784,71278.805215
-8561542.06915,8784,71296.20438
-9249683.212628,8784,71313.49639
-3759066.052475,8784,71330.80669
-5918077.254048,8784,71348.015165
-6361570.641017,8784,71365.33956
-3267332.173483,8784,71382.608712
-20599398.525862,8784,71399.929594
-7025021.393608,8784,71417.30589
-13533291.205692,8784,71434.615686
-4897030.934579,8784,71451.969041
-9020135.431253,8784,71469.376528
-10151966.079198,8784,71486.744207
-8381601.25704,8784,71504.107731
-6599525.431145,8784,71521.417129
-10918299.871703,8784,71538.727759
-12215753.127503,8784,71556.113641
-3382413.089784,8784,71573.374496
-21345645.085181,8784,71590.752288
-8385217.79295,8784,71608.013187
-3358085.5637,8784,71625.315495
-5747889.560126,8784,71642.620825
-10797367.173093,8784,71659.972831
-9710712.623948,8784,71677.266466
-3120484.971356,8784,71694.62563
-4545414.236763,8784,71712.018258
-3287866.740703,8784,71729.306204
-2486761.2834,8784,71746.576239
-4426967.722093,8784,71763.96987
-10678169.261166,8784,71781.382643
-7754281.276873,8784,71798.682429
-10140147.133327,8784,71816.013955
-5892361.555423,8784,71833.392709
-4128489.611894,8784,71892.932737
-9738990.250436,8784,71910.250357
-4854836.86668,8784,71927.653495
-13530766.107982,8784,71944.974177
-5598369.033001,8784,71962.29955
-1963620.829747,8784,71979.594355
-7166518.193735,8784,71996.910363
-12827882.749118,8784,72014.267752
-9999595.063311,8784,72031.653436
-10789088.370673,8784,72049.022181
-9267637.819213,8784,72066.406716
-4604560.334991,8784,72083.70256
-6181002.035079,8784,72101.040114
-10155834.68213,8784,72118.462128
-8273367.483173,8784,72135.750152
-6571393.373792,8784,72153.124779
-9194149.378071,8784,72170.552884
-16744496.779756,8784,72188.03322
-7133825.106574,8784,72205.330364
-6786340.978803,8784,72222.652058
-7976597.499797,8784,72240.060162
-11934664.903061,8784,72257.393214
-5703442.956084,8784,72274.77412
-5459471.627991,8784,72292.173108
-4094631.383843,8784,72309.557452
-19293490.16294,8784,72327.212054
-4629218.129924,8784,72344.668378
-18049880.590791,8784,72362.035285
-10523094.96362,8784,72379.425135
-2350628.762866,8784,72396.742576
-5195808.633742,8784,72414.054612
-13990670.611913,8784,72431.346422
-7014340.847353,8784,72448.675768
-13680376.342565,8784,72466.013751
-5500536.957969,8784,72483.347613
-22492215.487012,8784,72500.729081
-17269861.269964,8784,72518.010117
-11308308.094125,8784,72535.350087
-6606119.537146,8784,72552.734381
-20609781.457616,8784,72570.147443
-7447679.12558,8784,72587.576006
-13499756.400542,8784,72605.02826
-17575890.668185,8784,72622.468097
-21075384.347124,8784,72639.804399
-4256227.075377,8784,72657.24081
-16557893.892747,8784,72674.841362
-10836421.884152,8784,72692.231092
-7120595.475418,8784,72709.643417
-8620041.444187,8784,72727.092457
-8941307.72279,8784,72744.576839
-2691048.762941,8784,72804.045634
-7833450.691987,8784,72821.424619
-17250906.321751,8784,72838.785672
-12602071.701637,8784,72856.148832
-3703685.107826,8784,72873.484526
-2679843.127736,8784,72890.875376
-7372846.301718,8784,72908.22799
-4827672.177857,8784,72925.543669
-5768679.19183,8784,72942.861303
-5502389.316259,8784,72960.194467
-3080788.311972,8784,72977.551472
-3646265.161481,8784,72994.914401
-5126246.273112,8784,73012.296341
-8827191.7882,8784,73029.603843
-25505301.151817,8784,73046.961938
-14129972.831,8784,73064.365543
-5989623.816009,8784,73081.735525
-15968890.724758,8784,73099.030371
-10638982.528378,8784,73116.367182
-7417023.079958,8784,73133.721799
-7394203.858671,8784,73151.097299
-10998910.795278,8784,73168.512846
-12378020.553996,8784,73185.855603
-4645038.295492,8784,73203.227415
-6113511.824065,8784,73220.50238
-25027195.766792,8784,73238.0021
-4865870.899357,8784,73255.295627
-9490222.710377,8784,73272.648619
-3433610.621161,8784,73289.975991
-2815603.811175,8784,73307.211683
-6547120.774905,8784,73324.648358
-6898333.942775,8784,73341.990883
-9647388.100821,8784,73359.399338
-8084639.76653,8784,73376.810051
-14611900.749109,8784,73394.150786
-21042186.369313,8784,73411.594451
-8448514.102892,8784,73428.971907
-15417199.986979,8784,73446.36545
-19989747.050328,8784,73463.761209
-7093783.469725,8784,73481.161848
-19728169.424519,8784,73498.610952
-17668039.442154,8784,73515.96723
-7809399.508618,8784,73533.31688
-4135731.278266,8784,73550.605989
-7641650.143331,8784,73567.898446
-7816172.139382,8784,73585.215827
-9747065.031487,8784,73602.61781
-6968119.543223,8784,73620.063904
-7694791.754296,8784,73637.408644
-5054863.001051,8784,73654.815892
-16984605.839631,8784,73714.400913
-7349877.180882,8784,73731.721885
-7453390.937657,8784,73749.062864
-12101412.676975,8784,73766.434228
-10299082.640224,8784,73783.898134
-11932398.752691,8784,73801.256931
-7098222.941816,8784,73818.67632
-8652382.567257,8784,73835.978104
-3335066.313476,8784,73853.33748
-11674264.558586,8784,73870.715138
-8888403.027142,8784,73888.098639
-9502996.520039,8784,73905.468601
-5749746.284069,8784,73922.800414
-6704450.442737,8784,73940.10208
-5836170.85104,8784,73957.459168
-5481160.273729,8784,73974.965492
-7220779.389163,8784,73992.28005
-5091865.915008,8784,74009.623647
-18405113.683423,8784,74027.018202
-8391128.121976,8784,74044.39284
-5372118.30676,8784,74061.799637
-6867622.012456,8784,74079.374766
-7209134.907795,8784,74096.852983
-4498939.757804,8784,74114.332251
-9286096.244198,8784,74131.844331
-11662708.788714,8784,74149.399904
-4334166.804142,8784,74167.192946
-13126055.129975,8784,74184.876879
-14675934.325928,8784,74202.473893
-5908391.080683,8784,74219.96938
-4160953.363878,8784,74237.944323
-8261647.397377,8784,74255.589185
-8644089.116023,8784,74274.904912
-15388001.79973,8784,74292.360564
-14378253.09683,8784,74314.67671
-16599593.453912,8784,74332.221605
-6586936.321248,8784,74349.805897
-5082842.649177,8784,74367.316654
-4627797.132364,8784,74384.795268
-7799554.556279,8784,74402.348669
-5888989.179859,8784,74419.916557
-6653373.646951,8784,74437.410682
-8462220.639856,8784,74454.902301
-8200505.376942,8784,74472.455069
-8761645.626303,8784,74489.768548
-17304106.550863,8784,74507.405795
-6923331.193101,8784,74525.052137
-14158463.053512,8784,74542.588424
-10554229.071092,8784,74560.128891
-7416927.829333,8784,74577.663767
-8722390.022495,8784,74637.567935
-5262471.956895,8784,74655.123222
-17303427.759938,8784,74672.853611
-16141548.474674,8784,74690.473556
-3716181.002014,8784,74708.099408
-9138013.976739,8784,74725.744238
-5273434.688743,8784,74743.239147
-6125805.948529,8784,74760.688441
-7104627.592342,8784,74778.334096
-6941101.815983,8784,74795.940163
-11443003.089328,8784,74813.561225
-6665944.84034,8784,74831.275148
-9355114.362049,8784,74848.888124
-8246175.823415,8784,74866.527993
-10008249.615932,8784,74884.208523
-1940565.691358,8784,74901.880317
-8030644.004333,8784,74919.561794
-21761258.461559,8784,74937.262187
-6545894.250097,8784,74954.905814
-7530416.925896,8784,74972.520754
-8583866.379928,8784,74990.219957
-13371128.7157,8784,75007.876525
-5095561.665004,8784,75025.360999
-14875377.881027,8784,75042.981043
-10003489.766536,8784,75060.643139
-19913398.206449,8784,75078.368646
-3293990.629357,8784,75095.961181
-8482868.866751,8784,75113.547701
-7555505.891886,8784,75131.226346
-13323840.754272,8784,75148.889545
-15978546.226095,8784,75166.647406
-21374060.742251,8784,75184.271804
-6835963.287293,8784,75201.9196
-8425301.448346,8784,75219.556356
-25382399.101031,8784,75237.273005
-6049646.607838,8784,75254.928113
-4594221.13452,8784,75272.488925
-16646604.746408,8784,75290.027113
-9316687.992877,8784,75307.65978
-16901547.277924,8784,75325.395725
-16712943.551981,8784,75343.132994
-12482417.413452,8784,75360.828941
-16134050.155544,8784,75378.524277
-10802745.210843,8784,75396.20585
-7449725.094134,8784,75413.854865
-4691368.791594,8784,75431.525843
-11801551.045823,8784,75449.059978
-10661801.692847,8784,75466.647255
-8017760.113188,8784,75484.328043
-9942993.283553,8784,75502.033471
-15779386.200921,8784,75562.075872
-2643382.654243,8784,75579.679922
-8969388.565855,8784,75597.262532
-5804652.916038,8784,75614.85714
-7047725.020288,8784,75632.436201
-4187556.431134,8784,75650.078061
-11504791.230258,8784,75667.710951
-4520084.644798,8784,75685.332514
-6705177.638331,8784,75702.951558
-6163458.9613,8784,75720.539513
-3944652.640784,8784,75738.133909
-6532891.281696,8784,75755.796643
-15751160.646178,8784,75773.463309
-2622516.859577,8784,75790.946068
-6883930.770762,8784,75808.537229
-6801732.348102,8784,75826.244036
-5316388.566059,8784,75843.922041
-6826549.753286,8784,75861.460397
-4277409.115659,8784,75879.052923
-18522145.28007,8784,75896.760778
-3529692.663168,8784,75914.45191
-11251996.962489,8784,75932.184314
-10603288.299507,8784,75949.855183
-4020341.027828,8784,75967.437143
-12516823.085176,8784,75985.104526
-8264376.057078,8784,76002.751034
-4850326.989294,8784,76020.317975
-8520112.124977,8784,76037.868332
-6407840.601389,8784,76055.512467
-11528359.575002,8784,76073.167945
-4835579.876404,8784,76090.697455
-3156001.473874,8784,76108.248884
-13678550.264519,8784,76125.619061
-16781728.475608,8784,76143.228039
-13065891.51844,8784,76160.863644
-7517569.277182,8784,76178.420505
-9910618.498499,8784,76195.99437
-3142313.69336,8784,76213.639189
-15143846.187834,8784,76231.300543
-6427980.365862,8784,76248.785402
-2159029.568457,8784,76266.380455
-11154851.832926,8784,76284.046833
-8755054.666044,8784,76301.59668
-6407516.681733,8784,76319.255848
-13500157.600459,8784,76336.956836
-13096668.197963,8784,76354.594272
-12889952.751587,8784,76372.180484
-13428421.564813,8784,76389.827521
-19264810.345623,8784,76407.573771
-7611344.35392,8784,76425.134712
-11867796.235457,8784,76485.248759
-8864465.562622,8784,76502.91226
-7489152.707127,8784,76520.515064
-6735801.520565,8784,76538.093729
-3447642.09064,8784,76555.697044
-10360227.249232,8784,76573.255776
-13745805.434891,8784,76590.986932
-4494719.518531,8784,76608.604152
-6008036.88457,8784,76626.320662
-18873979.176199,8784,76643.99482
-9129844.972536,8784,76661.630847
-7986167.968583,8784,76679.257506
-6878966.420522,8784,76696.939054
-15903524.038195,8784,76714.541362
-8801456.71447,8784,76732.072551
-3966895.23268,8784,76749.817362
-3583233.214648,8784,76767.495193
-4807210.516242,8784,76785.166282
-4787573.811016,8784,76802.785729
-6775139.361694,8784,76820.446434
-9238759.005959,8784,76838.204647
-6810409.384285,8784,76855.950554
-7724013.894728,8784,76873.668272
-9679973.029838,8784,76891.397357
-14622231.538736,8784,76909.000349
-9521050.609509,8784,76926.648129
-3997564.826759,8784,76944.257484
-11716836.797368,8784,76961.777611
-9760301.897516,8784,76979.430608
-10994319.238971,8784,76996.974458
-6802216.301196,8784,77014.750772
-12533443.764612,8784,77032.366346
-12480682.216455,8784,77049.996052
-9101229.561937,8784,77067.641
-4875641.859916,8784,77085.182884
-7295850.449255,8784,77102.834993
-15046425.148528,8784,77120.549919
-7297424.106671,8784,77138.156183
-8875067.592219,8784,77155.807829
-30301572.000292,8784,77173.572507
-7151340.915382,8784,77191.286996
-10285641.827582,8784,77209.008694
-15299706.217532,8784,77226.653548
-19672599.863633,8784,77244.41126
-11191810.098758,8784,77261.936822
-26113761.365489,8784,77279.718641
-8582127.153369,8784,77297.498713
-11779912.261702,8784,77315.199763
-5770766.961204,8784,77332.898403
-4489714.651677,8784,77350.599162
-10307053.713752,8784,77410.756205
-6105424.548675,8784,77428.503517
-3699346.817485,8784,77446.113482
-16364901.25849,8784,77463.824293
-9956848.749414,8784,77481.382436
-5084780.613533,8784,77499.213632
-6629932.967526,8784,77516.763734
-4332445.678215,8784,77534.380692
-8391347.310173,8784,77552.107539
-6679443.657718,8784,77569.728196
-9484868.648831,8784,77587.42527
-10634403.390835,8784,77605.120513
-8406740.552007,8784,77622.855209
-5097485.902831,8784,77640.590687
-9799746.355578,8784,77658.28578
-6609203.341476,8784,77676.055156
-9793773.348198,8784,77693.70718
-17730171.600306,8784,77711.533811
-9221287.967872,8784,77729.240884
-13658478.884638,8784,77747.044858
-9304545.658658,8784,77764.823364
-4337577.076266,8784,77782.646654
-3968329.838196,8784,77800.358922
-8104113.710786,8784,77818.118201
-6457897.564301,8784,77835.814674
-3315300.426426,8784,77853.481855
-4145566.93422,8784,77871.171505
-5611787.192543,8784,77888.87851
-8909203.385541,8784,77906.470662
-6206166.044298,8784,77924.140757
-8190812.671843,8784,77941.888679
-1954929.709388,8784,77959.575383
-6541639.621098,8784,77977.237219
-19388216.648361,8784,77995.025139
-16582433.248869,8784,78012.755308
-10792315.361473,8784,78030.439222
-12173350.228029,8784,78048.120086
-11017481.0406,8784,78065.942467
-5101775.731847,8784,78083.374489
-7310001.736363,8784,78100.852479
-9031169.743338,8784,78118.326514
-7351064.565602,8784,78135.873865
-10227694.241145,8784,78153.29335
-10856013.182046,8784,78173.137851
-5741012.418676,8784,78190.62183
-7959039.768249,8784,78208.06998
-21917559.89802,8784,78225.709575
-13609252.382604,8784,78243.13096
-7353871.462606,8784,78260.542417
-12006487.337592,8784,78278.043915
-13993650.737992,8784,78337.895998
-17181601.831486,8784,78355.41175
-17831387.42652,8784,78372.956838
-3084989.994646,8784,78390.465322
-10328341.91079,8784,78407.941696
-7400952.990031,8784,78425.448665
-6587537.766923,8784,78442.815006
-4218117.023196,8784,78460.239964
-9668975.365475,8784,78477.699367
-17177924.832743,8784,78495.229824
-4990459.056995,8784,78512.727425
-14011004.450018,8784,78530.263362
-5979019.921022,8784,78547.700099
-11135080.195221,8784,78565.271606
-9791160.184298,8784,78582.801615
-9868710.036121,8784,78600.443283
-9876419.296498,8784,78617.945143
-6056642.667695,8784,78635.513662
-12219957.128137,8784,78652.918975
-14458684.835518,8784,78670.482185
-2614912.165972,8784,78687.984093
-9606808.885518,8784,78705.423347
-15460724.582976,8784,78722.944921
-20032460.615896,8784,78740.502051
-7063535.795502,8784,78758.00017
-6693293.693205,8784,78775.572388
-19848795.640246,8784,78793.125001
-7128560.56921,8784,78810.573723
-5389373.009586,8784,78828.003093
-5938241.298569,8784,78845.473646
-5711730.387369,8784,78862.952546
-6155435.361766,8784,78880.409985
-4194211.543612,8784,78897.870853
-4388038.965758,8784,78915.344452
-6153222.190048,8784,78932.809489
-12761143.878395,8784,78950.336088
-7175141.894346,8784,78967.766124
-8239348.559516,8784,78985.229221
-8453024.226659,8784,79002.695603
-21946153.164029,8784,79020.26207
-10991273.995571,8784,79037.868196
-4912283.673828,8784,79055.370881
-11140205.350979,8784,79072.937266
-14474696.061777,8784,79090.532182
-5085725.97755,8784,79108.026067
-7391574.425375,8784,79125.542346
-10121313.125395,8784,79143.047899
-5159503.792124,8784,79160.507526
-12725218.572732,8784,79178.036551
-7501608.490978,8784,79195.515229
-10981541.414928,8784,79255.416256
-21116987.0975,8784,79272.977547
-5597682.126962,8784,79290.511202
-16430524.246625,8784,79308.011941
-7990872.631473,8784,79325.476794
-8903672.439965,8784,79343.000409
-4257436.749196,8784,79360.494704
-19393627.148877,8784,79378.049082
-17587988.5522,8784,79395.604381
-9867128.80242,8784,79413.054307
-24132606.621039,8784,79430.645948
-12630735.860574,8784,79448.179873
-12659673.39536,8784,79465.698933
-7133241.564026,8784,79483.228481
-8397869.53246,8784,79500.616891
-8932511.087712,8784,79518.194113
-13885111.166293,8784,79535.717777
-17033842.990173,8784,79553.287777
-4703670.995028,8784,79570.791436
-13235501.986107,8784,79588.294697
-7832300.464305,8784,79605.849485
-9472227.90049,8784,79623.443092
-5403874.76338,8784,79640.985065
-21654290.088324,8784,79658.533267
-8749016.790727,8784,79675.984991
-12119692.106437,8784,79693.523358
-4320469.849343,8784,79711.070749
-3997666.90157,8784,79728.591469
-10020127.804027,8784,79746.0902
-7405624.42449,8784,79763.640565
-7809196.4097,8784,79781.152828
-5066791.229109,8784,79798.680698
-12184721.267492,8784,79816.235261
-3528466.191439,8784,79833.763608
-7289331.465524,8784,79851.284032
-12987936.327774,8784,79868.788213
-2581442.90776,8784,79886.210942
-9955916.135524,8784,79903.727206
-12366624.535104,8784,79921.271276
-8046733.478723,8784,79938.81178
-8401219.104457,8784,79956.352691
-13033704.433152,8784,79973.954083
-13919350.353261,8784,79991.485115
-2817191.498663,8784,80008.968306
-4659243.54393,8784,80026.462848
-8802995.60231,8784,80044.00059
-11462788.599037,8784,80061.520296
-8215596.283823,8784,80079.023961
-9958857.392387,8784,80096.616314
-6593500.239703,8784,80114.155221
-14185217.289008,8784,80174.205309
-6276971.494788,8784,80191.694809
-4977250.842506,8784,80209.188973
-9791533.977181,8784,80226.673325
-10707817.315201,8784,80244.159771
-3351641.952165,8784,80261.677409
-13069669.671664,8784,80279.248029
-8925606.099055,8784,80296.755708
-7186333.669416,8784,80314.25464
-10825780.454505,8784,80331.780475
-9154726.24137,8784,80349.261762
-14520534.802856,8784,80366.73495
-5361047.752376,8784,80384.274196
-15840735.850276,8784,80401.771972
-8848377.008249,8784,80419.351923
-6625150.31308,8784,80436.949338
-7821112.205542,8784,80454.525662
-6452115.663518,8784,80472.042075
-6160868.295666,8784,80489.574
-16219042.397715,8784,80507.190725
-16412271.055557,8784,80524.728533
-8507385.032217,8784,80542.227603
-8150620.099311,8784,80559.756394
-19661466.023487,8784,80577.349522
-5389664.596782,8784,80594.873078
-11655784.815803,8784,80612.462791
-7660320.749136,8784,80629.952654
-12258791.016659,8784,80647.47584
-12778378.951345,8784,80664.873373
-2759659.610125,8784,80682.326112
-8045570.538468,8784,80699.87002
-9314307.806736,8784,80717.398436
-3387232.437163,8784,80734.920437
-9065683.066563,8784,80752.433695
-4676312.588004,8784,80769.951726
-8720894.438803,8784,80787.532288
-7612832.230462,8784,80805.044133
-9156914.212636,8784,80822.525925
-10748022.632172,8784,80840.023528
-16844867.032506,8784,80857.509605
-15088634.753657,8784,80875.072458
-18884089.901175,8784,80892.654306
-9820290.627922,8784,80910.155406
-9783738.516678,8784,80927.758712
-9949700.483106,8784,80945.263184
-13574579.919203,8784,80962.808777
-14815336.357425,8784,80980.370481
-12495520.5467,8784,80997.908879
-13005167.389316,8784,81015.444723
-3745036.507608,8784,81032.946232
-9365974.456674,8784,81092.974086
-4541659.80094,8784,81110.48497
-11756793.691258,8784,81128.082565
-10452049.218739,8784,81145.655369
-9326650.614877,8784,81163.106688
-11956277.780644,8784,81180.637739
-4837567.856282,8784,81198.120192
-4194399.452322,8784,81215.636874
-7410995.593053,8784,81233.229158
-11610268.525976,8784,81250.688305
-5719217.722615,8784,81268.21909
-14900670.47181,8784,81285.772258
-14911464.233944,8784,81303.473577
-15474541.720533,8784,81321.023494
-19515934.500377,8784,81338.642824
-7940044.515676,8784,81356.227065
-5331472.6245,8784,81373.799386
-4242227.49349,8784,81391.339898
-5951641.466395,8784,81408.915685
-6083233.167989,8784,81426.48979
-4799432.286308,8784,81444.092853
-4134472.036554,8784,81461.63167
-6432434.794669,8784,81479.167021
-9924696.932347,8784,81496.606735
-9874259.660802,8784,81514.111262
-4183813.490867,8784,81531.655548
-6646725.277701,8784,81549.118676
-14232881.333898,8784,81566.69828
-5990959.535106,8784,81584.127929
-6821225.238111,8784,81601.691889
-7168786.999158,8784,81619.275362
-5089324.248815,8784,81636.840035
-23090265.658322,8784,81654.451823
-2161632.541525,8784,81672.016312
-11071002.034343,8784,81689.604759
-13333959.160915,8784,81707.147307
-6974767.575221,8784,81724.662742
-6687845.017958,8784,81742.216115
-5003702.998365,8784,81759.794544
-22095403.625308,8784,81777.401651
-9506410.751027,8784,81795.012495
-2112132.299952,8784,81812.567981
-9347577.720719,8784,81830.115508
-9949474.177838,8784,81847.527894
-7690771.376143,8784,81865.003271
-8668153.015602,8784,81882.546008
-11350441.65872,8784,81900.121187
-8248329.337767,8784,81917.587645
-7940676.128154,8784,81935.051583
-18449657.10521,8784,81952.605385
-4994700.93431,8784,82012.844156
-7109553.558817,8784,82030.420185
-9782960.537251,8784,82048.119121
-5169730.873228,8784,82065.679912
-6781258.576373,8784,82085.048579
-6489130.354423,8784,82102.553547
-7409319.767109,8784,82120.236417
-8136585.632715,8784,82138.047009
-7886280.733503,8784,82155.877159
-6764456.225915,8784,82173.660207
-17880697.234396,8784,82191.492199
-5278774.049133,8784,82209.292732
-4405800.341469,8784,82227.098839
-27081178.232678,8784,82244.94925
-5790311.196538,8784,82262.717784
-11492879.629121,8784,82280.552714
-3617268.233821,8784,82298.338063
-3150491.017132,8784,82316.105579
-8052715.630548,8784,82333.787749
-6988372.317263,8784,82351.532439
-5828285.20923,8784,82369.335479
-17400352.001673,8784,82387.069932
-2957565.542908,8784,82404.824726
-3157624.634609,8784,82422.606855
-13316106.339502,8784,82440.462459
-3978257.697999,8784,82458.245822
-18619350.504817,8784,82476.041337
-8086124.967317,8784,82493.790803
-7693898.600113,8784,82511.583674
-25213849.643203,8784,82529.402454
-6944919.349698,8784,82547.203141
-17623796.912564,8784,82565.062809
-12462320.388372,8784,82582.799305
-8558320.442893,8784,82600.619743
-13319920.927255,8784,82618.452029
-17980512.361944,8784,82636.347778
-24996225.182138,8784,82653.984046
-3399336.055556,8784,82671.635715
-3050297.039903,8784,82689.487505
-16031916.811182,8784,82707.326539
-4730839.206485,8784,82725.150111
-11516218.489718,8784,82742.971808
-5444298.737292,8784,82760.748441
-8984095.863886,8784,82778.51604
-7493390.302176,8784,82796.282622
-4875988.635573,8784,82814.065961
-9815840.577575,8784,82831.801919
-7032449.921995,8784,82849.541956
-19294615.135365,8784,82867.383701
-24664083.2267,8784,82885.260306
-7342383.307592,8784,82945.624346
-9732135.401498,8784,82963.414742
-10304737.508725,8784,82981.239788
-8379848.218632,8784,82998.849431
-13143838.386817,8784,83016.481309
-4314805.013749,8784,83034.184995
-10684581.646945,8784,83051.969548
-8695275.480356,8784,83069.735038
-13525771.237722,8784,83087.490949
-16987284.744037,8784,83105.306874
-3620529.303436,8784,83123.122149
-11688527.558455,8784,83140.89835
-5503669.968336,8784,83158.732657
-7702920.869518,8784,83176.529398
-4756964.159057,8784,83194.368272
-15333564.216116,8784,83212.203991
-13603890.697963,8784,83230.064102
-11395071.480923,8784,83247.880321
-10780369.585673,8784,83265.728378
-14638979.447498,8784,83283.47082
-24573126.447801,8784,83301.1269
-7334272.412535,8784,83318.907667
-11543458.040826,8784,83336.545773
-8834030.115217,8784,83354.311665
-23222940.053266,8784,83372.126505
-5650636.185966,8784,83389.8831
-7291152.282216,8784,83407.717981
-8155844.220029,8784,83425.465339
-6939613.40904,8784,83443.260053
-10209663.412694,8784,83461.090588
-11273046.155507,8784,83478.959874
-3859782.231754,8784,83496.72052
-8777188.82218,8784,83514.476808
-28028456.36262,8784,83532.334455
-8102849.42731,8784,83550.067215
-20392454.917971,8784,83567.794236
-3273942.798263,8784,83585.584233
-7659959.685032,8784,83603.36884
-8994109.784993,8784,83621.200693
-9752021.556891,8784,83639.013072
-16462667.03,8784,83656.857774
-5857450.917555,8784,83674.581574
-13381319.03771,8784,83692.399387
-5221506.534781,8784,83710.17453
-11676829.511826,8784,83727.926603
-6332851.199557,8784,83745.716821
-9319089.397432,8784,83763.577414
-7700808.55413,8784,83781.476583
-13357518.402631,8784,83799.386935
-21599433.541853,8784,83817.197832
-12888399.998939,8784,83877.889309
-5055654.67797,8784,83895.676818
-15475595.342565,8784,83913.510804
-2265017.179867,8784,83931.317717
-8683368.714165,8784,83949.089736
-11229087.141645,8784,83966.942948
-3753206.623181,8784,83984.73112
-11238812.491855,8784,84002.404091
-10929955.480927,8784,84020.238738
-12779133.650837,8784,84038.115962
-3901048.269528,8784,84055.994267
-4333847.346574,8784,84073.806207
-6482308.330235,8784,84091.492617
-12933908.138023,8784,84109.373065
-3795353.558296,8784,84127.201207
-8604556.55265,8784,84145.127354
-8612403.357491,8784,84163.160871
-14212452.739227,8784,84181.051431
-14470616.638319,8784,84198.827938
-3099192.589258,8784,84216.594751
-9001791.218478,8784,84234.426924
-6938936.904809,8784,84252.223903
-5606518.154999,8784,84270.009201
-8329281.554723,8784,84287.832575
-7648782.220311,8784,84305.592713
-9285873.931688,8784,84323.382307
-22299382.051389,8784,84341.114182
-18040303.959503,8784,84358.828995
-9830921.012711,8784,84376.660316
-3048034.313747,8784,84394.310401
-2743043.335798,8784,84412.080322
-5577823.811419,8784,84429.912376
-11076558.035337,8784,84447.769603
-8347013.396323,8784,84465.628826
-5627105.886933,8784,84483.406061
-6112623.889158,8784,84501.221541
-5493185.651182,8784,84519.119758
-4655729.572023,8784,84536.96589
-5424136.721782,8784,84554.833373
-9152091.688308,8784,84572.696788
-9554693.86091,8784,84590.677128
-9211728.455656,8784,84608.478982
-8133384.931221,8784,84626.095131
-21854169.820407,8784,84643.96848
-8916241.995015,8784,84661.81945
-11562027.944118,8784,84679.558831
-11730048.003165,8784,84697.402329
-9696379.712746,8784,84715.220192
-16020426.00437,8784,84733.02575
-23552366.712503,8784,84750.875561
-9360300.346599,8784,84811.645001
-3502024.269997,8784,84829.371499
-4050906.857645,8784,84847.123444
-9893624.783474,8784,84864.828193
-2593608.431063,8784,84882.54909
-5415285.751908,8784,84900.28567
-7650240.37086,8784,84918.140811
-3794921.817989,8784,84935.967183
-3864678.424448,8784,84953.774374
-14086137.56856,8784,84971.642864
-3522228.846263,8784,84989.48235
-10175379.860576,8784,85007.271574
-6185160.674315,8784,85025.111435
-10886499.592612,8784,85042.963691
-6744120.640075,8784,85060.849867
-22982305.008618,8784,85078.844628
-8636508.018301,8784,85096.675782
-5773749.589577,8784,85114.485133
-16317807.002886,8784,85132.319681
-9786276.722375,8784,85150.09463
-8375545.576488,8784,85167.865674
-10896358.668303,8784,85185.649094
-20579784.757526,8784,85203.461493
-4768940.28729,8784,85221.286207
-4888857.996801,8784,85239.046623
-5705712.775564,8784,85256.889121
-10921228.657766,8784,85274.5749
-16976692.282451,8784,85292.412071
-3573397.615135,8784,85310.213289
-8943224.311495,8784,85328.08321
-10145325.326416,8784,85345.928443
-13158727.325702,8784,85363.720979
-22213341.248377,8784,85381.620714
-5719992.32505,8784,85399.484507
-7309689.511931,8784,85417.295846
-12222186.004242,8784,85435.16118
-13854181.84093,8784,85452.916518
-10527703.769292,8784,85470.589945
-3680892.562877,8784,85488.163325
-8473518.244577,8784,85506.020161
-12490537.775707,8784,85523.8448
-5627130.560758,8784,85541.558105
-3367360.915439,8784,85559.369866
-11833226.217147,8784,85577.240472
-11834108.456419,8784,85595.003536
-20849300.18685,8784,85612.876517
-9389572.928682,8784,85630.677893
-13522967.642477,8784,85648.557071
-7443096.728265,8784,85666.402076
-6395213.486217,8784,85684.26636
-3701535.296189,8784,85745.003478
-4873607.747008,8784,85762.876982
-21406005.868676,8784,85780.697403
-3737827.298465,8784,85798.34737
-22145851.736409,8784,85816.177421
-12198969.658608,8784,85833.924156
-3396197.46562,8784,85851.71353
-6324423.104487,8784,85869.526208
-14368534.562516,8784,85887.389747
-11098314.590824,8784,85905.353409
-10138132.50939,8784,85923.230021
-3807136.414457,8784,85940.986421
-13728296.036162,8784,85958.663864
-8873096.615334,8784,85976.384147
-8881616.586568,8784,85994.182771
-6073001.713921,8784,86011.92014
-7360081.879551,8784,86029.84355
-10321633.267735,8784,86047.33919
-4359384.128146,8784,86064.751856
-5682345.980951,8784,86082.29519
-8418843.260872,8784,86099.878679
-8979903.256638,8784,86117.409671
-3207837.026133,8784,86134.950283
-6639033.444794,8784,86152.463681
-10280842.544784,8784,86169.919101
-13947974.255842,8784,86187.513592
-10591517.481947,8784,86205.118764
-24148960.37852,8784,86222.74407
-8067545.734542,8784,86240.262359
-8847292.058518,8784,86257.869753
-14001616.350499,8784,86275.523239
-9863862.38253,8784,86293.084728
-21788820.366197,8784,86310.713472
-9837737.588432,8784,86328.158133
-7822238.933478,8784,86345.713405
-8707986.29038,8784,86363.332603
-11230728.622143,8784,86380.870031
-11950565.791065,8784,86398.422417
-10026214.044301,8784,86415.942531
-4540506.843266,8784,86433.505527
-13099222.158763,8784,86451.144116
-14697245.575905,8784,86468.705916
-11565316.959184,8784,86486.237977
-13359107.742908,8784,86503.786546
-34714915.127953,8784,86521.398164
-9882864.933135,8784,86538.938478
-19408359.705873,8784,86556.509059
-26820567.621923,8784,86574.091004
-23108767.299429,8784,86591.628278
-6960664.266738,8784,86609.183809
-5096234.578535,8784,86669.343371
-8330512.084958,8784,86686.933264
-7379333.686097,8784,86704.530482
-9105986.118449,8784,86722.104384
-11015042.880633,8784,86739.743369
-6816639.532053,8784,86757.364516
-5210251.551228,8784,86774.973906
-19139565.123394,8784,86792.629288
-6293764.246652,8784,86810.218009
-7297864.515804,8784,86827.843338
-7598316.084986,8784,86845.50247
-12698155.525488,8784,86863.100702
-6574265.520155,8784,86880.804365
-6437675.03941,8784,86898.385343
-6633595.399559,8784,86915.975284
-6383762.034281,8784,86933.557149
-6081749.191006,8784,86951.138568
-13086427.101575,8784,86968.6638
-11969970.73659,8784,86986.133788
-4428718.467822,8784,87003.696144
-4466875.674211,8784,87021.260204
-17134748.847816,8784,87038.890293
-3044858.550941,8784,87056.436746
-8190530.160469,8784,87073.997351
-17469574.462924,8784,87091.617345
-8741007.220704,8784,87109.219088
-6857945.613259,8784,87126.814686
-6528257.610573,8784,87144.444345
-6297413.103462,8784,87162.081146
-5602195.361422,8784,87179.639904
-3269843.540421,8784,87197.182049
-15469908.048446,8784,87214.736215
-5482631.588378,8784,87232.233605
-12910578.808738,8784,87249.82023
-10698509.770873,8784,87267.425639
-8732983.03195,8784,87285.030833
-12479113.055626,8784,87302.611545
-7044167.000312,8784,87320.186855
-7466856.917053,8784,87337.85391
-10881884.61868,8784,87355.437642
-14425945.363986,8784,87373.057494
-16175163.701772,8784,87390.695242
-12900258.775269,8784,87408.312326
-11944773.082343,8784,87425.861731
-15092836.079025,8784,87443.469594
-3361734.566608,8784,87461.081977
-4212052.50196,8784,87478.652489
-7338574.715773,8784,87496.205375
-6216871.248809,8784,87513.7475
-11320687.269264,8784,87531.337024
-9278465.508847,8784,87591.482337
-11429809.312735,8784,87609.068895
-12723979.528017,8784,87626.637827
-8283798.511772,8784,87644.203317
-7064884.057346,8784,87661.791447
-8266993.260984,8784,87679.386069
-3278105.001989,8784,87696.949759
-11645380.056793,8784,87714.586898
-4090275.115289,8784,87732.174194
-9700909.110671,8784,87749.748255
-15749968.398738,8784,87767.371851
-2978997.984274,8784,87784.904647
-10984614.999643,8784,87802.482052
-7811267.159412,8784,87820.049384
-7919257.803891,8784,87837.637223
-5618763.166601,8784,87855.223176
-13902470.169172,8784,87872.819552
-4164476.753826,8784,87890.433916
-11876285.735975,8784,87907.988577
-13288101.514096,8784,87925.584548
-8309794.307992,8784,87943.222156
-2195860.115169,8784,87960.802399
-11126914.370781,8784,87978.356835
-13010968.892528,8784,87995.885131
-11218212.233915,8784,88013.512174
-21148500.208058,8784,88031.111263
-9868399.192987,8784,88048.692482
-8513119.125726,8784,88066.247597
-9859755.242731,8784,88083.801515
-9097624.117707,8784,88101.393195
-11668451.946151,8784,88118.99594
-10023254.909555,8784,88136.56471
-9742190.776998,8784,88154.154375
-4366494.245405,8784,88171.749697
-14928080.499725,8784,88189.359004
-6970357.029962,8784,88206.978077
-5528084.988449,8784,88224.555619
-3337411.526313,8784,88242.160579
-6303295.201686,8784,88259.77331
-9253874.96142,8784,88277.408069
-5075534.345767,8784,88294.987637
-12772337.288023,8784,88312.509515
-7855527.582848,8784,88330.065524
-8830179.704264,8784,88347.601648
-20323215.387847,8784,88365.272614
-11874355.582351,8784,88382.965796
-7533614.855694,8784,88400.580158
-20078349.160047,8784,88418.206343
-7782843.864752,8784,88435.84351
-11512637.547305,8784,88453.414938
-13966627.911716,8784,88513.796124
-8156106.405226,8784,88531.36863
-4808030.003809,8784,88548.927377
-11538255.792285,8784,88566.488145
-5014139.716427,8784,88584.0634
-3791066.765835,8784,88601.699977
-5698186.380052,8784,88619.340488
-7897297.758393,8784,88636.948978
-11071708.323747,8784,88654.545908
-6735403.881352,8784,88672.189792
-6489394.122506,8784,88689.8581
-8649593.700759,8784,88707.475443
-3739664.32094,8784,88725.094121
-9524181.66325,8784,88742.771515
-3064719.64903,8784,88760.40546
-8412608.097511,8784,88778.017493
-3285730.726521,8784,88795.523075
-5531053.887846,8784,88813.063223
-14725210.996736,8784,88830.623588
-5315347.498296,8784,88848.204931
-9436388.839016,8784,88865.808009
-7541853.517448,8784,88883.422765
-11865155.212163,8784,88900.987425
-10550690.753225,8784,88918.548672
-14836368.905857,8784,88936.169738
-9349466.824206,8784,88953.686899
-7777985.004093,8784,88971.222484
-10606790.783981,8784,88988.805493
-12348939.560571,8784,89006.359497
-13094827.05995,8784,89023.951493
-7905373.830977,8784,89041.576205
-13524857.34317,8784,89059.230519
-10110788.509507,8784,89076.815897
-17086931.338668,8784,89094.463267
-8597950.968498,8784,89112.074934
-13729154.729881,8784,89129.762122
-12838006.826686,8784,89147.387979
-13409651.439728,8784,89165.018265
-5254888.732451,8784,89182.623375
-11227447.567893,8784,89200.216872
-8041571.852652,8784,89217.793358
-14245193.82191,8784,89235.435419
-4420898.669813,8784,89253.08555
-8473212.371235,8784,89270.749447
-16323524.227475,8784,89288.41898
-21050911.755953,8784,89306.11707
-2999874.032317,8784,89323.700649
-7179223.736533,8784,89341.260056
-18225238.694512,8784,89358.864938
-2760070.128017,8784,89376.432935
-7701752.645623,8784,89436.811221
-6717846.940466,8784,89454.381354
-9956116.23087,8784,89471.888713
-3686124.891998,8784,89489.45353
-14785906.814308,8784,89507.005737
-11328172.789682,8784,89524.611642
-13843385.743876,8784,89542.213724
-3135543.090767,8784,89559.779801
-6129256.399906,8784,89577.349448
-7425211.881983,8784,89594.880426
-4988951.330186,8784,89612.4387
-14614420.808954,8784,89630.082726
-7347203.793401,8784,89647.619705
-13352364.49577,8784,89665.150201
-7260560.079792,8784,89682.760202
-18374797.754368,8784,89700.401652
-3341348.399569,8784,89717.964301
-5585162.540354,8784,89735.527783
-12924812.892444,8784,89753.027765
-21859118.123557,8784,89770.650274
-7185498.017499,8784,89788.213168
-21996116.35284,8784,89807.997073
-6717119.561663,8784,89825.561231
-11863194.318778,8784,89843.495922
-16617399.085537,8784,89861.000687
-4175551.186038,8784,89878.538746
-11069718.495339,8784,89896.088053
-7806724.323267,8784,89913.527192
-8393848.826698,8784,89934.906513
-10132630.779332,8784,89952.578195
-8828245.099521,8784,89970.274147
-7681540.884898,8784,89987.965182
-6258872.210004,8784,90005.477379
-8576553.51618,8784,90023.113722
-8245773.721266,8784,90040.788176
-21949996.284837,8784,90058.582333
-6164327.054007,8784,90076.224124
-10848458.334817,8784,90093.887944
-7307130.533297,8784,90111.539728
-4072236.681534,8784,90129.197263
-8692599.370334,8784,90146.893184
-8212401.428251,8784,90164.655153
-4379637.716422,8784,90182.23063
-11883091.220232,8784,90199.849914
-2806583.609516,8784,90217.501977
-5418313.224414,8784,90235.210438
-3201526.391067,8784,90252.876779
-8910013.991471,8784,90270.477571
-10039862.662913,8784,90288.091097
-6016451.851212,8784,90305.688305
-16565419.58835,8784,90366.221161
-9729015.02089,8784,90383.919943
-13749544.99759,8784,90401.631053
-6522964.815061,8784,90419.333312
-14891570.235199,8784,90437.056495
-10924255.736426,8784,90454.819885
-11391590.94588,8784,90472.531037
-9937742.608175,8784,90490.259888
-14030707.828471,8784,90507.932794
-5145465.833835,8784,90525.626158
-14438311.393061,8784,90543.330424
-9178869.611979,8784,90561.723249
-9706614.829347,8784,90579.38419
-15354335.341822,8784,90596.994402
-3263867.201246,8784,90614.607165
-6422845.663923,8784,90632.260936
-25913792.229685,8784,90649.869546
-4134242.082746,8784,90667.529576
-6309323.57633,8784,90685.227057
-15039825.000179,8784,90702.921088
-8786658.245926,8784,90720.626
-6817970.560335,8784,90738.245535
-8593434.250082,8784,90755.906933
-11251118.854497,8784,90773.652701
-15952336.773271,8784,90791.433619
-8392422.949517,8784,90809.104913
-5347168.555748,8784,90826.730767
-8480903.126015,8784,90844.306978
-10044906.593798,8784,90861.964376
-5957667.369779,8784,90879.591083
-8612306.681425,8784,90897.243506
-7801032.232354,8784,90914.776924
-5755356.77769,8784,90932.456975
-6181543.560393,8784,90950.108482
-20195482.769396,8784,90967.896263
-15771362.56953,8784,90985.594252
-16008562.258843,8784,91003.267145
-11268530.22211,8784,91020.919449
-3497474.323552,8784,91038.603785
-3004030.573615,8784,91056.248797
-6076142.519651,8784,91073.973357
-8823607.643387,8784,91091.73597
-9715467.57824,8784,91109.396898
-11404521.403901,8784,91127.093277
-6491273.144512,8784,91144.77303
-3782574.106678,8784,91162.345692
-6619750.290495,8784,91179.865358
-5041519.030359,8784,91197.53532
-6787731.697232,8784,91215.186097
-25740996.30046,8784,91232.9653
-4121057.861502,8784,91293.553411
-16960741.725206,8784,91311.321793
-5468105.408084,8784,91329.028774
-6135073.713271,8784,91346.751397
-4708128.648335,8784,91364.440177
-11750308.389084,8784,91382.154088
-23446886.129562,8784,91399.881524
-8187580.490186,8784,91417.552668
-8972723.971103,8784,91435.122241
-13390683.43837,8784,91452.80951
-10732825.26124,8784,91470.51434
-9357389.698707,8784,91488.167531
-7140346.111781,8784,91505.879699
-13615549.403643,8784,91523.571365
-3313352.680686,8784,91541.214998
-10033866.251177,8784,91558.979987
-22877148.339174,8784,91576.765063
-13040640.41732,8784,91594.522233
-3627117.957844,8784,91612.234843
-10946768.206328,8784,91630.002951
-9065178.563752,8784,91647.723098
-12643019.656259,8784,91665.418774
-15130718.760706,8784,91683.053042
-13672135.242179,8784,91700.611318
-17690068.672748,8784,91718.370669
-11175163.057868,8784,91736.127958
-7249160.350148,8784,91753.830374
-11876233.098798,8784,91771.501221
-2933723.250474,8784,91789.249419
-22553877.85331,8784,91806.99323
-5441300.936502,8784,91824.656992
-3846646.655821,8784,91842.342187
-5546286.453263,8784,91859.983951
-9454094.965615,8784,91877.713412
-15001853.647348,8784,91895.470825
-7990723.638273,8784,91913.26115
-14850935.497071,8784,91930.988541
-3739293.162005,8784,91948.552866
-6897497.577804,8784,91966.157906
-11744353.466862,8784,91983.923768
-3818856.2603,8784,92001.616402
-20144703.665878,8784,92019.319607
-5788662.30231,8784,92037.028554
-9995495.880823,8784,92054.698205
-13133152.452827,8784,92072.369979
-4635459.745035,8784,92090.071715
-13539662.603858,8784,92107.745393
-3156993.389656,8784,92125.377496
-12752811.151493,8784,92143.099212
-2591948.341949,8784,92160.785107
-7471117.164525,8784,92221.298038
-15425136.27246,8784,92239.023008
-9524625.152146,8784,92256.807498
-8441438.467894,8784,92274.50245
-11854907.967888,8784,92292.240576
-16039383.602065,8784,92310.015414
-12771021.382607,8784,92327.535147
-5589797.173791,8784,92345.172602
-13078022.451497,8784,92362.885201
-20415226.975299,8784,92380.642137
-11995614.396262,8784,92398.344947
-9866947.140842,8784,92416.031135
-2431008.621763,8784,92433.718224
-4070539.697095,8784,92451.375078
-4960606.232123,8784,92468.992346
-12773654.834355,8784,92486.645731
-19981383.077001,8784,92504.358142
-3382443.329593,8784,92522.014808
-6788186.909001,8784,92539.719157
-8336990.788239,8784,92557.434561
-2946620.843601,8784,92575.106113
-12014240.35515,8784,92592.63202
-11402291.091103,8784,92610.290635
-7630887.439076,8784,92627.924674
-6500122.571977,8784,92645.595378
-11591567.383248,8784,92663.357114
-6083753.918619,8784,92680.954328
-31641191.413478,8784,92698.690834
-6148351.736273,8784,92716.323468
-23698602.585606,8784,92734.059813
-13613397.647577,8784,92751.784753
-16824306.743839,8784,92769.509799
-6803940.134338,8784,92787.172959
-11477565.792367,8784,92804.90546
-8521468.241093,8784,92822.561858
-13779364.133693,8784,92840.150577
-12823490.310077,8784,92857.813356
-13696518.09298,8784,92875.495848
-12442950.031748,8784,92893.179295
-6151608.813129,8784,92910.862443
-5589495.230647,8784,92928.571408
-7687791.385718,8784,92946.278269
-9691628.38446,8784,92963.971851
-25654587.702022,8784,92981.758953
-3878908.802247,8784,92999.367929
-2995687.215434,8784,93016.887476
-8472732.419679,8784,93034.616486
-12099956.716382,8784,93052.318204
-5235759.569046,8784,93069.995668
-15563336.366809,8784,93087.68617
-8561761.381931,8784,93148.173468
-9455383.138602,8784,93165.915459
-5209431.403253,8784,93183.598357
-6204174.21879,8784,93201.296675
-12346807.219064,8784,93218.976942
-4242810.55489,8784,93236.667773
-7156958.429493,8784,93254.408235
-7120109.903217,8784,93272.106191
-8412537.92485,8784,93289.813463
-4593240.975644,8784,93307.561389
-7575583.915794,8784,93325.368554
-6942060.660088,8784,93343.03365
-4545939.948152,8784,93360.520543
-15815303.654581,8784,93378.215911
-3961595.840771,8784,93395.905088
-12901388.021398,8784,93413.654679
-6065498.453951,8784,93431.340726
-10537648.341537,8784,93449.059074
-2562930.289338,8784,93466.732598
-14031606.749691,8784,93484.486118
-6468237.951199,8784,93502.239078
-4751585.129181,8784,93519.919775
-7817014.918636,8784,93537.597099
-10785656.563161,8784,93555.291073
-6322332.493075,8784,93572.955781
-4017437.646054,8784,93590.67702
-7599199.648814,8784,93608.424364
-3947259.849868,8784,93625.89552
-2417701.231179,8784,93643.585551
-8532548.14076,8784,93661.324048
-7831017.787481,8784,93679.110454
-20851362.714605,8784,93696.887559
-9762134.900611,8784,93714.651299
-9717567.524887,8784,93732.456737
-16990193.4234,8784,94831.329679
-13708714.85925,8784,94849.253155
-12107839.934234,8784,94867.097203
-8238930.842851,8784,94885.044432
-11867086.276226,8784,94902.98336
-12025898.664044,8784,94920.942946
-8465097.486836,8784,94938.855669
-13144545.248957,8784,94956.756971
-13436946.699335,8784,94974.689611
-4318774.535048,8784,94992.570147
-3940003.999272,8784,95010.317225
-2556273.221235,8784,95028.280594
-6450872.527006,8784,95046.205905
-23957157.05403,8784,95064.122171
-10453887.118227,8784,95082.014022
-9903272.742573,8784,95099.91602
-11747296.12687,8784,95160.615211
-11197620.30807,8784,95178.436665
-8834974.752114,8784,95196.420497
-13377624.593152,8784,95214.206872
-28005797.715912,8784,95232.144511
-4267532.574351,8784,95250.046005
-7023771.359759,8784,95267.735367
-7577202.088028,8784,95285.598024
-2517941.576804,8784,95303.451048
-7370207.02629,8784,95321.326869
-9118869.375889,8784,95339.245354
-7794289.424332,8784,95357.087528
-5873614.463389,8784,95374.972923
-7242490.757081,8784,95392.855683
-6945794.645971,8784,95410.694698
-10608321.173824,8784,95428.594447
-4480431.675979,8784,95446.510923
-2204512.683041,8784,95464.359205
-1928682.601913,8784,95482.194229
-4735425.451261,8784,95500.064932
-11044610.416912,8784,95517.963087
-6477308.946333,8784,95535.587613
-20847938.016691,8784,95553.482927
-10349798.930149,8784,95571.379333
-3671592.527577,8784,95589.26149
-8410810.567756,8784,95607.159546
-3649153.781709,8784,95624.975897
-9922504.222448,8784,95642.818741
-12905900.398667,8784,95660.658264
-16146283.160677,8784,95678.529383
-14527230.160639,8784,95696.471231
-5414739.286909,8784,95714.345816
-4532731.233604,8784,95732.235273
-11453910.387677,8784,95750.133816
-4367360.814811,8784,95767.972745
-14487276.394304,8784,95785.731659
-10417728.990631,8784,95803.541622
-11977466.584469,8784,95821.473926
-5113812.313011,8784,95839.365557
-4152297.211278,8784,95857.243188
-6993389.811872,8784,95875.037939
-5395798.984237,8784,95892.937607
-5200247.520279,8784,95910.786135
-12603759.660295,8784,95928.647285
-12894562.701968,8784,95946.490697
-10733573.718096,8784,95964.425495
-8676922.540393,8784,95982.281791
-15400397.015793,8784,96000.22041
-13459364.875341,8784,96018.155953
-14630243.627411,8784,96036.041144
-22053748.893919,8784,96096.788768
-7391737.397812,8784,96114.672689
-13334943.794116,8784,96132.476864
-10413138.795988,8784,96150.349208
-5291004.763176,8784,96168.267631
-2987893.018907,8784,96186.191207
-5417474.430275,8784,96204.051403
-10297779.556557,8784,96221.847389
-4054283.981134,8784,96239.776525
-11545130.435437,8784,96257.723097
-11049852.549933,8784,96275.594636
-7260884.436039,8784,96293.513715
-13529490.635729,8784,96311.259745
-7993318.241963,8784,96329.12498
-3732418.196502,8784,96347.005283
-7528354.668802,8784,96364.956363
-3666819.008085,8784,96382.800993
-10766378.429449,8784,96400.637338
-21270252.70001,8784,96418.570642
-10892546.956019,8784,96436.468271
-5749614.834924,8784,96454.427593
-4431069.759119,8784,96472.347638
-5216046.17519,8784,96490.259631
-7637218.748808,8784,96508.214485
-10224984.223117,8784,96526.135834
-27446379.938839,8784,96544.091486
-20178066.727823,8784,96562.022438
-16445565.124257,8784,96579.9547
-13399091.128143,8784,96597.943197
-11406337.12656,8784,96615.80795
-3056580.902628,8784,96633.728688
-8283399.11381,8784,96651.663668
-12352595.427014,8784,96669.600787
-21852906.339793,8784,96687.376293
-6232017.288834,8784,96705.303264
-6481229.426323,8784,96723.229577
-4924151.263008,8784,96741.154428
-24188680.357861,8784,96759.112384
-14543155.90047,8784,96777.099735
-3280562.890024,8784,96795.009997
-5988923.315932,8784,96812.899302
-3781941.7556,8784,96830.774157
-10280379.478307,8784,96848.673547
-4043763.407557,8784,96866.605838
-5580499.861517,8784,96884.464459
-10568627.64435,8784,96902.384482
-6613335.352678,8784,96920.303304
-13983436.739347,8784,96938.22647
-10207362.707515,8784,96955.952935
-7297148.232165,8784,96973.921292
-2407077.129722,8784,97034.816174
-7266968.240074,8784,97052.761926
-7374546.858865,8784,97070.737791
-13135931.780205,8784,97088.69137
-10812337.024135,8784,97106.609377
-16666145.365026,8784,97124.590943
-2852070.11313,8784,97142.536681
-9845612.702585,8784,97160.377306
-10869257.036,8784,97178.172117
-8004432.615569,8784,97196.035424
-21549835.135896,8784,97213.933629
-6961758.938055,8784,97231.85998
-5404639.617454,8784,97249.745659
-3290505.746556,8784,97267.577636
-7275026.341425,8784,97285.408597
-14482150.698166,8784,97303.315199
-6266880.911602,8784,97321.190312
-29211644.781563,8784,97339.15301
-12343380.597743,8784,97357.044639
-11995483.734491,8784,97374.837448
-16649083.43342,8784,97392.764889
-3265821.508608,8784,97410.625729
-3763608.532787,8784,97428.509795
-10826454.49737,8784,97446.346336
-8889071.967011,8784,97464.179572
-7383313.638602,8784,97481.938991
-5316484.953129,8784,97499.810421
-9290412.493256,8784,97517.671005
-6577595.568967,8784,97535.510756
-6184494.44444,8784,97553.422079
-15082480.176009,8784,97571.348315
-14664093.136521,8784,97589.300414
-10006329.71456,8784,97607.206479
-5854182.261292,8784,97625.118247
-6674427.283906,8784,97642.87019
-11134976.783094,8784,97660.523588
-12532711.453875,8784,97678.172802
-10510263.196461,8784,97695.790602
-9200214.12871,8784,97713.37334
-8289568.628385,8784,97730.93867
-8842264.54391,8784,97748.601731
-14814903.510996,8784,97766.288166
-6168367.145193,8784,97783.950905
-8722204.373587,8784,97801.576291
-24019578.19998,8784,97819.274814
-17648460.095708,8784,97836.926863
-7384679.374213,8784,97854.563146
-9331070.781498,8784,97872.204788
-6093119.694455,8784,97889.90185
-6740102.760052,8784,97907.55621
-14539957.610626,8784,97968.184443
-8480827.926043,8784,97985.819912
-4846710.248398,8784,98003.447954
-14896349.827311,8784,98021.145858
-6494447.211557,8784,98038.822693
-2206202.888991,8784,98056.46048
-3223527.999006,8784,98074.091202
-8485995.835443,8784,98091.730659
-11747029.130873,8784,98109.336179
-3989607.002239,8784,98126.984556
-13421630.596132,8784,98144.69185
-18341162.300816,8784,98162.429631
-5118769.697783,8784,98180.058125
-4325761.016577,8784,98197.704831
-4364566.140642,8784,98215.363807
-12403758.563741,8784,98233.065448
-3889954.928136,8784,98250.714165
-11825014.420074,8784,98268.26803
-12178054.617079,8784,98285.989463
-7752856.759242,8784,98303.696631
-5067377.293699,8784,98321.410854
-17568854.731696,8784,98339.159713
-8719937.719908,8784,98356.831894
-8639016.140935,8784,98374.457298
-8398382.84881,8784,98392.086643
-4644810.777938,8784,98409.859505
-7015283.937501,8784,98427.527018
-5282026.432228,8784,98445.153302
-4250400.540398,8784,98462.807434
-8844742.781042,8784,98480.520574
-14848983.448553,8784,98498.239357
-5571511.773564,8784,98515.855462
-5858942.736782,8784,98533.58337
-9364156.227083,8784,98551.231258
-5382607.969861,8784,98568.915531
-15897398.982972,8784,98586.617662
-16664764.773394,8784,98604.26964
-16476583.648931,8784,98621.929076
-15173628.602162,8784,98639.558032
-10191562.27004,8784,98657.22971
-7430197.677174,8784,98674.884789
-16473858.692797,8784,98692.559986
-28086550.722691,8784,98710.271584
-4443084.021176,8784,98734.277185
-8679769.637929,8784,98751.898218
-7069116.969665,8784,98769.478727
-15578375.39009,8784,98787.086538
-6580663.696939,8784,98804.690105
-3796690.649758,8784,98822.278998
-12442292.373865,8784,98839.874819
-9567957.648779,8784,98900.368397
-13045393.864888,8784,98917.926149
-18349512.110513,8784,98935.508858
-2955683.985572,8784,98953.048647
-9734969.415406,8784,98970.673614
-7018622.642396,8784,98988.261984
-9378139.399574,8784,99005.845869
-4350082.396121,8784,99023.397265
-25067810.729133,8784,99041.035238
-6965889.642883,8784,99058.539834
-7126718.320774,8784,99076.156114
-15025410.841942,8784,99093.737832
-19307012.792344,8784,99111.337181
-17400836.174828,8784,99128.993793
-6706934.28698,8784,99146.63634
-13828414.158904,8784,99164.153725
-16578276.464071,8784,99181.765724
-10234134.76004,8784,99199.368191
-10155417.588509,8784,99216.892483
-22698835.341811,8784,99234.540459
-11033009.301996,8784,99252.201152
-8548635.616658,8784,99269.789148
-5337272.288761,8784,99287.332767
-5453576.309635,8784,99304.920087
-6549044.095859,8784,99322.550975
-9505148.089737,8784,99340.206388
-7661757.027123,8784,99357.876033
-20001489.733052,8784,99375.582
-15563789.555011,8784,99393.233989
-11479864.811223,8784,99410.843773
-8013980.556602,8784,99428.385346
-18398344.197893,8784,99446.070737
-6259349.041785,8784,99463.713588
-13475160.801355,8784,99481.293373
-8091897.62131,8784,99498.837735
-10065523.321179,8784,99516.457764
-4397457.369385,8784,99534.031825
-17480496.897958,8784,99551.639648
-3722588.934723,8784,99569.259877
-6011854.892854,8784,99586.881423
-10087328.964548,8784,99604.515593
-4022814.196945,8784,99622.126712
-12341464.063509,8784,99639.786978
-4871670.488254,8784,99657.386089
-5083466.004469,8784,99674.981815
-4583086.076007,8784,99692.443257
-6534175.930922,8784,99710.028447
-10557553.225604,8784,99727.635998
-3864748.578211,8784,99745.25298
-7188458.806582,8784,99762.859197
-11313180.564746,8784,99823.258384
-7497078.555604,8784,99840.890491
-2285361.419948,8784,99858.462998
-30204032.380251,8784,99876.107169
-13152484.207176,8784,99893.756101
-5696056.455127,8784,99911.391786
-8984100.064512,8784,99928.999019
-6594405.722134,8784,99946.565849
-10056159.964002,8784,99964.10706
-16706212.412647,8784,99981.743628
-21055742.229234,8784,100000.260991
-6624203.933826,8784,100017.831374
-5167588.899352,8784,100035.442932
-8386503.080183,8784,100053.018772
-11123653.691874,8784,100070.596569
-15547514.936171,8784,100088.227875
-17334134.035401,8784,100105.874923
-5622736.835127,8784,100123.487798
-20973758.746248,8784,100141.173626
-7655657.670262,8784,100158.772385
-10093058.191871,8784,100176.459718
-7205622.52426,8784,100194.097857
-8666229.021037,8784,100211.738275
-7664747.396328,8784,100229.350224
-13802292.793104,8784,100246.999089
-2616294.524267,8784,100264.603473
-3708920.514335,8784,100282.198513
-5970508.577513,8784,100299.76367
-10222924.9404,8784,100317.375033
-9237133.247774,8784,100334.879567
-3361615.751419,8784,100352.47393
-14484418.507956,8784,100370.074611
-11964216.809918,8784,100387.643001
-5736189.502123,8784,100405.2175
-12622466.636182,8784,100422.837325
-3978999.361189,8784,100440.458417
-7027943.926243,8784,100458.069161
-6028462.154064,8784,100475.728733
-11829777.2255,8784,100493.367931
-4620614.166394,8784,100511.062162
-1918410.831021,8784,100528.718871
-9002205.406097,8784,100546.278602
-3725861.173758,8784,100563.880325
-13419869.539074,8784,100581.494988
-8605393.063169,8784,100599.034618
-10242602.620894,8784,100616.661082
-11848122.964221,8784,100634.32581
-29802803.211666,8784,100652.004458
-5714683.143334,8784,100669.604919
-9952876.243372,8784,100687.196566
-9953712.379711,8784,100747.802162
-8351892.016179,8784,100765.39272
-7696477.375299,8784,100782.963852
-3845535.458875,8784,100800.575034
-10880897.145494,8784,100818.141926
-21377698.918147,8784,100835.835936
-5778889.620749,8784,100853.351583
-7294946.048541,8784,100870.985337
-8298199.213117,8784,100888.526017
-13875393.178109,8784,100906.166489
-13163115.690541,8784,100923.7951
-3283318.918656,8784,100941.429805
-10570082.334557,8784,100959.037996
-6379620.681704,8784,100976.694002
-11514584.220625,8784,100994.276171
-16827344.668599,8784,101011.978947
-7824968.457576,8784,101029.604568
-15172254.88438,8784,101047.257983
-11197304.441363,8784,101064.947145
-25193465.93103,8784,101082.649321
-15649399.345221,8784,101100.294051
-6608233.926413,8784,101117.87316
-11500730.903986,8784,101135.550565
-5315044.240648,8784,101153.22857
-6105352.667151,8784,101170.871379
-8138547.59456,8784,101188.512991
-19907212.565576,8784,101206.162768
-5320600.051956,8784,101223.721445
-8393772.927548,8784,101241.35026
-3106663.330188,8784,101258.966916
-4987506.463409,8784,101276.603835
-14121822.535564,8784,101294.220526
-15977264.53475,8784,101311.874052
-6391397.512005,8784,101329.551621
-2120896.257888,8784,101347.17257
-15557271.138741,8784,101364.809909
-19214285.773279,8784,101382.335245
-8609881.152195,8784,101399.949786
-26638623.523001,8784,101417.653769
-7939853.333915,8784,101435.269452
-7188155.68637,8784,101452.931876
-11256399.243846,8784,101470.542657
-14500592.549212,8784,101488.237132
-19326716.085772,8784,101505.838403
-13439117.624142,8784,101524.499149
-5922211.540729,8784,101542.413836
-13222036.793201,8784,101560.059246
-9579136.5678,8784,101577.83624
-13047359.944826,8784,101595.602317
-5633021.417896,8784,101613.41964
-18933398.876429,8784,101674.205347
-5103271.473679,8784,101691.936391
-3709807.001596,8784,101709.654948
-3867457.826851,8784,101727.428995
-6103753.671686,8784,101745.280659
-4252299.670343,8784,101763.057544
-7880019.573824,8784,101780.86372
-7636677.971564,8784,101798.685923
-3347020.929208,8784,101816.528283
-4398059.074998,8784,101834.273278
-6694520.031784,8784,101852.159167
-22422347.242549,8784,101870.0212
-6084409.662878,8784,101887.984597
-8692340.239501,8784,101905.796646
-9007967.934687,8784,101923.649871
-11897681.466666,8784,101941.577426
-6358922.427886,8784,101959.424731
-10542417.744277,8784,101977.421882
-12512053.681342,8784,101995.266119
-10029048.278275,8784,102012.780222
-9780863.040852,8784,102030.609491
-14579428.160289,8784,102048.395774
-3633684.300901,8784,102066.215336
-4350915.015468,8784,102084.045817
-10725266.6686,8784,102101.815871
-5669824.460476,8784,102119.685599
-10537214.980341,8784,102137.486171
-9948866.497628,8784,102155.300093
-15053664.893797,8784,102173.15494
-5575519.188656,8784,102190.960259
-11390419.680714,8784,102208.718932
-11821704.275435,8784,102226.516147
-19068892.810577,8784,102244.423975
-14116540.887789,8784,102262.250235
-11257305.840455,8784,102279.906657
-9406575.193767,8784,102297.798354
-11344330.701552,8784,102315.632437
-6463478.674512,8784,102333.418189
-4630289.792164,8784,102351.233943
-25717560.461913,8784,102369.118317
-3785661.846402,8784,102386.928966
-8231605.046963,8784,102404.704296
-5464508.458019,8784,102422.539366
-9057848.886912,8784,102440.321522
-10639509.511717,8784,102458.145182
-7188239.959445,8784,102475.991092
-2962171.554616,8784,102493.778156
-4825009.704064,8784,102511.509458
-11290194.668794,8784,102529.252737
-8223605.25146,8784,102546.948049
-6472751.570346,8784,102607.71698
-7032732.692858,8784,102625.55021
-23802388.28891,8784,102650.193513
-9134377.809618,8784,102668.040641
-10942996.820694,8784,102685.837007
-8378418.841482,8784,102703.670418
-15443766.769543,8784,102721.391864
-5880307.947727,8784,102739.213925
-2711152.725184,8784,102756.980789
-10050731.119526,8784,102774.760175
-7122184.835561,8784,102792.517819
-3511743.782079,8784,102810.252587
-9516604.510716,8784,102827.979295
-4983774.790759,8784,102845.725952
-12068585.251254,8784,102863.518775
-13854656.498166,8784,102881.404439
-8277756.960806,8784,102899.194603
-11960371.224228,8784,102917.011914
-8665078.944638,8784,102934.812968
-7800519.4467,8784,102952.566089
-5501634.72433,8784,102970.393622
-13320278.120261,8784,102988.236619
-11351331.229131,8784,103005.930951
-12531876.178727,8784,103023.665344
-9834365.043288,8784,103041.415521
-20369919.206898,8784,103059.140375
-8605046.469348,8784,103076.998622
-13120900.151746,8784,103094.781736
-4054358.415068,8784,103112.538515
-3567060.898329,8784,103130.350005
-14202154.25893,8784,103148.228156
-9078514.579726,8784,103166.044674
-9608778.422269,8784,103183.854718
-3070027.058265,8784,103201.65948
-6301623.327597,8784,103219.443122
-10530489.445662,8784,103237.322639
-15390556.290191,8784,103255.164673
-8877454.969069,8784,103273.009351
-17176370.138764,8784,103290.821893
-14952070.100563,8784,103308.616874
-8897466.009812,8784,103326.373279
-7925795.090558,8784,103344.184004
-9674795.570011,8784,103361.962324
-7531717.380719,8784,103379.76288
-8067960.855687,8784,103397.430262
-7819713.375657,8784,103415.228724
-6589177.611293,8784,103432.943657
-25597513.975777,8784,103450.852651
-7445691.633323,8784,103468.731929
-6825538.932954,8784,103486.543806
-13296655.720791,8784,103547.490565
-4748433.577826,8784,103565.259328
-18496252.155639,8784,103582.995728
-22294332.052316,8784,103600.789752
-17603952.293034,8784,103618.680939
-10112838.811537,8784,103636.524405
-9656628.484491,8784,103654.334587
-19314928.432766,8784,103672.251155
-7586334.190437,8784,103690.071781
-9759740.080437,8784,103707.975906
-17887597.841413,8784,103725.806383
-4097100.759271,8784,103743.64063
-25923826.992555,8784,103761.534465
-3627858.484407,8784,103779.342457
-4773162.594838,8784,103797.143605
-8324635.567623,8784,103815.023986
-14182869.918152,8784,103832.820533
-13096701.649233,8784,103850.69829
-6236799.41762,8784,103868.481817
-10106443.793805,8784,103886.269316
-7782471.590381,8784,103904.129156
-24961291.550159,8784,103922.011502
-17417148.691172,8784,103939.874178
-7434586.531385,8784,103957.58133
-11113926.446475,8784,103975.402862
-6910257.182217,8784,103993.258281
-2428899.279726,8784,104011.016547
-9709910.043805,8784,104028.782981
-15645023.33572,8784,104046.636065
-10861792.538068,8784,104064.446456
-7782434.723078,8784,104082.279176
-19446787.570944,8784,104100.154955
-12565543.355169,8784,104118.008358
-9159513.273876,8784,104135.860904
-16643969.882209,8784,104153.737354
-3669858.539846,8784,104171.554426
-2765642.539193,8784,104189.352491
-4421416.613144,8784,104207.219612
-8889129.645313,8784,104224.910058
-12916676.638578,8784,104242.840648
-2411388.715323,8784,104260.673216
-16236012.372463,8784,104278.500378
-7077341.245299,8784,104296.289678
-9851473.583021,8784,104314.118424
-5448172.570409,8784,104331.947007
-30086378.622931,8784,104349.883543
-6809857.281939,8784,104367.716251
-8334949.625966,8784,104385.555231
-10180158.885316,8784,104403.385501
-4864263.775254,8784,104421.196102
-11171586.029717,8784,104482.0169
-8700898.005974,8784,104499.819754
-5417183.570394,8784,104517.682039
-9404881.737161,8784,104535.516523
-12788778.047023,8784,104553.28068
-14807794.179415,8784,104571.179518
-4929274.309005,8784,104588.993339
-7166740.221511,8784,104606.809443
-4984163.092698,8784,104624.669991
-9245367.608604,8784,104643.318481
-6246102.442897,8784,104661.150997
-9118075.37669,8784,104678.99765
-5818887.791426,8784,104696.816851
-9429340.792622,8784,104714.654753
-6726007.240556,8784,104732.452302
-24799305.101075,8784,104750.187156
-15109755.732533,8784,104767.980441
-16800012.137312,8784,104785.782982
-13962093.50611,8784,104803.696351
-13742945.178548,8784,104821.539715
-5159909.233387,8784,104839.394797
-13117858.498366,8784,104857.254623
-5162929.015058,8784,104875.090513
-6102306.644988,8784,104892.812041
-14460519.520683,8784,104910.62243
-2201617.399742,8784,104928.40893
-4533048.035584,8784,104946.185886
-19313880.543167,8784,104964.046966
-19577779.917138,8784,104981.962535
-5191842.910071,8784,104999.715881
-7732894.342026,8784,105017.542334
-4452025.301362,8784,105035.325859
-3943969.5079,8784,105053.118941
-3305937.146697,8784,105070.94899
-6292961.03488,8784,105088.801901
-6843659.288298,8784,105106.716586
-6234402.667262,8784,105124.535965
-3021830.156498,8784,105142.348756
-6025093.436117,8784,105160.158832
-9618508.19548,8784,105177.994846
-8633543.558462,8784,105195.877876
-10881515.4604,8784,105213.718691
-23836604.843529,8784,105231.493842
-10807494.019877,8784,105249.282812
-4065572.917614,8784,105266.997363
-3035917.597072,8784,105284.878247
-5265866.037656,8784,105302.746921
-6807996.444567,8784,105320.573267
-3936917.083848,8784,105338.390438
-11641112.939448,8784,105356.230322
-3154030.854353,8784,105416.942336
-7450268.835355,8784,105435.18586
-10192855.997822,8784,105453.073723
-4151410.201408,8784,105470.958824
-8566915.252672,8784,105488.811054
-8964511.521011,8784,105506.673308
-3737575.613197,8784,105524.528652
-12516810.456863,8784,105542.409448
-25059879.796971,8784,105560.35373
-8699729.822661,8784,105578.11456
-10590991.82175,8784,105595.940676
-5680570.06888,8784,105613.762855
-16996312.227423,8784,105631.642221
-14930684.786968,8784,105649.408979
-8424700.956956,8784,105667.186218
-9801166.861871,8784,105685.009209
-4342979.736076,8784,105702.890385
-11570579.837964,8784,105720.741919
-4646423.459498,8784,105738.577986
-6518149.722025,8784,105756.49203
-2928308.410231,8784,105774.392484
-24170124.154333,8784,105792.307675
-8189940.397856,8784,105810.121753
-15349822.026292,8784,105827.966944
-3989692.262547,8784,105845.768154
-3047264.667804,8784,105863.65905
-19107636.632941,8784,105881.543507
-5274144.423999,8784,105899.20954
-11782988.183399,8784,105916.988938
-9970570.65831,8784,105934.829341
-9023732.641758,8784,105952.670872
-13205234.356913,8784,105970.51917
-3708872.494037,8784,105988.312618
-6237570.234379,8784,106006.12908
-5080772.08062,8784,106023.920805
-7403819.539963,8784,106041.771422
-5747871.057657,8784,106059.702109
-11197435.215285,8784,106077.571887
-11410932.714894,8784,106095.36487
-8485247.277889,8784,106113.174589
-9525116.355237,8784,106131.058249
-13139778.620608,8784,106148.941169
-14612570.903316,8784,106166.690189
-12363576.173036,8784,106184.567223
-2882171.201943,8784,106202.414322
-8988280.59627,8784,106220.265779
-16256413.916597,8784,106238.202009
-18183124.007819,8784,106256.137973
-13386913.756395,8784,106274.101319
-11390683.581215,8784,106291.993624
-9599265.495071,8784,106352.755412
-9167225.293422,8784,106370.636519
-12003424.960825,8784,106388.479298
-3841808.9781,8784,106406.344662
-4586719.168433,8784,106423.983201
-8567753.813191,8784,106441.926339
-11065775.162503,8784,106459.804418
-7991560.889958,8784,106477.646982
-18456080.161223,8784,106495.563483
-10868098.661971,8784,106513.424942
-19272915.346169,8784,106531.419969
-17295999.049219,8784,106549.540524
-4975083.637523,8784,106572.836392
-7882901.956624,8784,106590.449068
-4744445.167509,8784,106608.110073
-11742447.084672,8784,106625.772379
-6868504.171623,8784,106643.426107
-3727387.413979,8784,106661.058507
-11691615.354293,8784,106678.697973
-8320957.038965,8784,106696.233908
-12502732.938991,8784,106713.881475
-2917762.356482,8784,106731.456567
-9474412.853868,8784,106749.142267
-9410743.67256,8784,106766.832689
-3531750.894333,8784,106784.43682
-5306260.126936,8784,106802.054213
-8983282.041862,8784,106819.67399
-7159182.856402,8784,106837.270295
-11865081.729646,8784,106854.996082
-17912930.79628,8784,106872.662517
-14772476.399507,8784,106890.36085
-9622707.283637,8784,106907.970984
-10128404.418347,8784,106925.575087
-3025906.415002,8784,106943.089193
-6966330.208626,8784,106960.694295
-10216218.094773,8784,106978.358643
-9956422.430516,8784,106996.009397
-9916278.455701,8784,107013.650645
-11706858.432639,8784,107031.27068
-10523167.012822,8784,107048.886663
-4502015.879239,8784,107066.499398
-5697356.800434,8784,107084.085936
-3304951.698904,8784,107101.675136
-13394984.994478,8784,107119.344236
-19229227.902484,8784,107137.000115
-4878150.46919,8784,107154.688399
-10613450.072175,8784,107172.332884
-6184794.96541,8784,107189.975992
-6390169.315493,8784,107207.475305
-11692203.669222,8784,107225.082484
-5867040.110377,8784,107285.615476
-4054693.761988,8784,107303.279287
-11058999.158583,8784,107320.956141
-2669061.387592,8784,107338.677238
-5545464.474079,8784,107356.304321
-14933753.145239,8784,107373.997124
-5501576.83294,8784,107391.588705
-17058222.239878,8784,107409.238237
-13328494.21161,8784,107426.900571
-28500289.091324,8784,107444.614149
-17148158.583993,8784,107462.29164
-6049793.48599,8784,107479.903414
-6420326.938673,8784,107497.552408
-4468443.514609,8784,107515.145397
-12086275.634787,8784,107532.76526
-11441231.763865,8784,107550.488611
-9873355.890861,8784,107568.130033
-13231842.646919,8784,107585.679027
-9241074.375058,8784,107603.298948
-3242612.785561,8784,107620.906636
-4993513.476978,8784,107638.564481
-12963883.055488,8784,107656.200894
-6828391.954531,8784,107673.795975
-7037385.221127,8784,107691.44814
-14264798.024106,8784,107709.099097
-19779705.047608,8784,107726.786952
-26293622.114619,8784,107744.452203
-10656936.487225,8784,107762.081928
-7753070.287255,8784,107779.70358
-12684227.83736,8784,107797.322243
-4666553.476421,8784,107814.947246
-18420085.694304,8784,107832.589512
-14987166.124503,8784,107850.227557
-7395203.436455,8784,107867.845041
-12055460.960669,8784,107885.530213
-10788737.589511,8784,107903.194197
-15995027.605476,8784,107920.832574
-13716960.665009,8784,107938.484259
-24475625.292409,8784,107956.169572
-13465173.486109,8784,107973.798237
-10992100.147811,8784,107991.469847
-19438300.862113,8784,108009.156761
-4563090.875654,8784,108026.796473
-9445962.29962,8784,108044.409145
-17899654.213214,8784,108062.036268
-7911834.146433,8784,108079.669008
-9736898.407894,8784,108097.220325
-21037069.219723,8784,108114.825148
-8490547.016205,8784,108132.425599
-4161049.845008,8784,108150.040838
-10880926.781517,8784,108210.415139
-30388731.533139,8784,108228.140632
-9521621.188439,8784,108245.741464
-7533869.407123,8784,108263.342868
-15068061.108388,8784,108280.97356
-8736923.045854,8784,108298.640441
-4778153.373022,8784,108316.241143
-11721577.389404,8784,108333.902483
-16104405.999138,8784,108351.577468
-30680669.842281,8784,108369.202199
-6673093.408752,8784,108386.867507
-21107110.692899,8784,108404.52905
-9974347.479148,8784,108422.139663
-21089779.987144,8784,108439.791938
-6744586.445241,8784,108457.368104
-15328166.058704,8784,108475.040917
-17878223.724853,8784,108492.701375
-6673633.056704,8784,108510.354699
-18374637.408012,8784,108528.028797
-5929686.458217,8784,108545.654898
-8091961.552509,8784,108563.352784
-13740392.812074,8784,108580.979491
-5082106.893213,8784,108598.651067
-12157719.832754,8784,108616.339748
-5023976.511915,8784,108633.8332
-5134040.83575,8784,108651.501647
-12512574.717484,8784,108669.121563
-10768657.608527,8784,108686.812849
-15129636.639074,8784,108704.473293
-5190469.664622,8784,108722.112218
-3493986.035965,8784,108739.739226
-5674889.591014,8784,108757.337871
-5023559.877283,8784,108774.939271
-4332841.337084,8784,108792.503932
-5205804.679181,8784,108810.134878
-5477702.515261,8784,108827.786733
-2671582.670379,8784,108845.429867
-19972957.984597,8784,108863.118287
-24361630.035176,8784,108880.799438
-11945929.740081,8784,108898.314938
-5102040.051273,8784,108915.969428
-7415652.403874,8784,108933.563358
-18317428.553297,8784,108951.203353
-13516137.552585,8784,108968.812637
-11709023.719407,8784,108986.438961
-4574494.372976,8784,109004.059345
-21096687.418054,8784,109021.737247
-11173405.714879,8784,109039.404845
-12296898.45507,8784,109057.103706
-14975886.858425,8784,109074.756939
-17037716.065814,8784,109135.298329
-7452217.928476,8784,109152.929577
-2658409.542807,8784,109170.584105
-9555985.119253,8784,109188.277598
-22792539.486028,8784,109205.958849
-8127120.984141,8784,109223.575587
-11260354.843448,8784,109241.171203
-8425073.394722,8784,109258.804246
-12608129.609267,8784,109276.32824
-3037391.040263,8784,109293.905053
-11324934.921734,8784,109312.334581
-13412000.11292,8784,109329.994779
-21542073.560605,8784,109347.743348
-12486486.245325,8784,109365.389675
-9560163.334059,8784,109382.969629
-2717206.132042,8784,109400.535527
-6740162.723056,8784,109418.033844
-11436027.788813,8784,109435.634517
-7214616.736162,8784,109453.233586
-6828756.603586,8784,109470.870028
-14532692.83392,8784,109488.47931
-33468066.686333,8784,109506.148236
-10152447.792085,8784,109523.650381
-8646898.758329,8784,109541.014315
-5141643.257414,8784,109558.440119
-7507920.505142,8784,109575.93433
-6130697.939614,8784,109593.483268
-7425021.658212,8784,109610.931888
-16933743.750151,8784,109628.466426
-2036269.086528,8784,109646.030329
-10676782.063647,8784,109663.557784
-6049522.360227,8784,109681.132828
-13726557.188557,8784,109698.65368
-11179880.849689,8784,109716.212337
-6004851.443515,8784,109733.75383
-7408664.419111,8784,109751.269167
-8127252.195367,8784,109768.844852
-10358824.876478,8784,109786.418866
-10519368.370163,8784,109803.896857
-4983252.093537,8784,109821.42074
-10712113.89363,8784,109838.891926
-12121731.454322,8784,109856.415934
-8129108.734105,8784,109873.919922
-6530459.60688,8784,109891.46418
-8917229.980943,8784,109908.905896
-10056718.907729,8784,109926.488929
-6255844.659371,8784,109944.100181
-14413141.864382,8784,109961.572533
-4099389.378578,8784,109979.092401
-4283440.021437,8784,109996.680533
-2189518.936438,8784,110057.118421
-12313020.858582,8784,110074.647925
-17275946.864922,8784,110092.258964
-8832213.229663,8784,110109.733742
-16606576.813246,8784,110127.266415
-7381251.893338,8784,110144.8412
-15198297.015767,8784,110162.4724
-11779034.33405,8784,110180.073378
-4397467.619383,8784,110197.589414
-10285573.515943,8784,110215.090531
-5816593.644589,8784,110232.567693
-10233679.504838,8784,110250.072712
-7489439.441304,8784,110267.637577
-13381115.492865,8784,110285.105255
-6427680.667356,8784,110302.64017
-3659793.264288,8784,110320.109848
-5964175.635968,8784,110337.466993
-9945721.415989,8784,110355.004988
-6346189.848589,8784,110372.461019
-7148682.958435,8784,110390.01973
-5813660.487847,8784,110407.619863
-5889484.429309,8784,110425.11184
-10430818.635967,8784,110442.642669
-10558362.189169,8784,110460.445105
-6469180.990194,8784,110484.128109
-5175804.696469,8784,110501.700925
-4726870.787467,8784,110519.246884
-9571366.197197,8784,110536.795832
-9843517.247714,8784,110554.433244
-11786883.779872,8784,110571.965912
-13618570.056359,8784,110589.54765
-13476150.417629,8784,110607.117961
-8822365.735695,8784,110624.606396
-7571880.147394,8784,110642.06212
-13381648.176182,8784,110659.55757
-6522938.064909,8784,110677.113112
-6727456.765915,8784,110694.700173
-6445965.241233,8784,110712.194115
-9450907.867051,8784,110729.671598
-12178868.319,8784,110747.21481
-4778339.622368,8784,110764.721318
-16653400.230027,8784,110782.303563
-9001655.859676,8784,110799.742271
-2938454.37051,8784,110817.235891
-6537211.635778,8784,110834.866126
-6266409.905764,8784,110852.427631
-2386266.854978,8784,110870.021086
-4031479.950948,8784,110887.637769
-5692183.209769,8784,110905.159127
-31120837.985235,8784,110922.799595
-6282678.259241,8784,110983.19203
-5960803.468593,8784,111000.677831
-18482835.031498,8784,111018.331656
-4337615.431676,8784,111035.93274
-1972572.295744,8784,111053.485253
-10462769.440375,8784,111071.072522
-4643753.31848,8784,111088.59664
-4534335.539102,8784,111106.129757
-15078770.550998,8784,111123.738688
-3657594.395484,8784,111141.245481
-8238212.952696,8784,111158.805647
-6177160.336945,8784,111176.302604
-11475727.062629,8784,111193.862312
-10749257.048015,8784,111211.376355
-8736808.710541,8784,111228.874646
-8877181.540412,8784,111246.386889
-4170700.913938,8784,111263.932245
-11804935.711689,8784,111281.471784
-4494504.400925,8784,111299.07271
-5807063.864804,8784,111316.67937
-9051646.885997,8784,111334.246883
-13414071.539976,8784,111351.874311
-14018792.431897,8784,111369.371435
-3165900.058147,8784,111386.921853
-7496015.668096,8784,111404.431037
-7407940.43995,8784,111422.082959
-6165919.669879,8784,111439.70207
-3259010.121315,8784,111457.297447
-31133097.654646,8784,111474.986982
-14675155.406019,8784,111492.543413
-6698953.270505,8784,111510.036434
-7544444.132021,8784,111527.602498
-12380357.783956,8784,111545.181364
-13379131.126234,8784,111562.72281
-12511131.310513,8784,111580.338097
-7801435.645252,8784,111597.976673
-4183147.522049,8784,111615.576659
-13757109.566709,8784,111633.263034
-7820524.592521,8784,111650.866617
-7585138.781035,8784,111668.442453
-10593977.87457,8784,111686.032713
-4076810.567592,8784,111703.54038
-7088008.8075,8784,111721.126754
-7839400.510564,8784,111738.689459
-6818387.437308,8784,111756.254866
-5702108.26267,8784,111773.840372
-3395514.489174,8784,111791.392553
-2735285.028446,8784,111808.884764
-20245355.016624,8784,111826.505491
-8325883.355562,8784,111844.094399
-4145318.386683,8784,111904.797348
-3343331.434501,8784,111922.409833
-17795155.933295,8784,111940.029923
-2005068.642558,8784,111957.639971
-8483738.739497,8784,111975.165406
-8259215.976701,8784,111992.869849
-12992672.996938,8784,112010.53639
-3278967.730315,8784,112027.98808
-11417214.764189,8784,112045.601173
-4570330.437184,8784,112063.16971
-7309778.964999,8784,112080.8708
-9920384.811354,8784,112098.470578
-13895957.210105,8784,112116.083835
-10579636.479617,8784,112133.671128
-5345439.678175,8784,112151.180215
-9193073.027334,8784,112168.790586
-7879362.102267,8784,112186.355833
-14177914.690195,8784,112204.051864
-5062270.134367,8784,112221.660993
-22478181.687041,8784,112239.325935
-12449025.641283,8784,112256.876368
-22286952.374202,8784,112274.527606
-5280794.07152,8784,112291.955124
-8000014.328262,8784,112309.551849
-18079550.64663,8784,112327.202152
-8558809.661331,8784,112344.801798
-8856718.839739,8784,112362.422465
-8354049.455631,8784,112379.987212
-2129764.617585,8784,112397.465739
-4735676.182361,8784,112415.009551
-11169038.737738,8784,112432.608698
-5633666.013359,8784,112450.178489
-6188659.077597,8784,112467.788074
-5229844.534712,8784,112485.346203
-3770840.119847,8784,112502.968531
-3605757.937226,8784,112520.642673
-9582280.863643,8784,112538.224734
-4644092.06722,8784,112555.696638
-9627125.782994,8784,112573.248798
-11242006.875485,8784,112590.777203
-9798199.020281,8784,112608.415697
-11650117.815581,8784,112626.02996
-5167920.91578,8784,112643.627183
-8795318.58535,8784,112661.158582
-6770195.467044,8784,112678.760093
-13009238.64108,8784,112696.396698
-9803625.766089,8784,112714.034757
-5586382.317759,8784,112731.547352
-12422235.311565,8784,112749.158931
-12036314.540384,8784,112766.831969
-9443181.527063,8784,112827.216637
-5288407.85142,8784,112844.77784
-2949301.612345,8784,112862.316952
-16477137.029334,8784,112879.880957
-9290605.856194,8784,112897.423115
-8093364.573176,8784,112915.031227
-15991431.103527,8784,112932.597737
-6103871.456253,8784,112950.091628
-11069333.006472,8784,112967.574426
-12801662.043208,8784,112985.176057
-3423641.341556,8784,113002.854623
-9474218.178286,8784,113020.454871
-20582855.269088,8784,113038.121899
-11906588.494636,8784,113055.736287
-4138281.399295,8784,113073.345286
-12536567.165006,8784,113090.99833
-28727776.512517,8784,113108.667573
-20903843.678842,8784,113126.308941
-6218970.597478,8784,113143.849215
-20230972.921962,8784,113161.451927
-3870321.391714,8784,113178.972175
-5565842.419119,8784,113196.559535
-9163573.536971,8784,113214.193058
-7452494.938444,8784,113231.7893
-6525528.575018,8784,113249.662826
-10131159.792959,8784,113267.684086
-3666958.14979,8784,113285.539164
-14672056.268839,8784,113303.464963
-25008244.532505,8784,113321.39352
-7985403.466029,8784,113339.229766
-2340404.912265,8784,113357.107884
-19114363.24659,8784,113375.044946
-4173869.537797,8784,113392.871495
-12588559.673164,8784,113410.690042
-5230253.179558,8784,113428.518112
-11180954.407578,8784,113446.304359
-10836471.47875,8784,113464.165743
-10275855.090998,8784,113482.010423
-8579092.443954,8784,113499.900455
-6981702.5531,8784,113517.758826
-5155078.113321,8784,113535.660586
-16918022.879183,8784,113553.506228
-6525937.825982,8784,113571.45769
-18099086.910804,8784,113589.382168
-11232202.595676,8784,113607.279423
-6157064.23519,8784,113625.194355
-26100562.271387,8784,113643.138126
-4726987.190528,8784,113660.959506
-3677683.6372,8784,113678.783076
-20384413.790712,8784,113696.724865
-2286840.243121,8784,113757.353637
-20210790.729444,8784,113775.263468
-12880203.767776,8784,113793.190888
-9481013.773519,8784,113811.038964
-22048369.051536,8784,113828.942917
-20985218.015851,8784,113846.88097
-5050932.059746,8784,113864.722259
-6184908.007013,8784,113882.459313
-5424479.65578,8784,113900.29096
-21121348.026051,8784,113918.206414
-3691370.423853,8784,113936.089379
-10328388.473128,8784,113954.78219
-8679830.186622,8784,113972.393007
-4188537.735512,8784,113990.194946
-8359386.94376,8784,114008.053896
-6624611.809114,8784,114025.947616
-11635229.894035,8784,114043.807188
-5439644.399181,8784,114061.765641
-6390951.205519,8784,114079.642778
-5675721.10432,8784,114097.498606
-12581807.795233,8784,114115.351764
-26273586.403199,8784,114133.239365
-7614195.910806,8784,114151.074255
-4059170.004052,8784,114168.927182
-5558237.715746,8784,114186.804451
-4549127.47687,8784,114204.71964
-6792420.427591,8784,114222.47504
-6955548.303588,8784,114240.109279
-13525300.82372,8784,114257.980161
-11315354.481532,8784,114275.863153
-14477753.559152,8784,114293.767203
-8226921.400569,8784,114311.602194
-5616140.422118,8784,114329.463611
-9583623.133016,8784,114347.316147
-4164079.375879,8784,114365.299026
-5010546.43628,8784,114387.854253
-29379626.139062,8784,114405.786397
-10612909.900578,8784,114423.664053
-3425232.775706,8784,114441.551399
-23703994.244989,8784,114459.435084
-6162144.551614,8784,114477.397625
-8440669.437338,8784,114495.279975
-9832100.905693,8784,114513.228492
-8861053.546007,8784,114531.010913
-12336014.564969,8784,114548.808079
-14312022.152267,8784,114566.695599
-9300807.505598,8784,114584.554298
-13649810.489656,8784,114602.280076
-3493023.909097,8784,114620.097378
-5188995.077681,8784,114638.007201
-14947771.792974,8784,114698.5731
-3055749.215954,8784,114716.364581
-4754938.607255,8784,114734.266914
-8107106.323719,8784,114752.158203
-11313630.996056,8784,114770.017866
-11843611.104085,8784,114787.950757
-3433526.081173,8784,114805.853228
-8952466.350596,8784,114823.739883
-23442393.940699,8784,114841.67439
-6627017.806329,8784,114859.433866
-5914913.392565,8784,114877.225003
-6984949.147802,8784,114894.978298
-6004119.195141,8784,114912.859219
-8964157.072785,8784,114930.705726
-12766263.378498,8784,114948.527072
-14242725.731603,8784,114966.380356
-11535953.521079,8784,114984.281238
-6182288.750658,8784,115002.247367
-5745379.331782,8784,115019.946383
-10157471.845905,8784,115037.842999
-6399706.124974,8784,115055.725645
-15051053.600816,8784,115073.61612
-8686970.855484,8784,115091.461118
-12132154.963728,8784,115109.349597
-4575017.534445,8784,115127.106813
-30107774.532811,8784,115145.036112
-4186871.331579,8784,115162.930408
-6439923.308277,8784,115180.756854
-5956134.855302,8784,115198.614313
-4567501.206108,8784,115216.410563
-4097604.37436,8784,115234.253507
-15761770.840721,8784,115252.17729
-14696497.849322,8784,115269.938561
-7590060.244524,8784,115287.819511
-3062896.676116,8784,115305.695085
-5780190.106876,8784,115323.493763
-11704170.10668,8784,115341.384108
-5186477.590891,8784,115359.28685
-2347327.749072,8784,115377.139817
-5029498.898294,8784,115394.754603
-5927088.271881,8784,115412.675724
-8394445.692214,8784,115430.582674
-11072641.464442,8784,115448.482549
-5294330.167335,8784,115466.276449
-7547203.782955,8784,115484.129075
-14460419.499371,8784,115502.03221
-4207435.01851,8784,115519.914769
-10177322.007937,8784,115537.669463
-14550702.355629,8784,115555.547652
-5687380.988875,8784,115573.393627
-11922504.701471,8784,115634.321603
-9792394.043747,8784,115652.067183
-11197040.724425,8784,115669.811378
-6027299.140294,8784,115687.685903
-11995659.945965,8784,115705.519514
-10041731.344849,8784,115723.422071
-2973026.417097,8784,115741.204195
-16794697.965832,8784,115759.119426
-31587772.683192,8784,115777.051327
-8244627.525601,8784,115794.966697
-10127107.857519,8784,115812.9029
-9884956.349812,8784,115830.864997
-22200531.172397,8784,115848.76233
-5959055.418738,8784,115866.528861
-6873839.312991,8784,115884.372892
-10652220.759922,8784,115902.317394
-9117983.883774,8784,115920.140254
-8139564.097039,8784,115938.082426
-15131600.867304,8784,115955.927963
-8063220.80365,8784,115973.787092
-3712485.299203,8784,115991.599099
-12660421.261488,8784,116009.465327
-10455225.077163,8784,116027.323573
-7995628.582851,8784,116045.125955
-13667879.49763,8784,116063.080603
-10967153.389937,8784,116080.98041
-7220882.698507,8784,116098.834743
-11879700.016504,8784,116116.72877
-8219904.475475,8784,116134.629299
-7865141.258924,8784,116152.478438
-4343254.03749,8784,116170.318009
-11738957.069603,8784,116188.02411
-7300641.888069,8784,116205.858381
-13691227.150511,8784,116223.770744
-4257494.804001,8784,116241.696904
-14851319.490863,8784,116259.655265
-8280319.559597,8784,116277.578111
-9476130.207344,8784,116295.467137
-14171539.642889,8784,116313.391137
-16016118.708482,8784,116331.307975
-4268012.198732,8784,116349.072109
-4245525.128065,8784,116366.844254
-13861763.195327,8784,116384.71225
-5848137.129866,8784,116402.575876
-5013150.332835,8784,116420.292713
-29429276.62269,8784,116438.292645
-13001849.893895,8784,116456.186679
-23800013.824389,8784,116474.088794
-9609786.545051,8784,116491.890417
-19612028.855065,8784,116509.843895
-5345171.468866,8784,116570.491419
-5546777.005946,8784,116588.326812
-10995424.250946,8784,116606.205376
-9959179.510564,8784,116624.061132
-3259250.057033,8784,116641.900617
-16650817.702546,8784,116659.844368
-11993444.068487,8784,116677.760219
-3838826.071687,8784,116695.619004
-6616368.809496,8784,116713.39125
-17869506.126296,8784,116731.284009
-16635779.131731,8784,116749.180394
-4089095.11093,8784,116767.02078
-9468947.695195,8784,116784.872336
-10338851.31389,8784,116802.696091
-9712060.733678,8784,116820.458452
-5513095.176664,8784,116838.557522
-7871918.269439,8784,116856.430781
-6431695.715712,8784,116874.264929
-14360630.622702,8784,116892.112393
-17943792.775203,8784,116910.007885
-14740878.603703,8784,116927.955205
-5474929.807788,8784,116945.877428
-7258524.857534,8784,116963.739696
-7742259.565105,8784,116981.553404
-9741624.430411,8784,116999.347349
-4494221.542228,8784,117017.190849
-3230418.745597,8784,117035.000043
-3303441.566305,8784,117052.851154
-12311392.78859,8784,117070.55984
-3812672.249033,8784,117088.370639
-15090632.516268,8784,117106.255537
-2990756.729502,8784,117124.212628
-14130067.281724,8784,117142.096534
-14967013.915093,8784,117159.999427
-12797999.68537,8784,117177.701987
-11969635.182292,8784,117195.489032
-16375763.767689,8784,117213.222065
-16581419.331124,8784,117230.936781
-13594437.674054,8784,117248.606351
-3571271.917518,8784,117266.280051
-20893869.098081,8784,117283.99027
-8055508.320478,8784,117301.655625
-4172942.073249,8784,117319.36529
-4437098.876584,8784,117336.938519
-8729932.124884,8784,117354.58911
-2372249.322772,8784,117372.269186
-7516974.587822,8784,117390.006637
-7221964.969397,8784,117407.664238
-8285685.309126,8784,117425.384598
-8375079.285384,8784,117443.073401
-10539071.058273,8784,117503.762522
-14679745.696849,8784,117521.576919
-13739466.683868,8784,117539.384069
-17802786.750696,8784,117557.215056
-7810709.818071,8784,117575.015427
-5658356.507932,8784,117592.675649
-7930605.21356,8784,117610.309048
-14520747.709107,8784,117628.067699
-9025518.152937,8784,117645.896493
-9589359.254581,8784,117663.722291
-17318922.129175,8784,117681.595403
-4933244.464649,8784,117699.425862
-12637405.4582,8784,117717.115358
-5223283.22586,8784,117734.851025
-6764673.228303,8784,117752.603383
-6801027.689828,8784,117770.42671
-6629542.307508,8784,117788.1766
-14333670.228618,8784,117806.038088
-10343141.90928,8784,117823.86415
-2967884.517411,8784,117841.697931
-18061074.160934,8784,117859.413789
-9873676.014519,8784,117877.087942
-8673667.456655,8784,117894.888209
-18341317.968194,8784,117912.73393
-13829003.047611,8784,117930.532508
-9348620.943502,8784,117948.409675
-5212167.027337,8784,117966.227695
-17881060.750517,8784,117983.995301
-9384368.942913,8784,118001.84476
-2246611.83546,8784,118019.695995
-8446473.685104,8784,118037.616647
-15912316.062305,8784,118055.480822
-7780478.308277,8784,118073.278223
-16827635.532127,8784,118091.132964
-5819713.106694,8784,118108.955853
-9922743.652405,8784,118126.735964
-4044456.095993,8784,118144.452433
-16790942.673826,8784,118162.217919
-24910433.895207,8784,118180.039439
-12183917.072018,8784,118197.698102
-7504163.663069,8784,118215.396944
-8052731.706586,8784,118233.120716
-10600553.527412,8784,118250.957132
-4347349.147441,8784,118268.812306
-12167362.642415,8784,118286.614032
-13556022.817327,8784,118308.632232
-8023694.157347,8784,118326.37834
-11533595.53778,8784,118344.004138
-2803829.782662,8784,118361.598708
-10532757.808739,8784,118379.288618
-10119742.003866,8784,118439.72684
-7429419.279873,8784,118457.384409
-6754739.864257,8784,118475.078967
-7174250.633093,8784,118492.605681
-4033288.988781,8784,118510.16497
-18919020.37212,8784,118527.812726
-8500390.912501,8784,118545.418518
-4233029.886891,8784,118562.987151
-14380581.188552,8784,118580.623242
-3931357.728288,8784,118599.193336
-5804174.184126,8784,118616.876859
-8668809.999198,8784,118634.598187
-10579709.789841,8784,118652.238654
-8493263.110152,8784,118669.835817
-6519485.748866,8784,118687.544566
-2848281.759564,8784,118705.170352
-22527534.223733,8784,118723.030866
-17379910.283115,8784,118740.70137
-5962818.966346,8784,118758.299954
-11244307.323566,8784,118776.076604
-3138734.923363,8784,118793.710215
-5980610.650048,8784,118811.481175
-9468527.465262,8784,118829.118784
-4445261.815313,8784,118846.714684
-14024620.08682,8784,118864.31643
-27886423.397168,8784,118881.99694
-9948327.111051,8784,118899.805238
-6976830.989924,8784,118917.467742
-7179551.849832,8784,118935.109449
-3818137.4736,8784,118952.976884
-4319135.013562,8784,118970.579879
-5009394.80031,8784,118988.138278
-14374898.506711,8784,119005.753901
-5237570.49855,8784,119023.312183
-7444880.379845,8784,119041.047163
-8185108.232762,8784,119058.743448
-10224460.418701,8784,119076.557117
-4953583.626214,8784,119094.10564
-6130501.771685,8784,119111.726567
-6492901.267137,8784,119129.32999
-8470060.889518,8784,119147.005058
-3345078.901116,8784,119164.84233
-11269484.230509,8784,119182.472964
-13521737.79884,8784,119200.100888
-4127014.332292,8784,119217.747
-12981832.910831,8784,119235.421036
-4171316.881225,8784,119253.213121
-11765842.284718,8784,119270.764789
-4717548.271148,8784,119288.321963
-10969585.653244,8784,119305.982496
-4892724.090495,8784,119366.417754
-10414751.28034,8784,119384.180071
-9994256.694321,8784,119401.779049
-3568022.685683,8784,119419.333556
-7492925.643742,8784,119437.043028
-8763805.9187,8784,119454.744317
-10295687.701762,8784,119472.357976
-10447974.479074,8784,119490.08526
-4364551.49242,8784,119507.721888
-25526327.947801,8784,119525.421849
-6712039.959546,8784,119542.985344
-6098920.993525,8784,119560.612048
-11174667.330219,8784,119578.218629
-24043855.385009,8784,119595.95523
-7223432.508839,8784,119613.596846
-12887426.423198,8784,119631.275516
-9743526.551391,8784,119648.950786
-15992177.240029,8784,119666.712685
-10279909.900552,8784,119684.377792
-9103952.617693,8784,119701.997893
-7908982.581334,8784,119719.700664
-15011798.170181,8784,119737.41155
-6612277.225589,8784,119755.01899
-11694929.035408,8784,119772.618426
-16815300.132243,8784,119790.279551
-9815631.832159,8784,119807.954466
-5357617.282902,8784,119825.57217
-8138603.544391,8784,119843.268694
-14644963.80119,8784,119861.030767
-7331334.960212,8784,119878.904432
-2510297.353872,8784,119896.697649
-9480846.216774,8784,119914.193883
-26371988.623152,8784,119931.903063
-10458952.3302,8784,119949.538966
-4857541.644374,8784,119967.230019
-13741854.275776,8784,119984.897663
-5492371.042545,8784,120002.538969
-11930988.417025,8784,120020.171681
-3509377.785118,8784,120037.792218
-9939080.237056,8784,120055.457353
-25599947.264816,8784,120073.166679
-3562183.586105,8784,120090.754134
-12575487.580554,8784,120108.434445
-9891559.13419,8784,120126.142394
-9110023.356914,8784,120143.941344
-3730324.070781,8784,120161.598307
-4747908.388014,8784,120179.08777
-5924357.963143,8784,120196.668367
-4349237.11679,8784,120214.328993
-5737038.932556,8784,120232.009349
-4404717.308474,8784,120292.459849
-5631879.175398,8784,120310.105633
-17342197.191531,8784,120327.781171
-12414920.223147,8784,120345.354928
-5070536.305492,8784,120363.022811
-30883938.883918,8784,120380.735489
-16052931.13308,8784,120398.584303
-14201722.376847,8784,120416.296709
-11820490.120623,8784,120433.826197
-1998678.268977,8784,120451.425361
-3207735.566252,8784,120469.036647
-11681877.133859,8784,120486.650043
-12477574.249228,8784,120504.241165
-5792122.906409,8784,120521.872494
-9119793.441911,8784,120539.451175
-22802175.061976,8784,120557.08225
-2032307.23174,8784,120574.609947
-8841014.426319,8784,120592.164335
-7188041.643562,8784,120609.740327
-10363658.12021,8784,120627.304607
-24593435.428018,8784,120645.038309
-2270804.080392,8784,120662.616393
-8809251.633641,8784,120680.161745
-9260827.148153,8784,120697.587939
-8791846.682278,8784,120715.136633
-12096541.233708,8784,120732.74452
-12455670.656374,8784,120750.321397
-6815084.162372,8784,120767.922746
-11713243.782365,8784,120785.51791
-6510097.472463,8784,120803.087716
-30403343.026839,8784,120820.746082
-4892551.532306,8784,120838.35573
-15443820.984892,8784,120855.947093
-5029565.356975,8784,120873.474562
-14399469.52786,8784,120891.036695
-8637311.31862,8784,120908.693878
-18702867.373608,8784,120926.327454
-11054800.342212,8784,120944.014349
-6371549.964795,8784,120961.501286
-6503770.572245,8784,120979.041777
-4624103.122898,8784,120996.630732
-4602021.527112,8784,121014.237865
-5034267.784193,8784,121031.806885
-11346851.305288,8784,121049.502159
-5178231.096833,8784,121067.282305
-9679065.947297,8784,121085.123108
-14161095.72552,8784,121102.967018
-15072594.479981,8784,121120.767949
-21803296.981837,8784,121138.5828
-20745514.310566,8784,121156.370732
-10724781.563394,8784,121216.811265
-7875544.188622,8784,121234.675871
-10493608.781471,8784,121252.542182
-9277585.592227,8784,121270.387181
-11090653.29338,8784,121288.259214
-5284814.034342,8784,121306.171394
-5838505.682769,8784,121324.061125
-12669956.123325,8784,121341.860943
-15229911.595917,8784,121359.674781
-3619295.744026,8784,121377.552849
-4766945.747831,8784,121395.365918
-5486534.371794,8784,121413.220546
-22378609.563207,8784,121431.154433
-7136547.285646,8784,121449.044741
-11927108.209088,8784,121466.911294
-2777289.340728,8784,121484.612562
-8831097.354697,8784,121502.477476
-9359199.520877,8784,121520.388278
-5702181.972335,8784,121538.282272
-6097800.360454,8784,121556.166717
-10093693.15197,8784,121574.112752
-10200123.619606,8784,121592.00782
-8357751.535407,8784,121609.905482
-7105803.480674,8784,121627.842298
-7541977.83514,8784,121645.735027
-16024535.418302,8784,121663.725291
-4957350.739366,8784,121681.602044
-13234715.271794,8784,121699.48364
-3486053.855197,8784,121717.394043
-6823486.762904,8784,121735.098404
-4409993.999589,8784,121752.993373
-9360162.68149,8784,121770.883914
-8548366.606712,8784,121788.8716
-12670939.606275,8784,121806.728031
-12509433.111898,8784,121824.667793
-11900321.698926,8784,121842.525797
-4899243.134558,8784,121860.208084
-9204370.791868,8784,121878.06636
-8146962.22881,8784,121895.963609
-8555978.848012,8784,121913.91391
-10011321.821391,8784,121931.815881
-4415545.998054,8784,121949.734219
-2644221.870879,8784,121967.591836
-12362630.23372,8784,121985.45344
-5761267.372673,8784,122003.309663
-8941505.07388,8784,122021.256616
-14736598.4442,8784,122039.157168
-5950952.815524,8784,122056.971304
-3693863.839165,8784,122074.710849
-8720446.320121,8784,122092.663242
-8928454.611834,8784,122153.587744
-10082884.413149,8784,122171.561398
-7493199.051288,8784,122189.350239
-6119449.527877,8784,122207.450871
-7040397.617743,8784,122225.135642
-3812617.144046,8784,122242.829969
-7691572.678176,8784,122260.608528
-9654408.633324,8784,122278.257223
-5797560.734977,8784,122295.952318
-9625785.854204,8784,122313.658454
-3360124.132309,8784,122331.38256
-12205708.472156,8784,122349.083384
-7683925.091449,8784,122366.653416
-26370285.191249,8784,122384.320142
-7768442.559869,8784,122402.000271
-6032558.307176,8784,122419.760551
-15188964.160008,8784,122437.467053
-19218354.107625,8784,122455.283877
-21192650.123316,8784,122472.957727
-9664290.59827,8784,122490.659823
-5951090.381703,8784,122508.373191
-18979216.085117,8784,122526.091691
-5270879.93012,8784,122543.788301
-5455675.892116,8784,122561.403492
-9865368.500895,8784,122579.093424
-8846016.997519,8784,122596.843236
-9953660.577238,8784,122614.499632
-12029937.93785,8784,122632.031481
-6035225.746168,8784,122649.749706
-15525737.930397,8784,122667.425212
-8628285.62852,8784,122685.154078
-20933456.943423,8784,122702.934252
-16674932.883632,8784,122720.624054
-6787746.898721,8784,122738.259723
-10536616.172878,8784,122755.937718
-13805159.405933,8784,122773.693105
-12056577.851993,8784,122791.336585
-9613256.809213,8784,122809.005056
-11268782.228659,8784,122826.75549
-7595747.929492,8784,122844.53448
-4993620.992944,8784,122862.260571
-9433408.559201,8784,122879.924783
-12428604.258587,8784,122897.384542
-17496615.070234,8784,122915.113838
-3177870.946233,8784,122932.783499
-26760792.435289,8784,122950.59612
-13249070.824842,8784,122968.291403
-4313270.64289,8784,122985.978784
-8545199.607855,8784,123003.633101
-6592251.730209,8784,123021.304744
-12614930.989952,8784,123081.942792
-8102911.915967,8784,123099.675831
-12010293.749833,8784,123117.397342
-21708576.593069,8784,123135.139541
-13009650.738481,8784,123152.726879
-12379049.570432,8784,123170.397527
-3671870.727927,8784,123188.03911
-6896880.575533,8784,123205.758463
-17490233.599052,8784,123223.442429
-13232911.555024,8784,123241.119713
-6302221.933671,8784,123259.595186
-4514085.262714,8784,123277.251238
-6226599.22158,8784,123295.000377
-10470701.621573,8784,123312.703343
-10723212.743819,8784,123330.358284
-7540186.074323,8784,123348.104883
-4735525.193347,8784,123365.828892
-11619590.225807,8784,123383.498092
-6894740.994167,8784,123401.210056
-13324812.950584,8784,123418.952993
-5001248.481155,8784,123436.695746
-27350800.411118,8784,123454.457397
-16254327.784427,8784,123472.168702
-4400842.12399,8784,123489.867793
-13345517.886102,8784,123507.584773
-2468175.179811,8784,123525.242775
-3892696.46334,8784,123542.85168
-16300652.407118,8784,123560.51599
-16126472.751531,8784,123578.258654
-5257717.604946,8784,123595.970658
-5378895.83071,8784,123613.701655
-5899636.194015,8784,123631.383595
-4260856.548311,8784,123649.06209
-7186462.247215,8784,123666.73513
-4074374.794565,8784,123684.443767
-5398755.457534,8784,123702.190078
-11557736.562582,8784,123719.882909
-6082314.218,8784,123737.57091
-10868768.805787,8784,123755.269592
-5581250.120511,8784,123772.961915
-13925166.995245,8784,123790.55442
-9644845.324329,8784,123808.276996
-4495540.995637,8784,123825.979358
-9995280.886011,8784,123843.711511
-11458315.505577,8784,123861.405298
-7338708.653181,8784,123879.12433
-4573891.409587,8784,123896.753698
-9360912.968415,8784,123914.43687
-12143377.166019,8784,123932.169449
-8438051.361503,8784,123949.911855
-12974608.912241,8784,124010.805355
-6382671.329298,8784,124028.547333
-5710358.647123,8784,124046.082095
-7897678.904385,8784,124063.712458
-8640349.367174,8784,124081.391399
-27444906.953557,8784,124099.200541
-4763742.654864,8784,124116.889246
-23566024.805012,8784,124134.646476
-6525414.32396,8784,124152.38166
-3536731.007478,8784,124170.021582
-9217190.605711,8784,124187.717588
-9010397.786355,8784,124205.40185
-12247088.309552,8784,124223.209358
-12613253.424456,8784,124240.90172
-14391063.309913,8784,124258.605822
-15290422.232561,8784,124276.359703
-14391085.51916,8784,124294.05521
-33872098.733553,8784,124311.607872
-26484201.775154,8784,124329.422367
-13688570.553922,8784,124347.200177
-10187461.580073,8784,124364.920085
-4786425.641318,8784,124382.587483
-13794102.501699,8784,124400.243884
-8364973.704486,8784,124417.93294
-20287766.192644,8784,124435.694808
-4282400.675363,8784,124453.408942
-13732739.172682,8784,124471.129925
-16508341.164557,8784,124488.887362
-12271561.279031,8784,124506.590871
-10473939.698817,8784,124524.250152
-13145021.755704,8784,124542.004432
-3012593.214531,8784,124559.724652
-19953724.10377,8784,124577.120329
-8361656.59444,8784,124594.77277
-6827483.17599,8784,124612.468315
-4364231.264143,8784,124630.203942
-4245591.244031,8784,124647.899707
-5590823.456202,8784,124665.580125
-3572610.955926,8784,124683.336922
-10887576.451188,8784,124701.055224
-13021813.295254,8784,124718.792893
-6888725.845903,8784,124736.451116
-12211934.402222,8784,124754.187198
-2741770.372455,8784,124771.869171
-18004030.404878,8784,124789.584575
-22264601.405598,8784,124807.379533
-13472856.86228,8784,124825.102319
-12586611.106558,8784,124842.637978
-9651631.079825,8784,124860.298048
-4767013.636235,8784,124878.004539
-16288631.923154,8784,124938.715366
-14751783.066604,8784,124956.454505
-6952185.459974,8784,124974.145769
-9747844.611798,8784,124991.871341
-17481130.850182,8784,125009.589115
-20441404.047052,8784,125027.326628
-9574890.349523,8784,125045.054038
-4614448.352064,8784,125062.642664
-3744856.652135,8784,125080.331672
-5143420.526693,8784,125097.828538
-6660937.524786,8784,125115.519774
-13306961.863697,8784,125133.203173
-16915194.557391,8784,125150.961028
-6543266.940765,8784,125168.707689
-2461796.661377,8784,125186.463257
-4678857.644379,8784,125204.183346
-3786296.459331,8784,125221.900484
-22179048.275065,8784,125239.670255
-17147938.967866,8784,125257.391087
-12341454.098384,8784,125275.06777
-5612822.787343,8784,125292.81699
-5680807.464437,8784,125310.515185
-8977902.195713,8784,125328.232986
-16346642.661889,8784,125345.959184
-4699075.828994,8784,125363.609664
-9009038.194723,8784,125381.279609
-18529277.60242,8784,125398.925448
-14530561.795366,8784,125416.604437
-12586021.688483,8784,125434.257411
-13208497.662158,8784,125451.948611
-19609720.386187,8784,125469.539117
-18298938.99112,8784,125487.309805
-7596538.404147,8784,125505.045884
-12013581.844376,8784,125522.74717
-7052209.076853,8784,125540.414351
-9239416.66602,8784,125558.159994
-8232589.059421,8784,125575.839196
-7913458.003134,8784,125593.583092
-4586643.371986,8784,125611.307124
-4444647.915565,8784,125628.995841
-7884171.176292,8784,125646.676237
-8016306.265866,8784,125664.346595
-4023734.883058,8784,125682.059894
-13230581.439742,8784,125699.84776
-11458452.343486,8784,125717.533007
-5292684.644867,8784,125735.090512
-11426874.33644,8784,125752.769215
-10403625.027392,8784,125770.501775
-4453178.064718,8784,125788.279457
-7659759.630114,8784,125805.975849
-6597678.165759,8784,125866.479827
-5172376.99274,8784,125884.193132
-10385293.024613,8784,125901.896964
-7596234.456066,8784,125919.569813
-13701707.897922,8784,125937.324984
-7470234.321591,8784,125955.061579
-7439077.83293,8784,125972.756364
-2895835.223233,8784,125990.256884
-17383873.18341,8784,126007.998137
-7057424.46527,8784,126025.671452
-10236254.815286,8784,126043.422921
-6981948.035414,8784,126061.024332
-11458110.620654,8784,126078.829218
-4775091.936539,8784,126096.514498
-6798785.091968,8784,126120.588879
-11990980.715747,8784,126138.154804
-10277856.04641,8784,126155.795483
-22324962.761294,8784,126173.454741
-7233149.66168,8784,126191.041153
-6412969.519315,8784,126208.690924
-13778332.236398,8784,126226.327866
-11916835.160948,8784,126243.814674
-2750463.224656,8784,126261.431099
-11022924.895329,8784,126279.072938
-13830657.306009,8784,126296.675842
-8522700.438466,8784,126314.34045
-7410948.111923,8784,126331.941682
-2876003.601642,8784,126349.493631
-9626979.494916,8784,126367.099737
-6490902.245753,8784,126384.714081
-4974331.818498,8784,126402.264304
-7049530.010275,8784,126419.758777
-6512800.069465,8784,126437.264343
-6429366.195381,8784,126454.817426
-9977971.080511,8784,126472.366216
-7645216.153762,8784,126490.014411
-3931393.481405,8784,126507.492679
-8961929.074187,8784,126525.134267
-5150699.334116,8784,126542.625884
-12578887.027045,8784,126560.154991
-8311909.564264,8784,126577.694946
-4788849.396076,8784,126595.265428
-12285236.251953,8784,126612.815025
-24719661.205177,8784,126630.485066
-13145129.23269,8784,126648.105484
-7611775.482632,8784,126665.705114
-5554347.670153,8784,126683.189088
-9081446.547015,8784,126700.773115
-27205898.603777,8784,126718.357502
-11639009.254517,8784,126735.840123
-15109023.624688,8784,126796.355065
-3745217.401441,8784,126813.900856
-8276473.282532,8784,126831.509957
-5853904.63014,8784,126849.106989
-12589225.690799,8784,126866.621656
-4821310.930786,8784,126884.130565
-7419774.229273,8784,126901.642442
-2065238.63894,8784,126919.182188
-7651828.98827,8784,126936.740399
-13353171.727147,8784,126954.38824
-7862421.48137,8784,126972.069285
-5075727.504748,8784,126989.633146
-10353334.74511,8784,127007.193374
-4493972.863983,8784,127024.728576
-4591499.692249,8784,127042.258664
-2106697.198397,8784,127059.813034
-26700645.5662,8784,127077.46055
-11776567.205516,8784,127095.044419
-5048390.462298,8784,127112.636103
-15333660.012293,8784,127130.280333
-10344990.590407,8784,127147.762645
-13232853.742201,8784,127165.27038
-14287697.754748,8784,127182.794986
-3999472.618291,8784,127200.298629
-12651840.255686,8784,127217.902197
-8920623.78622,8784,127235.492558
-3548573.561709,8784,127253.065543
-4353190.417975,8784,127270.60709
-7894806.790212,8784,127288.114506
-8001993.739438,8784,127305.711252
-12749978.032944,8784,127323.320233
-8310145.112088,8784,127340.842832
-9222793.302998,8784,127358.429153
-3315599.318434,8784,127376.009432
-5012051.13515,8784,127393.604426
-12206936.800799,8784,127411.161797
-4725407.968677,8784,127428.725399
-5248558.886061,8784,127446.224436
-7190766.548267,8784,127463.709658
-4817516.489948,8784,127481.21333
-4583265.471144,8784,127498.809747
-4212316.212267,8784,127516.356306
-2826737.279637,8784,127533.933221
-11479645.840352,8784,127551.472555
-6151836.302685,8784,127568.915993
-5939605.746939,8784,127586.444593
-15915249.608398,8784,127604.009764
-4654332.332982,8784,127621.479694
-4985132.01838,8784,127639.008823
-19926637.521924,8784,127656.637546
-15062445.59944,8784,127717.146318
-3114845.269122,8784,127734.724663
-12562880.198575,8784,127752.192907
-13275518.366208,8784,127769.674521
-4117133.84098,8784,127787.200475
-13404604.499457,8784,127804.803078
-5394761.854393,8784,127822.37587
-6718142.267859,8784,127839.896334
-13244950.238478,8784,127857.514454
-4562927.299578,8784,127875.090727
-5973604.452189,8784,127892.600774
-19758506.024852,8784,127910.245976
-13175274.981498,8784,127927.770744
-13105382.849849,8784,127945.242062
-10256993.358116,8784,127962.83521
-8176936.23828,8784,127980.426078
-7540787.333557,8784,127997.984917
-6842861.086322,8784,128015.591455
-8151393.58271,8784,128033.061837
-9235460.183409,8784,128050.59539
-5858529.853056,8784,128068.142619
-4543559.553238,8784,128085.612234
-2427952.084493,8784,128103.162057
-7605747.625732,8784,128120.793422
-5412801.796746,8784,128138.346543
-4749836.619345,8784,128155.93082
-4608182.532266,8784,128173.476792
-5991980.988887,8784,128191.01094
-17505903.401281,8784,128208.521174
-11156902.606932,8784,128226.025431
-10387537.171585,8784,128243.560042
-15896748.291203,8784,128261.229726
-13241862.657734,8784,128278.833997
-4681634.778811,8784,128296.415347
-24686005.185295,8784,128314.013561
-4744466.146889,8784,128331.510278
-2795263.980187,8784,128348.999603
-5081201.938759,8784,128366.589618
-25162832.090428,8784,128384.239886
-2290613.33542,8784,128401.770505
-5882480.245497,8784,128419.372412
-8752700.885388,8784,128437.04309
-7371927.88787,8784,128454.542326
-9491135.431954,8784,128471.969166
-4518448.433915,8784,128489.478241
-12315555.888211,8784,128507.067176
-3695672.393107,8784,128524.675887
-3339410.611126,8784,128542.280341
-15214483.857919,8784,128559.870024
-4798152.693349,8784,128577.447087
-7203710.271248,8784,128637.860862
-4423743.452369,8784,128655.482768
-11778589.56841,8784,128673.071453
-4435769.328054,8784,128690.637302
-12388340.744267,8784,128708.283756
-13797200.956856,8784,128726.019103
-15220110.044858,8784,128743.700072
-13695080.826415,8784,128761.298744
-3508530.09123,8784,128778.860541
-5211308.884852,8784,128796.40396
-8212589.244593,8784,128813.949441
-10391189.466882,8784,128831.46473
-31914204.280401,8784,128849.13442
-11612056.794196,8784,128867.07083
-12048304.437432,8784,128884.956557
-3451969.23145,8784,128902.907119
-11896174.439503,8784,128920.734898
-12380238.303232,8784,128938.673291
-15763193.505569,8784,128956.587176
-9396047.660417,8784,128974.51148
-19832210.438005,8784,128992.544145
-16042554.667389,8784,129010.51995
-16603890.961195,8784,129028.394631
-7627982.478557,8784,129046.23665
-17633545.597764,8784,129064.170998
-10417328.077574,8784,129082.107848
-6348638.281972,8784,129099.879203
-7609824.088089,8784,129117.842779
-11859745.953148,8784,129135.690336
-9184484.220274,8784,129153.559333
-10858083.145544,8784,129171.499745
-4408535.471642,8784,129189.401442
-4739371.536739,8784,129207.324154
-9500331.544233,8784,129225.229595
-13738415.226092,8784,129243.17264
-5291280.481239,8784,129261.126519
-11511022.710227,8784,129279.088502
-8762862.071271,8784,129296.970632
-11093847.159504,8784,129314.913085
-8689504.834495,8784,129332.834363
-7131054.000022,8784,129350.762697
-11968848.773391,8784,129368.634306
-29178869.171129,8784,129386.553296
-11005536.549527,8784,129404.457043
-5031953.978991,8784,129422.28036
-6456377.757247,8784,129440.285856
-8061184.025978,8784,129458.288482
-19692180.213234,8784,129476.257232
-9573767.408836,8784,129494.169032
-9597120.253094,8784,129512.073555
-9927057.83833,8784,129572.844383
-6239560.416397,8784,129590.731406
-10323773.07302,8784,129608.608901
-13667565.758924,8784,129626.314079
-15007289.252313,8784,129644.236509
-15018086.229853,8784,129662.23212
-5730277.734691,8784,129680.09175
-9096143.31506,8784,129698.002331
-9109036.599807,8784,129715.876641
-8092661.818731,8784,129733.772624
-3200081.059768,8784,129751.58508
-5761496.758724,8784,129769.435569
-20418858.784073,8784,129787.293522
-10320147.060689,8784,129805.129633
-8600561.793235,8784,129823.015146
-7442172.865724,8784,129840.931089
-11333596.732245,8784,129858.879287
-3222268.063211,8784,129876.751436
-4019138.902791,8784,129894.413546
-19168708.203896,8784,129912.343616
-15015065.403432,8784,129930.340369
-8358866.257577,8784,129948.235932
-6030977.314337,8784,129966.162134
-8540780.822848,8784,129984.140005
-13473659.971361,8784,130001.808308
-18045470.466545,8784,130019.799587
-2745126.529675,8784,130040.117823
-3349119.963966,8784,130057.867868
-3319984.591238,8784,130075.619773
-3535108.580797,8784,130093.313056
-9621514.728522,8784,130111.209499
-6041378.555446,8784,130128.989874
-24652472.101317,8784,130146.69752
-5191791.26414,8784,130164.499547
-3835522.350197,8784,130182.278646
-5556632.948,8784,130200.078653
-16901189.327964,8784,130217.928135
-7095541.048408,8784,130235.696579
-8012048.692693,8784,130253.523389
-12204417.633042,8784,130271.345488
-4871588.858129,8784,130289.102624
-5424448.35241,8784,130306.822444
-3578305.287678,8784,130324.581299
-6277876.239026,8784,130342.386881
-2434451.66266,8784,130360.147048
-10407564.533849,8784,130377.994022
-6936328.167878,8784,130395.830417
-5554373.385763,8784,130413.392812
-17301832.950468,8784,130431.102669
-6092166.371995,8784,130448.911345
-15674761.785509,8784,130509.742289
-10642365.617721,8784,130527.621029
-9749882.611967,8784,130545.393771
-29661074.886419,8784,130563.257816
-13266299.661723,8784,130581.100694
-11710434.98813,8784,130599.023387
-24797427.880708,8784,130616.949841
-9628995.849929,8784,130634.682724
-7966098.745378,8784,130652.421449
-5106726.762006,8784,130670.155788
-5391597.427598,8784,130687.998219
-8140477.046812,8784,130705.739427
-4862205.748049,8784,130723.546952
-6519893.408743,8784,130741.323621
-12327315.218102,8784,130759.166159
-8202959.901962,8784,130776.786469
-7626735.342149,8784,130794.523368
-3995585.536214,8784,130812.40088
-8119942.251156,8784,130830.167608
-9711591.616881,8784,130847.968291
-15217258.977488,8784,130865.778604
-18823238.243605,8784,130883.557792
-11278875.476212,8784,130901.337188
-14318551.796848,8784,130919.145057
-12641881.402867,8784,130936.924608
-12964324.717463,8784,130954.781895
-11865619.15849,8784,130972.56467
-6123310.674707,8784,130990.390349
-3949142.456076,8784,131008.225793
-14387633.554042,8784,131026.004742
-5065535.959691,8784,131043.579273
-12434821.989931,8784,131061.409636
-15370401.803212,8784,131079.212448
-15584921.308407,8784,131097.051053
-2953839.62953,8784,131114.745754
-10121182.299577,8784,131132.548382
-6560004.56399,8784,131150.389709
-11631851.011042,8784,131168.094465
-7471515.824095,8784,131185.848715
-11045550.962423,8784,131203.685642
-7973872.152581,8784,131221.48669
-10052143.31257,8784,131239.264301
-4029391.989241,8784,131257.035938
-14658800.11845,8784,131274.861019
-13874659.124763,8784,131292.611646
-27046315.374672,8784,131310.325831
-15778185.962804,8784,131328.09971
-3332860.545697,8784,131345.863156
-9336695.888207,8784,131363.63074
-9758171.736443,8784,131381.385134
-4953920.514617,8784,131441.980949
-6954298.749284,8784,131459.762681
-23302581.475276,8784,131477.615229
-6615899.691671,8784,131495.368418
-9583388.840116,8784,131513.111023
-9157857.707513,8784,131531.028891
-18763323.149267,8784,131548.844375
-2530608.605645,8784,131566.467412
-5266853.020709,8784,131584.221019
-3764572.489769,8784,131602.019427
-23168376.800354,8784,131619.914075
-10929873.479872,8784,131637.649775
-6877744.669237,8784,131655.394104
-22351114.174858,8784,131673.207639
-8590229.557483,8784,131691.024022
-8380997.358072,8784,131708.832394
-7338433.014688,8784,131726.618059
-13865421.708173,8784,131744.445586
-7520657.688808,8784,131762.262613
-9073927.465956,8784,131780.022032
-3497992.461179,8784,131797.814482
-5797911.308261,8784,131815.53537
-6538055.626142,8784,131833.118158
-3314173.364454,8784,131850.91018
-22584533.209947,8784,131868.757021
-6974933.82581,8784,131886.587157
-15015491.181948,8784,131904.324798
-4818741.768178,8784,131922.011949
-8496390.631027,8784,131939.701776
-10073266.505817,8784,131957.514434
-8837029.090021,8784,131975.280144
-7431645.832474,8784,131993.075183
-10981989.66079,8784,132010.828326
-12544270.32344,8784,132028.654655
-3300820.658528,8784,132046.413879
-21110434.387093,8784,132064.273034
-8128325.699766,8784,132081.909078
-3399672.187645,8784,132099.543641
-6168339.194201,8784,132117.275668
-10590285.335297,8784,132135.129498
-9644877.280266,8784,132152.964374
-3065962.51241,8784,132170.734603
-4344426.888485,8784,132188.476378
-3184734.232456,8784,132206.180367
-2298602.072451,8784,132223.92471
-4349308.027073,8784,132241.729555
-10500766.228137,8784,132259.626288
-7405197.620636,8784,132277.273479
-9930653.116177,8784,132295.097164
-6886946.273571,8784,132312.89996
-4024556.772092,8784,132373.670847
-11275162.654809,8784,132391.413692
-5071611.01379,8784,132409.225563
-12207443.701054,8784,132427.013719
-6073888.995591,8784,132444.754102
-2052724.552645,8784,132462.305846
-7017809.459249,8784,132480.130948
-13941494.195785,8784,132497.893056
-10631744.683858,8784,132515.718567
-10777886.888381,8784,132533.624485
-9160164.046337,8784,132551.43995
-4584898.700279,8784,132569.200682
-5991841.360438,8784,132586.944264
-10271870.013979,8784,132604.701578
-8085168.265226,8784,132622.383133
-6845671.315067,8784,132640.164053
-9830540.926004,8784,132657.946293
-16547723.999067,8784,132675.773592
-6732442.76955,8784,132693.516036
-6321553.586375,8784,132711.313275
-9284504.185873,8784,132728.867866
-11526527.241489,8784,132746.659231
-6219632.891286,8784,132764.945192
-5581244.981298,8784,132782.778545
-4276965.781054,8784,132800.630149
-18542727.759652,8784,132818.55866
-4522215.687376,8784,132836.381173
-15849235.385147,8784,132854.185369
-10798747.196767,8784,132872.020752
-2300091.508638,8784,132889.882219
-4755697.05779,8784,132907.75939
-13384909.312948,8784,132925.61049
-6773522.195502,8784,132943.445586
-13117189.373539,8784,132961.248839
-5494013.499715,8784,132978.970187
-22431194.591315,8784,132996.850619
-15992406.522074,8784,133014.728191
-9994273.948684,8784,133032.545459
-6796901.935556,8784,133050.451002
-19374267.874182,8784,133068.390654
-7304554.209757,8784,133086.280688
-13101643.364446,8784,133104.150411
-16716542.709448,8784,133122.047059
-19644475.926381,8784,133139.883968
-4840409.36025,8784,133157.740572
-15665058.810955,8784,133175.724549
-11907242.977703,8784,133193.573929
-7041788.689911,8784,133211.408331
-8353647.473095,8784,133229.27922
-9036727.217908,8784,133246.932992
-2642074.728944,8784,133307.614983
-7913593.581416,8784,133325.477293
-18772200.052353,8784,133343.332849
-12331735.098305,8784,133361.24765
-3868400.058998,8784,133379.099708
-2616004.110319,8784,133396.954089
-7596712.56043,8784,133414.842239
-5290713.676531,8784,133432.62342
-5730592.524121,8784,133450.429276
-5265247.361881,8784,133468.217654
-3030611.3359,8784,133486.078093
-3681506.14504,8784,133503.83823
-4820265.182825,8784,133521.67161
-8944475.868999,8784,133539.468596
-25169406.565077,8784,133557.335428
-15672591.667026,8784,133575.255388
-5964343.741153,8784,133593.138199
-13894731.696486,8784,133610.96919
-10028915.344326,8784,133628.780994
-7099968.104325,8784,133646.656152
-7632410.287022,8784,133664.540708
-10725332.765768,8784,133682.3581
-12238945.579202,8784,133700.226731
-4336337.142894,8784,133718.039612
-5613808.231315,8784,133735.858904
-25631612.342202,8784,133753.800246
-5393680.164492,8784,133771.488637
-9805389.602616,8784,133789.290784
-3249300.128326,8784,133807.121218
-2794376.344178,8784,133824.994237
-7158936.799176,8784,133842.885404
-7168657.366481,8784,133860.722464
-9628272.424146,8784,133878.623687
-7588997.001335,8784,133896.603588
-13991921.357182,8784,133914.484934
-20436829.253498,8784,133932.480094
-8606553.270063,8784,133950.639323
-15836480.975116,8784,133968.531433
-18454124.012338,8784,133986.478583
-7404901.464927,8784,134004.324213
-18556782.99188,8784,134022.159884
-18513924.547719,8784,134039.972151
-7887729.689762,8784,134057.907816
-4047281.838794,8784,134075.784661
-8201450.458456,8784,134093.662645
-8162198.341383,8784,134111.562766
-9453020.000738,8784,134129.400427
-6766849.891266,8784,134147.269777
-7232110.187157,8784,134165.131612
-5117169.075878,8784,134183.000113
-17823101.676505,8784,134243.759392
-8446519.239932,8784,134261.622575
-8274764.119437,8784,134279.461483
-12159542.479104,8784,134297.283774
-10209986.509399,8784,134315.234981
-10560656.259315,8784,134333.106692
-7164167.926204,8784,134350.984592
-8895172.947595,8784,134368.872368
-3278509.059704,8784,134386.602536
-12161216.889299,8784,134404.467901
-8784236.212769,8784,134422.380412
-8739858.297196,8784,134440.212699
-5684225.2834,8784,134458.001594
-6842570.749633,8784,134475.806801
-5518992.914551,8784,134493.617068
-5331573.423771,8784,134511.502344
-7401227.740982,8784,134529.360193
-5009143.223637,8784,134547.1884
-19850153.141806,8784,134565.084905
-8281456.199741,8784,134583.001496
-5102406.271971,8784,134600.826718
-7030632.759876,8784,134618.680774
-7217152.80566,8784,134636.491847
-4447534.085591,8784,134654.246202
-11000066.608975,8784,134672.085309
-11844107.138297,8784,134690.00718
-4087040.044765,8784,134707.837044
-12555056.103925,8784,134725.707598
-15588341.14449,8784,134743.555244
-5902494.391745,8784,134761.41786
-4149505.798243,8784,134779.36798
-8070440.616705,8784,134797.195055
-9614443.9565,8784,134815.02191
-13986512.906062,8784,134832.881204
-14221243.699572,8784,134850.768827
-17430281.716007,8784,134868.658388
-6435601.582981,8784,134886.5451
-5558719.349692,8784,134904.250911
-4345701.096774,8784,134922.065504
-7868355.822329,8784,134939.855178
-5762898.620007,8784,134957.707023
-6590943.079677,8784,134975.559799
-9500101.886303,8784,134993.451704
-8171226.246148,8784,135011.322711
-8643685.646293,8784,135029.188068
-17352245.179731,8784,135047.16118
-8376487.492722,8784,135065.03934
-14648382.877314,8784,135082.893516
-10306968.081315,8784,135100.750439
-6769794.287527,8784,135118.619995
-10087987.246052,8784,135179.374199
-5949917.987846,8784,135197.257665
-18062798.965642,8784,135215.154512
-16664196.320754,8784,135233.047693
-3654093.738155,8784,135250.912763
-8664963.585138,8784,135268.748556
-5467848.91564,8784,135286.519899
-5821157.162656,8784,135304.395804
-8102589.46829,8784,135322.223913
-6209195.438501,8784,135340.090917
-10385178.385262,8784,135357.973999
-6348717.023057,8784,135375.889383
-10654470.517493,8784,135393.712752
-8429140.540759,8784,135411.526748
-10310234.797476,8784,135429.14621
-2057433.931682,8784,135447.023278
-7765894.719694,8784,135464.876784
-21182006.402235,8784,135482.708399
-6754747.862119,8784,135500.561309
-7618550.905268,8784,135518.371719
-8301241.748477,8784,135536.360617
-12585758.73772,8784,135554.287732
-4844682.12559,8784,135572.113652
-13366780.299614,8784,135589.955849
-10432662.233703,8784,135607.781632
-19748026.968575,8784,135625.697052
-3452764.960782,8784,135643.535029
-8642928.945585,8784,135661.36708
-7567132.614996,8784,135679.129125
-14307079.627263,8784,135696.947713
-15513673.046889,8784,135714.849942
-22278498.245786,8784,135732.72204
-6738063.336551,8784,135750.517955
-9017764.029109,8784,135768.337867
-25979948.700394,8784,135786.292875
-6017862.231594,8784,135804.086225
-4388298.624613,8784,135821.89609
-16618940.708137,8784,135839.878713
-8239670.061062,8784,135857.755461
-17921793.642427,8784,135875.695051
-17036682.894636,8784,135893.598493
-11853783.360095,8784,135911.573039
-16185863.553001,8784,135929.500929
-10498042.090669,8784,135947.403652
-7122493.233098,8784,135965.312989
-4867019.123517,8784,135983.238119
-11263810.842881,8784,136001.116666
-10269010.529648,8784,136018.928256
-8021798.999438,8784,136036.763674
-10298441.849262,8784,136054.577265
-17201543.926518,8784,136115.470033
-2497706.278961,8784,136133.371907
-8524914.365981,8784,136151.077596
-5767868.188824,8784,136168.910296
-7824160.104059,8784,136186.769746
-4217179.578177,8784,136204.62356
-11418558.922371,8784,136222.439876
-4414902.760347,8784,136240.276276
-6573444.645163,8784,136258.143725
-6235495.757707,8784,136275.994003
-4150530.665345,8784,136293.847035
-7832171.066497,8784,136311.505546
-15986241.097733,8784,136329.498854
-2687476.66088,8784,136347.373145
-7377353.527416,8784,136365.181146
-6556493.787428,8784,136383.044424
-5570295.219454,8784,136400.935708
-6421526.065942,8784,136418.79067
-4266152.815947,8784,136436.596589
-20633876.781093,8784,136454.42399
-3649263.232111,8784,136472.281383
-11460240.512562,8784,136490.138104
-12148131.00392,8784,136508.012654
-4026324.113676,8784,136525.909781
-11521943.635521,8784,136543.808606
-7713665.356209,8784,136561.600628
-4569045.132176,8784,136579.322115
-8767016.091571,8784,136597.217659
-5463544.020207,8784,136615.072273
-11229217.681561,8784,136632.829792
-5019452.872101,8784,136650.712424
-3181011.470674,8784,136668.653474
-13338112.513613,8784,136686.248137
-16563530.625199,8784,136703.80426
-13527189.006194,8784,136721.39684
-7266382.37909,8784,136739.030655
-10201118.025789,8784,136756.709776
-3160459.384236,8784,136774.324114
-14551437.017491,8784,136791.943505
-6261741.330431,8784,136809.634875
-2258203.155507,8784,136827.171367
-11113198.919052,8784,136844.851532
-8697742.294849,8784,136862.449116
-6330783.499784,8784,136880.074288
-13573582.272754,8784,136897.760438
-11943218.564159,8784,136915.676878
-12224353.038932,8784,136933.376301
-14984409.807745,8784,136951.042489
-19297095.311487,8784,136968.658051
-8030174.711483,8784,136986.233682
-11868054.811284,8784,137046.892691
-9421772.197199,8784,137064.484724
-7698284.172029,8784,137082.032949
-6855860.920326,8784,137099.59162
-3565956.064149,8784,137117.198335
-11181886.11905,8784,137134.838514
-15969471.606549,8784,137152.529757
-4638626.20361,8784,137170.197685
-5743424.895403,8784,137187.869779
-17522282.183104,8784,137206.325625
-8659945.72933,8784,137224.012
-7550705.445352,8784,137241.595186
-7628548.993682,8784,137259.164127
-14639074.146771,8784,137276.852828
-8872301.165304,8784,137294.498955
-3844104.079694,8784,137312.15277
-3393885.927357,8784,137329.929128
-4669193.7856,8784,137347.465054
-4711865.318023,8784,137365.049771
-6695657.400363,8784,137382.644182
-9275097.425991,8784,137400.332775
-6423087.266365,8784,137417.987947
-6854090.396451,8784,137435.652819
-10192266.725489,8784,137453.25648
-16323942.591018,8784,137470.834008
-9504256.069238,8784,137488.513348
-3914666.702199,8784,137506.109477
-10558364.995089,8784,137523.693107
-9132642.0916,8784,137541.357984
-11377423.647941,8784,137559.006186
-6220493.593677,8784,137576.702021
-11922398.891047,8784,137594.316458
-12208202.287467,8784,137611.942192
-8695796.038042,8784,137629.608242
-4767384.818962,8784,137647.183586
-8129781.214493,8784,137664.86746
-13512362.802174,8784,137682.549484
-7425461.222294,8784,137700.152048
-8682819.800005,8784,137717.661321
-32371244.479751,8784,137735.346828
-6984388.668392,8784,137753.002341
-10222926.586797,8784,137770.609025
-14811233.011856,8784,137788.264421
-21153820.279386,8784,137806.037719
-11583721.805958,8784,137823.734881
-27137431.684061,8784,137841.687309
-8880145.896588,8784,137859.896938
-11986639.497219,8784,137877.64472
-5569608.861942,8784,137895.415539
-4487355.669213,8784,137913.320264
-10018274.714495,8784,137974.273936
-6142586.53799,8784,137992.023863
-3237717.227212,8784,138009.828882
-17289802.17808,8784,138027.707523
-10606116.123371,8784,138045.546002
-5302235.757491,8784,138063.53638
-6682806.315437,8784,138081.47269
-4184660.267078,8784,138099.158488
-9146576.314962,8784,138117.017236
-6035919.633541,8784,138134.895657
-10532536.775363,8784,138152.660612
-9481714.263476,8784,138170.497666
-8232929.840254,8784,138188.326815
-4719880.235569,8784,138206.228742
-9514126.154033,8784,138223.997135
-6597195.082058,8784,138241.781175
-9670755.966283,8784,138259.591053
-18078285.459467,8784,138277.435554
-9672788.463339,8784,138295.07984
-13676619.117974,8784,138312.978277
-9302546.686829,8784,138330.829284
-3892930.980423,8784,138348.703438
-4172059.945839,8784,138366.547034
-7993342.890522,8784,138384.485302
-6655655.381589,8784,138402.402116
-3265459.869219,8784,138420.207382
-3972875.587883,8784,138437.993848
-5424357.120638,8784,138455.866938
-8812072.712827,8784,138473.583261
-6127433.528033,8784,138491.331284
-7437236.328761,8784,138509.194156
-1825629.103553,8784,138527.018265
-6987643.842484,8784,138544.853161
-19319457.951947,8784,138562.658309
-16782957.449024,8784,138580.539374
-9811516.976361,8784,138598.394416
-13773273.100266,8784,138616.273634
-11317172.724345,8784,138634.279966
-4892444.762138,8784,138652.188569
-7146682.716875,8784,138669.955932
-8738363.695052,8784,138687.824478
-7392786.793603,8784,138705.676349
-9968414.405191,8784,138723.429218
-11304441.998245,8784,138741.286519
-6156461.81521,8784,138759.098373
-8354492.121149,8784,138776.928172
-24201977.628477,8784,138794.775026
-12742268.254182,8784,138812.58091
-7470001.376255,8784,138830.258509
-11305419.119147,8784,138848.239307
-14367616.376492,8784,138909.271914
-17846195.917336,8784,138926.958447
-19955896.721257,8784,138944.81304
-3053102.682512,8784,138962.710169
-9460953.011083,8784,138980.434515
-7855047.495114,8784,138998.280865
-6475540.858196,8784,139015.928076
-3836049.45166,8784,139033.66454
-9633197.786071,8784,139051.405691
-19009906.736646,8784,139069.190764
-4777233.685235,8784,139087.04181
-13707002.658713,8784,139104.927308
-6539300.350368,8784,139122.804873
-11206500.651843,8784,139140.546082
-10037956.89131,8784,139158.383005
-11372094.197288,8784,139176.163848
-9868139.18501,8784,139194.018517
-6016741.720383,8784,139211.945307
-12633896.031619,8784,139229.785645
-14113393.840589,8784,139247.569337
-2439796.678391,8784,139265.425121
-10487858.655753,8784,139283.0245
-16738571.019898,8784,139300.810518
-20139420.560859,8784,139318.740046
-6612312.180014,8784,139336.554469
-7000011.80768,8784,139354.295914
-19938608.677834,8784,139372.175542
-6735573.183091,8784,139390.076905
-5360729.231537,8784,139407.783546
-6014260.68973,8784,139425.773756
-6267771.660969,8784,139443.6834
-5868169.43588,8784,139461.504382
-4106588.520536,8784,139479.097909
-4541781.509755,8784,139496.930032
-5828928.659561,8784,139514.843736
-12142541.918973,8784,139532.694246
-6696552.243708,8784,139550.458395
-9041791.981397,8784,139568.273969
-8043415.566716,8784,139586.065123
-23254584.190023,8784,139603.888698
-10559516.774937,8784,139621.850906
-5092855.374165,8784,139639.658468
-11169834.222109,8784,139657.523425
-15106126.541689,8784,139675.442724
-5188745.625821,8784,139693.123932
-6844825.390473,8784,139710.830778
-11488424.797472,8784,139728.66623
-4954626.253992,8784,139746.540209
-13577960.22393,8784,139764.380467
-7481727.218916,8784,139782.048232
-11591214.53762,8784,139842.992208
-21480671.017752,8784,139860.948677
-5496867.479503,8784,139878.836753
-14888014.792392,8784,139896.501282
-7632618.016398,8784,139914.215812
-8349763.022165,8784,139932.100373
-4301828.182555,8784,139949.866567
-20446472.074235,8784,139967.758472
-18764130.168693,8784,139985.700755
-9981581.965788,8784,140003.385679
-23414924.814663,8784,140021.273027
-13610355.84165,8784,140039.209416
-12032451.966287,8784,140057.082065
-7250261.56325,8784,140074.752491
-7574513.1719,8784,140092.62894
-9140770.783871,8784,140110.629077
-14734000.242709,8784,140128.455582
-16274428.269737,8784,140146.115975
-4586802.684381,8784,140163.885242
-14351409.375287,8784,140181.830532
-7324962.117138,8784,140199.719985
-9505501.632163,8784,140217.476348
-5594610.4606,8784,140235.217127
-23577292.165685,8784,140253.147588
-8317468.686549,8784,140271.022281
-12869975.852705,8784,140288.845002
-4877696.781753,8784,140306.793145
-4062361.80922,8784,140324.712941
-9420512.637616,8784,140342.56503
-7202673.54327,8784,140360.278345
-7630100.923407,8784,140378.079219
-5450084.164916,8784,140395.84716
-11937637.383826,8784,140413.702227
-3497432.508792,8784,140431.517199
-7221207.977245,8784,140449.364905
-12877403.535111,8784,140467.150476
-2795955.479172,8784,140484.774915
-9536919.452457,8784,140502.646398
-12130073.837862,8784,140520.559623
-7944063.849731,8784,140538.284074
-8011359.295169,8784,140556.182181
-13163618.323512,8784,140574.265726
-15197880.314493,8784,140592.178507
-2751139.743858,8784,140610.002177
-4722149.264575,8784,140627.908563
-8402140.35008,8784,140645.844928
-10630823.582559,8784,140663.754508
-7588018.492928,8784,140681.485852
-9838077.905054,8784,140699.376982
-6357987.54872,8784,140717.236142
-13343475.326167,8784,140778.346423
-6993269.401382,8784,140796.225687
-4966400.809249,8784,140814.089315
-10176626.476976,8784,140832.036362
-12160782.166263,8784,140849.944323
-3263511.294355,8784,140867.87862
-12982988.03606,8784,140885.843319
-9217224.084161,8784,140903.770721
-6817420.38043,8784,140921.763923
-10841481.037687,8784,140939.557655
-9127175.94236,8784,140957.320171
-14581548.41034,8784,140975.254084
-5312558.181995,8784,140993.210318
-17399764.628915,8784,141011.158407
-9334771.346633,8784,141029.115347
-6617045.67374,8784,141047.028243
-7366535.717705,8784,141064.937801
-6425512.978134,8784,141082.840752
-6532008.07765,8784,141100.79793
-15862838.045686,8784,141118.848897
-14983442.88026,8784,141136.804514
-9428181.373961,8784,141154.730127
-7203627.741745,8784,141172.682703
-19394980.27799,8784,141190.700823
-5739064.563869,8784,141208.604904
-11392839.973325,8784,141226.543802
-8299433.988784,8784,141244.475204
-11626358.867655,8784,141262.385165
-11599454.544395,8784,141280.266913
-2649988.656006,8784,141298.046075
-7911539.923177,8784,141315.808008
-9300404.168098,8784,141333.737259
-3278160.821314,8784,141351.604449
-10162792.222311,8784,141369.492822
-4970006.78472,8784,141387.374172
-8245976.500027,8784,141405.331527
-7429853.205256,8784,141423.213545
-9038667.797949,8784,141441.143135
-10561472.083416,8784,141459.073632
-13810828.366173,8784,141477.004461
-15439270.152891,8784,141494.927811
-19608939.619007,8784,141512.936331
-9631342.971149,8784,141530.862333
-10221328.025353,8784,141548.818947
-10522689.471476,8784,141566.918401
-12973200.174487,8784,141584.791538
-15544782.02047,8784,141602.711632
-11618133.255588,8784,141620.554135
-12938926.905838,8784,141638.386997
-3602250.093826,8784,141656.310223
-8946372.868037,8784,141717.348032
-4544940.536944,8784,141735.219672
-11728929.586527,8784,141753.599681
-9702958.294888,8784,141771.402287
-8753392.071552,8784,141789.205801
-9871931.055795,8784,141807.030295
-4636622.958532,8784,141824.831084
-4308817.70452,8784,141842.469791
-7010036.720265,8784,141860.336644
-10675811.864013,8784,141878.949347
-5878295.128882,8784,141896.759321
-14240257.566349,8784,141914.595278
-12555608.960355,8784,141932.426481
-14935335.063008,8784,141950.323533
-19524183.71764,8784,141968.072163
-7355110.001355,8784,141985.876215
-5411886.066479,8784,142003.70141
-4006627.242414,8784,142021.452895
-5875422.658461,8784,142039.224436
-5984465.651238,8784,142057.036212
-4839056.968017,8784,142074.87516
-3954209.852376,8784,142092.53405
-6848489.692463,8784,142110.255469
-9108945.627769,8784,142128.094989
-10598926.777862,8784,142145.986875
-4484732.843656,8784,142163.786149
-6745115.674351,8784,142181.575253
-14405479.253411,8784,142199.474857
-5900505.390038,8784,142217.247154
-7703561.347681,8784,142235.053916
-7105684.078752,8784,142252.923559
-5202713.572425,8784,142270.764182
-22142584.317949,8784,142288.560556
-2221452.730999,8784,142306.239402
-11037267.829951,8784,142324.133947
-12023132.807411,8784,142342.035213
-6575598.613624,8784,142359.673271
-6345964.877031,8784,142377.443661
-4958895.181898,8784,142395.232673
-21861045.741606,8784,142413.131562
-9488990.039155,8784,142431.008168
-2021261.054165,8784,142448.836447
-9811482.591153,8784,142466.665778
-10836766.673983,8784,142484.459843
-7069482.863522,8784,142502.234148
-9854317.75676,8784,142520.060887
-10687929.901279,8784,142537.902934
-8133963.453208,8784,142555.684496
-7913966.924163,8784,142573.510919
-18090159.988253,8784,142591.371314
-4753563.989255,8784,142652.096529
-6916383.353983,8784,142669.948676
-9153309.78327,8784,142687.809883
-4868578.749456,8784,142705.599502
-6476287.117428,8784,142723.386184
-6260277.460557,8784,142741.221063
-7077193.4405,8784,142759.02502
-8077629.011833,8784,142776.890211
-7348997.172853,8784,142794.754994
-5865770.985568,8784,142812.556056
-16695987.589911,8784,142830.358844
-5799839.553368,8784,142848.134153
-4164001.691779,8784,142865.957257
-27171059.825041,8784,142883.646441
-5365947.906056,8784,142901.399207
-10452125.376297,8784,142919.303561
-3584260.449806,8784,142937.158134
-3154872.985014,8784,142954.962187
-8825823.004516,8784,142972.716635
-6404789.699132,8784,142990.56393
-6019094.234446,8784,143008.418936
-16880654.257315,8784,143026.246941
-2895288.938169,8784,143044.011154
-3207559.837131,8784,143061.834548
-12826904.608585,8784,143079.751421
-4206689.490542,8784,143097.59204
-19097313.018,8784,143115.498397
-8136221.769665,8784,143133.280604
-7883219.887522,8784,143151.057713
-24941387.287344,8784,143168.908909
-7376525.548196,8784,143186.784234
-18276598.892456,8784,143204.68832
-11978841.189611,8784,143222.549949
-8568974.140468,8784,143240.425286
-13280869.017277,8784,143258.053967
-18002142.850936,8784,143275.991776
-24451420.046243,8784,143293.874165
-3257872.427498,8784,143311.673082
-3053559.841372,8784,143329.522153
-17244982.204143,8784,143347.434347
-4788577.743279,8784,143365.309584
-10984932.349291,8784,143383.122926
-5084536.89668,8784,143400.902032
-9752598.110332,8784,143418.699101
-7889770.661611,8784,143436.482702
-4809756.493649,8784,143454.243073
-10237413.17965,8784,143472.081476
-6620355.605844,8784,143489.887599
-20312936.637552,8784,143507.610861
-25628615.236143,8784,143525.442528
